<?xml version="1.0" encoding="UTF-8"?>
<SignallingRules xmlns:xsi="http://www.w3.org/2001/XMLSchema-instance"
                 xmlns:sys="http://www.systerel.fr/Alstom/IDP"
                 Project="CCL"
                 Generation_Date="XXXX-XX-XX"
                 xsi:noNamespaceSchemaLocation="SigRules.xsd">
   <Versions>
         <Version Name="ICONIS_IDP#SyAD_Configuration-CCL"
               Value="830F-ATS-0895_1E &amp; 830F-ATS-0402-1G"/>
         <Version Name="ICONIS_IDP#Product_Version" Value="SW_IDP_CCL_1.6.6"/>
         <Version Name="Project#System_Database_Version" Value="1.0.0"/>
         <Version Name="Project#ATS_Parameter_Version" Value=""/>
      </Versions>
   <Equipment name="S0215" type="Signal" flavor="Detection" CommandTimeOut="" AlarmTimeout="">
      <States>
         <Equation>S_STOP[0]::S0215_OFF == 0</Equation>
         <Equation>S_PERMISSIVE[1]::S0215_OFF == 1</Equation>
      </States>
   </Equipment>
   <Equipment name="S0215" type="Signal" flavor="ALS" CommandTimeOut="" AlarmTimeout="">
      <States>
         <Equation>S_APPROACH_FREE[1]::ALS0215 == 1</Equation>
         <Equation>S_APPROACH_LOCKED[2]::ALS0215 == 0</Equation>
         <Equation>NOEVENT[0]::1 == 1</Equation>
      </States>
   </Equipment>
   <Equipment name="S0215" type="Signal" flavor="HMI" CommandTimeOut="" AlarmTimeout="">
      <States>
         <Equation>1::S0215_OFF == 1 &amp;&amp; ALS0215 ==1</Equation>
         <Equation>2::S0215_OFF == 0 &amp;&amp; ALS0215 ==1</Equation>
         <Equation>3::S0215_OFF == 0 &amp;&amp; ALS0215 == 0</Equation>
         <Equation>4::S0215_OFF == 1 &amp;&amp; ALS0215 == 0</Equation>
         <Equation>0::1==1</Equation>
      </States>
   </Equipment>
   <Equipment name="S0215" type="Signal" flavor="Blocking" CommandTimeOut="" AlarmTimeout="">
      <States>
         <Equation>S_NOTBLOCKING[1]::MSC0215 == 1</Equation>
         <Equation>S_BLOCKING[2]::MSC0215 == 0</Equation>
      </States>
      <Requisites>
         <Equation>PREP_SBC0215[PREP_SBC]::PREP_SBC02==0</Equation>
         <Equation>PREP_SUC0215[PREP_SUC]::PREP_SUC02==0</Equation>
         <Equation>CONF_SBC0215[CONF_SBC]::1</Equation>
         <Equation>CONF_SUC0215[CONF_SUC]::1</Equation>
      </Requisites>
      <CommandResults>
         <Equation>PREP_SBC0215[PREP_SBC_RES]::PREP_SBC02==1</Equation>
         <Equation>PREP_SUC0215[PREP_SUC_RES]::PREP_SUC02==1</Equation>
         <Equation>CONF_SBC0215[CONF_SBC_RES]::MSC0215== 0</Equation>
         <Equation>CONF_SUC0215[CONF_SUC_RES]::MSC0215== 1</Equation>
      </CommandResults>
   </Equipment>
   <Equipment name="S0215" type="Signal" flavor="Automatic" CommandTimeOut="" AlarmTimeout="">
      <States>
         <Equation>1::RL0215_0201_D==0</Equation>
         <Equation>2::S_SEL0215 == 1 &amp;&amp; RL0215_0201_D==0</Equation>
         <Equation>3::RL0215_0201_D==1</Equation>
      </States>
   </Equipment>
   <Equipment name="S0215" type="Signal" flavor="Release" CommandTimeOut="" AlarmTimeout="">
      <States>
         <Equation>1::S_REL0215 == 0 &amp;&amp; (RL0215_0201_D==0)</Equation>
         <Equation>2::S_REL0215 == 0 &amp;&amp; (RL0215_0201_D==1)</Equation>
         <Equation>3::S_REL0215 == 1 &amp;&amp; (RL0215_0201_D==1)</Equation>
      </States>
   </Equipment>
   <Equipment name="S0215" type="Signal" flavor="Lamp" CommandTimeOut="" AlarmTimeout="">
      <States>
         <Equation>1::SPLS0215 == 0</Equation>
         <Equation>2::SPLS0215 == 1</Equation>
      </States>
      <StateAlarms>
         <Equation>S_RED_FAILURE[1]::SPLS0215==0 &amp;&amp; S0215_OFF==0</Equation>
         <Equation>S_WHITE_FAILURE[2]::SPLS0215==0 &amp;&amp; S0215_OFF==1</Equation>
      </StateAlarms>
   </Equipment>
   <Equipment name="S0215" type="Signal" flavor="Detection" CommandTimeOut="" AlarmTimeout="">
      <States>
         <Equation>S_STOP[0]::S0215_OFF == 0</Equation>
         <Equation>S_PERMISSIVE[1]::S0215_OFF == 1</Equation>
      </States>
   </Equipment>
   <Equipment name="S0215" type="Signal" flavor="HMI" CommandTimeOut="" AlarmTimeout="">
      <States>
         <Equation>NOEVENT[0]:: 1==1</Equation>
      </States>
   </Equipment>
   <Equipment name="S0216" type="Signal" flavor="Detection" CommandTimeOut="" AlarmTimeout="">
      <States>
         <Equation>S_STOP[0]::S0216_OFF == 0</Equation>
         <Equation>S_PERMISSIVE[1]::S0216_OFF == 1</Equation>
      </States>
   </Equipment>
   <Equipment name="S0216" type="Signal" flavor="ALS" CommandTimeOut="" AlarmTimeout="">
      <States>
         <Equation>S_APPROACH_FREE[1]::ALS0216 == 1</Equation>
         <Equation>S_APPROACH_LOCKED[2]::ALS0216 == 0</Equation>
         <Equation>NOEVENT[0]::1 == 1</Equation>
      </States>
   </Equipment>
   <Equipment name="S0216" type="Signal" flavor="HMI" CommandTimeOut="" AlarmTimeout="">
      <States>
         <Equation>1::S0216_OFF == 1 &amp;&amp; ALS0216 ==1</Equation>
         <Equation>2::S0216_OFF == 0 &amp;&amp; ALS0216 ==1</Equation>
         <Equation>3::S0216_OFF == 0 &amp;&amp; ALS0216 == 0</Equation>
         <Equation>4::S0216_OFF == 1 &amp;&amp; ALS0216 == 0</Equation>
         <Equation>0::1==1</Equation>
      </States>
   </Equipment>
   <Equipment name="S0216" type="Signal" flavor="Blocking" CommandTimeOut="" AlarmTimeout="">
      <States>
         <Equation>S_NOTBLOCKING[1]::MSC0216 == 1</Equation>
         <Equation>S_BLOCKING[2]::MSC0216 == 0</Equation>
      </States>
      <Requisites>
         <Equation>PREP_SBC0216[PREP_SBC]::PREP_SBC02==0</Equation>
         <Equation>PREP_SUC0216[PREP_SUC]::PREP_SUC02==0</Equation>
         <Equation>CONF_SBC0216[CONF_SBC]::1</Equation>
         <Equation>CONF_SUC0216[CONF_SUC]::1</Equation>
      </Requisites>
      <CommandResults>
         <Equation>PREP_SBC0216[PREP_SBC_RES]::PREP_SBC02==1</Equation>
         <Equation>PREP_SUC0216[PREP_SUC_RES]::PREP_SUC02==1</Equation>
         <Equation>CONF_SBC0216[CONF_SBC_RES]::MSC0216== 0</Equation>
         <Equation>CONF_SUC0216[CONF_SUC_RES]::MSC0216== 1</Equation>
      </CommandResults>
   </Equipment>
   <Equipment name="S0216" type="Signal" flavor="Automatic" CommandTimeOut="" AlarmTimeout="">
      <States>
         <Equation>1::RL0216_0114_D==0 &amp;&amp; RL0216_1516_D==0</Equation>
         <Equation>2::S_SEL0216 == 1 &amp;&amp; RL0216_0114_D==0 &amp;&amp; RL0216_1516_D==0</Equation>
         <Equation>3::RL0216_0114_D==1 || RL0216_1516_D==1</Equation>
      </States>
   </Equipment>
   <Equipment name="S0216" type="Signal" flavor="Release" CommandTimeOut="" AlarmTimeout="">
      <States>
         <Equation>1::S_REL0216 == 0 &amp;&amp; (RL0216_0114_D==0 &amp;&amp; RL0216_1516_D==0)</Equation>
         <Equation>2::S_REL0216 == 0 &amp;&amp; (RL0216_0114_D==1 || RL0216_1516_D==1)</Equation>
         <Equation>3::S_REL0216 == 1 &amp;&amp; (RL0216_0114_D==1 || RL0216_1516_D==1)</Equation>
      </States>
   </Equipment>
   <Equipment name="S0216" type="Signal" flavor="Lamp" CommandTimeOut="" AlarmTimeout="">
      <States>
         <Equation>1::SPLS0216 == 0</Equation>
         <Equation>2::SPLS0216 == 1</Equation>
      </States>
      <StateAlarms>
         <Equation>S_RED_FAILURE[1]::SPLS0216==0 &amp;&amp; S0216_OFF==0</Equation>
         <Equation>S_WHITE_FAILURE[2]::SPLS0216==0 &amp;&amp; S0216_OFF==1</Equation>
      </StateAlarms>
   </Equipment>
   <Equipment name="S0216" type="Signal" flavor="Detection" CommandTimeOut="" AlarmTimeout="">
      <States>
         <Equation>S_STOP[0]::S0216_OFF == 0</Equation>
         <Equation>S_PERMISSIVE[1]::S0216_OFF == 1</Equation>
      </States>
   </Equipment>
   <Equipment name="S0216" type="Signal" flavor="HMI" CommandTimeOut="" AlarmTimeout="">
      <States>
         <Equation>NOEVENT[0]:: 1==1</Equation>
      </States>
   </Equipment>
   <Equipment name="S0202" type="Signal" flavor="Detection" CommandTimeOut="" AlarmTimeout="">
      <States>
         <Equation>S_STOP[0]::S0202_OFF == 0</Equation>
         <Equation>S_PERMISSIVE[1]::S0202_OFF == 1</Equation>
      </States>
   </Equipment>
   <Equipment name="S0202" type="Signal" flavor="ALS" CommandTimeOut="" AlarmTimeout="">
      <States>
         <Equation>S_APPROACH_FREE[1]::ALS0202 == 1</Equation>
         <Equation>S_APPROACH_LOCKED[2]::ALS0202 == 0</Equation>
         <Equation>NOEVENT[0]::1 == 1</Equation>
      </States>
   </Equipment>
   <Equipment name="S0202" type="Signal" flavor="HMI" CommandTimeOut="" AlarmTimeout="">
      <States>
         <Equation>1::S0202_OFF == 1 &amp;&amp; ALS0202 ==1</Equation>
         <Equation>2::S0202_OFF == 0 &amp;&amp; ALS0202 ==1</Equation>
         <Equation>3::S0202_OFF == 0 &amp;&amp; ALS0202 == 0</Equation>
         <Equation>4::S0202_OFF == 1 &amp;&amp; ALS0202 == 0</Equation>
         <Equation>0::1==1</Equation>
      </States>
   </Equipment>
   <Equipment name="S0202" type="Signal" flavor="Blocking" CommandTimeOut="" AlarmTimeout="">
      <States>
         <Equation>S_NOTBLOCKING[1]::MSC0202 == 1</Equation>
         <Equation>S_BLOCKING[2]::MSC0202 == 0</Equation>
      </States>
      <Requisites>
         <Equation>PREP_SBC0202[PREP_SBC]::PREP_SBC02==0</Equation>
         <Equation>PREP_SUC0202[PREP_SUC]::PREP_SUC02==0</Equation>
         <Equation>CONF_SBC0202[CONF_SBC]::1</Equation>
         <Equation>CONF_SUC0202[CONF_SUC]::1</Equation>
      </Requisites>
      <CommandResults>
         <Equation>PREP_SBC0202[PREP_SBC_RES]::PREP_SBC02==1</Equation>
         <Equation>PREP_SUC0202[PREP_SUC_RES]::PREP_SUC02==1</Equation>
         <Equation>CONF_SBC0202[CONF_SBC_RES]::MSC0202== 0</Equation>
         <Equation>CONF_SUC0202[CONF_SUC_RES]::MSC0202== 1</Equation>
      </CommandResults>
   </Equipment>
   <Equipment name="S0202" type="Signal" flavor="Automatic" CommandTimeOut="" AlarmTimeout="">
      <States>
         <Equation>1::RL0202_0216_D==0</Equation>
         <Equation>2::S_SEL0202 == 1 &amp;&amp; RL0202_0216_D==0</Equation>
         <Equation>3::RL0202_0216_D==1</Equation>
      </States>
   </Equipment>
   <Equipment name="S0202" type="Signal" flavor="Release" CommandTimeOut="" AlarmTimeout="">
      <States>
         <Equation>1::S_REL0202 == 0 &amp;&amp; (RL0202_0216_D==0)</Equation>
         <Equation>2::S_REL0202 == 0 &amp;&amp; (RL0202_0216_D==1)</Equation>
         <Equation>3::S_REL0202 == 1 &amp;&amp; (RL0202_0216_D==1)</Equation>
      </States>
   </Equipment>
   <Equipment name="S0202" type="Signal" flavor="Lamp" CommandTimeOut="" AlarmTimeout="">
      <States>
         <Equation>1::SPLS0202 == 0</Equation>
         <Equation>2::SPLS0202 == 1</Equation>
      </States>
      <StateAlarms>
         <Equation>S_RED_FAILURE[1]::SPLS0202==0 &amp;&amp; S0202_OFF==0</Equation>
         <Equation>S_WHITE_FAILURE[2]::SPLS0202==0 &amp;&amp; S0202_OFF==1</Equation>
      </StateAlarms>
   </Equipment>
   <Equipment name="S0202" type="Signal" flavor="Detection" CommandTimeOut="" AlarmTimeout="">
      <States>
         <Equation>S_STOP[0]::S0202_OFF == 0</Equation>
         <Equation>S_PERMISSIVE[1]::S0202_OFF == 1</Equation>
      </States>
   </Equipment>
   <Equipment name="S0202" type="Signal" flavor="HMI" CommandTimeOut="" AlarmTimeout="">
      <States>
         <Equation>NOEVENT[0]:: 1==1</Equation>
      </States>
   </Equipment>
   <Equipment name="S0208" type="Signal" flavor="Detection" CommandTimeOut="" AlarmTimeout="">
      <States>
         <Equation>S_STOP[0]::S0208_OFF == 0</Equation>
         <Equation>S_PERMISSIVE[1]::S0208_OFF == 1</Equation>
      </States>
   </Equipment>
   <Equipment name="S0208" type="Signal" flavor="ALS" CommandTimeOut="" AlarmTimeout="">
      <States>
         <Equation>S_APPROACH_FREE[1]::ALS0208 == 1</Equation>
         <Equation>S_APPROACH_LOCKED[2]::ALS0208 == 0</Equation>
         <Equation>NOEVENT[0]::1 == 1</Equation>
      </States>
   </Equipment>
   <Equipment name="S0208" type="Signal" flavor="HMI" CommandTimeOut="" AlarmTimeout="">
      <States>
         <Equation>1::S0208_OFF == 1 &amp;&amp; ALS0208 ==1</Equation>
         <Equation>2::S0208_OFF == 0 &amp;&amp; ALS0208 ==1</Equation>
         <Equation>3::S0208_OFF == 0 &amp;&amp; ALS0208 == 0</Equation>
         <Equation>4::S0208_OFF == 1 &amp;&amp; ALS0208 == 0</Equation>
         <Equation>0::1==1</Equation>
      </States>
   </Equipment>
   <Equipment name="S0208" type="Signal" flavor="Blocking" CommandTimeOut="" AlarmTimeout="">
      <States>
         <Equation>S_NOTBLOCKING[1]::MSC0208 == 1</Equation>
         <Equation>S_BLOCKING[2]::MSC0208 == 0</Equation>
      </States>
      <Requisites>
         <Equation>PREP_SBC0208[PREP_SBC]::PREP_SBC02==0</Equation>
         <Equation>PREP_SUC0208[PREP_SUC]::PREP_SUC02==0</Equation>
         <Equation>CONF_SBC0208[CONF_SBC]::1</Equation>
         <Equation>CONF_SUC0208[CONF_SUC]::1</Equation>
      </Requisites>
      <CommandResults>
         <Equation>PREP_SBC0208[PREP_SBC_RES]::PREP_SBC02==1</Equation>
         <Equation>PREP_SUC0208[PREP_SUC_RES]::PREP_SUC02==1</Equation>
         <Equation>CONF_SBC0208[CONF_SBC_RES]::MSC0208== 0</Equation>
         <Equation>CONF_SUC0208[CONF_SUC_RES]::MSC0208== 1</Equation>
      </CommandResults>
   </Equipment>
   <Equipment name="S0208" type="Signal" flavor="Automatic" CommandTimeOut="" AlarmTimeout="">
      <States>
         <Equation>1::RL0208_0202_D==0</Equation>
         <Equation>2::S_SEL0208 == 1 &amp;&amp; RL0208_0202_D==0</Equation>
         <Equation>3::RL0208_0202_D==1</Equation>
      </States>
   </Equipment>
   <Equipment name="S0208" type="Signal" flavor="Release" CommandTimeOut="" AlarmTimeout="">
      <States>
         <Equation>1::S_REL0208 == 0 &amp;&amp; (RL0208_0202_D==0)</Equation>
         <Equation>2::S_REL0208 == 0 &amp;&amp; (RL0208_0202_D==1)</Equation>
         <Equation>3::S_REL0208 == 1 &amp;&amp; (RL0208_0202_D==1)</Equation>
      </States>
   </Equipment>
   <Equipment name="S0208" type="Signal" flavor="Lamp" CommandTimeOut="" AlarmTimeout="">
      <States>
         <Equation>1::SPLS0208 == 0</Equation>
         <Equation>2::SPLS0208 == 1</Equation>
      </States>
      <StateAlarms>
         <Equation>S_RED_FAILURE[1]::SPLS0208==0 &amp;&amp; S0208_OFF==0</Equation>
         <Equation>S_WHITE_FAILURE[2]::SPLS0208==0 &amp;&amp; S0208_OFF==1</Equation>
      </StateAlarms>
   </Equipment>
   <Equipment name="S0208" type="Signal" flavor="Detection" CommandTimeOut="" AlarmTimeout="">
      <States>
         <Equation>S_STOP[0]::S0208_OFF == 0</Equation>
         <Equation>S_PERMISSIVE[1]::S0208_OFF == 1</Equation>
      </States>
   </Equipment>
   <Equipment name="S0208" type="Signal" flavor="HMI" CommandTimeOut="" AlarmTimeout="">
      <States>
         <Equation>NOEVENT[0]:: 1==1</Equation>
      </States>
   </Equipment>
   <Equipment name="S0217" type="Signal" flavor="Detection" CommandTimeOut="" AlarmTimeout="">
      <States>
         <Equation>S_STOP[0]::S0217_OFF == 0</Equation>
         <Equation>S_PERMISSIVE[1]::S0217_OFF == 1</Equation>
      </States>
   </Equipment>
   <Equipment name="S0217" type="Signal" flavor="ALS" CommandTimeOut="" AlarmTimeout="">
      <States>
         <Equation>S_APPROACH_FREE[1]::ALS0217 == 1</Equation>
         <Equation>S_APPROACH_LOCKED[2]::ALS0217 == 0</Equation>
         <Equation>NOEVENT[0]::1 == 1</Equation>
      </States>
   </Equipment>
   <Equipment name="S0217" type="Signal" flavor="HMI" CommandTimeOut="" AlarmTimeout="">
      <States>
         <Equation>1::S0217_OFF == 1 &amp;&amp; ALS0217 ==1</Equation>
         <Equation>2::S0217_OFF == 0 &amp;&amp; ALS0217 ==1</Equation>
         <Equation>3::S0217_OFF == 0 &amp;&amp; ALS0217 == 0</Equation>
         <Equation>4::S0217_OFF == 1 &amp;&amp; ALS0217 == 0</Equation>
         <Equation>0::1==1</Equation>
      </States>
   </Equipment>
   <Equipment name="S0217" type="Signal" flavor="Blocking" CommandTimeOut="" AlarmTimeout="">
      <States>
         <Equation>S_NOTBLOCKING[1]::MSC0217 == 1</Equation>
         <Equation>S_BLOCKING[2]::MSC0217 == 0</Equation>
      </States>
      <Requisites>
         <Equation>PREP_SBC0217[PREP_SBC]::PREP_SBC02==0</Equation>
         <Equation>PREP_SUC0217[PREP_SUC]::PREP_SUC02==0</Equation>
         <Equation>CONF_SBC0217[CONF_SBC]::1</Equation>
         <Equation>CONF_SUC0217[CONF_SUC]::1</Equation>
      </Requisites>
      <CommandResults>
         <Equation>PREP_SBC0217[PREP_SBC_RES]::PREP_SBC02==1</Equation>
         <Equation>PREP_SUC0217[PREP_SUC_RES]::PREP_SUC02==1</Equation>
         <Equation>CONF_SBC0217[CONF_SBC_RES]::MSC0217== 0</Equation>
         <Equation>CONF_SUC0217[CONF_SUC_RES]::MSC0217== 1</Equation>
      </CommandResults>
   </Equipment>
   <Equipment name="S0217" type="Signal" flavor="Automatic" CommandTimeOut="" AlarmTimeout="">
      <States>
         <Equation>1::RL0217_0203_D==0</Equation>
         <Equation>2::S_SEL0217 == 1 &amp;&amp; RL0217_0203_D==0</Equation>
         <Equation>3::RL0217_0203_D==1</Equation>
      </States>
   </Equipment>
   <Equipment name="S0217" type="Signal" flavor="Release" CommandTimeOut="" AlarmTimeout="">
      <States>
         <Equation>1::S_REL0217 == 0 &amp;&amp; (RL0217_0203_D==0)</Equation>
         <Equation>2::S_REL0217 == 0 &amp;&amp; (RL0217_0203_D==1)</Equation>
         <Equation>3::S_REL0217 == 1 &amp;&amp; (RL0217_0203_D==1)</Equation>
      </States>
   </Equipment>
   <Equipment name="S0217" type="Signal" flavor="Lamp" CommandTimeOut="" AlarmTimeout="">
      <States>
         <Equation>1::SPLS0217 == 0</Equation>
         <Equation>2::SPLS0217 == 1</Equation>
      </States>
      <StateAlarms>
         <Equation>S_RED_FAILURE[1]::SPLS0217==0 &amp;&amp; S0217_OFF==0</Equation>
         <Equation>S_WHITE_FAILURE[2]::SPLS0217==0 &amp;&amp; S0217_OFF==1</Equation>
      </StateAlarms>
   </Equipment>
   <Equipment name="S0217" type="Signal" flavor="Detection" CommandTimeOut="" AlarmTimeout="">
      <States>
         <Equation>S_STOP[0]::S0217_OFF == 0</Equation>
         <Equation>S_PERMISSIVE[1]::S0217_OFF == 1</Equation>
      </States>
   </Equipment>
   <Equipment name="S0217" type="Signal" flavor="HMI" CommandTimeOut="" AlarmTimeout="">
      <States>
         <Equation>NOEVENT[0]:: 1==1</Equation>
      </States>
   </Equipment>
   <Equipment name="S0214" type="Signal" flavor="Detection" CommandTimeOut="" AlarmTimeout="">
      <States>
         <Equation>S_STOP[0]::S0214_OFF == 0</Equation>
         <Equation>S_PERMISSIVE[1]::S0214_OFF == 1</Equation>
      </States>
   </Equipment>
   <Equipment name="S0214" type="Signal" flavor="ALS" CommandTimeOut="" AlarmTimeout="">
      <States>
         <Equation>S_APPROACH_FREE[1]::ALS0214 == 1</Equation>
         <Equation>S_APPROACH_LOCKED[2]::ALS0214 == 0</Equation>
         <Equation>NOEVENT[0]::1 == 1</Equation>
      </States>
   </Equipment>
   <Equipment name="S0214" type="Signal" flavor="HMI" CommandTimeOut="" AlarmTimeout="">
      <States>
         <Equation>1::S0214_OFF == 1 &amp;&amp; ALS0214 ==1</Equation>
         <Equation>2::S0214_OFF == 0 &amp;&amp; ALS0214 ==1</Equation>
         <Equation>3::S0214_OFF == 0 &amp;&amp; ALS0214 == 0</Equation>
         <Equation>4::S0214_OFF == 1 &amp;&amp; ALS0214 == 0</Equation>
         <Equation>0::1==1</Equation>
      </States>
   </Equipment>
   <Equipment name="S0214" type="Signal" flavor="Blocking" CommandTimeOut="" AlarmTimeout="">
      <States>
         <Equation>S_NOTBLOCKING[1]::MSC0214 == 1</Equation>
         <Equation>S_BLOCKING[2]::MSC0214 == 0</Equation>
      </States>
      <Requisites>
         <Equation>PREP_SBC0214[PREP_SBC]::PREP_SBC02==0</Equation>
         <Equation>PREP_SUC0214[PREP_SUC]::PREP_SUC02==0</Equation>
         <Equation>CONF_SBC0214[CONF_SBC]::1</Equation>
         <Equation>CONF_SUC0214[CONF_SUC]::1</Equation>
      </Requisites>
      <CommandResults>
         <Equation>PREP_SBC0214[PREP_SBC_RES]::PREP_SBC02==1</Equation>
         <Equation>PREP_SUC0214[PREP_SUC_RES]::PREP_SUC02==1</Equation>
         <Equation>CONF_SBC0214[CONF_SBC_RES]::MSC0214== 0</Equation>
         <Equation>CONF_SUC0214[CONF_SUC_RES]::MSC0214== 1</Equation>
      </CommandResults>
   </Equipment>
   <Equipment name="S0214" type="Signal" flavor="Automatic" CommandTimeOut="" AlarmTimeout="">
      <States>
         <Equation>1::RL0214_0110_D==0 &amp;&amp; RL0214_1514_D==0</Equation>
         <Equation>2::S_SEL0214 == 1 &amp;&amp; RL0214_0110_D==0 &amp;&amp; RL0214_1514_D==0</Equation>
         <Equation>3::RL0214_0110_D==1 || RL0214_1514_D==1</Equation>
      </States>
   </Equipment>
   <Equipment name="S0214" type="Signal" flavor="Release" CommandTimeOut="" AlarmTimeout="">
      <States>
         <Equation>1::S_REL0214 == 0 &amp;&amp; (RL0214_0110_D==0 &amp;&amp; RL0214_1514_D==0)</Equation>
         <Equation>2::S_REL0214 == 0 &amp;&amp; (RL0214_0110_D==1 || RL0214_1514_D==1)</Equation>
         <Equation>3::S_REL0214 == 1 &amp;&amp; (RL0214_0110_D==1 || RL0214_1514_D==1)</Equation>
      </States>
   </Equipment>
   <Equipment name="S0214" type="Signal" flavor="Lamp" CommandTimeOut="" AlarmTimeout="">
      <States>
         <Equation>1::SPLS0214 == 0</Equation>
         <Equation>2::SPLS0214 == 1</Equation>
      </States>
      <StateAlarms>
         <Equation>S_RED_FAILURE[1]::SPLS0214==0 &amp;&amp; S0214_OFF==0</Equation>
         <Equation>S_WHITE_FAILURE[2]::SPLS0214==0 &amp;&amp; S0214_OFF==1</Equation>
      </StateAlarms>
   </Equipment>
   <Equipment name="S0214" type="Signal" flavor="Detection" CommandTimeOut="" AlarmTimeout="">
      <States>
         <Equation>S_STOP[0]::S0214_OFF == 0</Equation>
         <Equation>S_PERMISSIVE[1]::S0214_OFF == 1</Equation>
      </States>
   </Equipment>
   <Equipment name="S0214" type="Signal" flavor="HMI" CommandTimeOut="" AlarmTimeout="">
      <States>
         <Equation>NOEVENT[0]:: 1==1</Equation>
      </States>
   </Equipment>
   <Equipment name="S0200" type="Signal" flavor="Detection" CommandTimeOut="" AlarmTimeout="">
      <States>
         <Equation>S_STOP[0]::S0200_OFF == 0</Equation>
         <Equation>S_PERMISSIVE[1]::S0200_OFF == 1</Equation>
      </States>
   </Equipment>
   <Equipment name="S0200" type="Signal" flavor="ALS" CommandTimeOut="" AlarmTimeout="">
      <States>
         <Equation>S_APPROACH_FREE[1]::ALS0200 == 1</Equation>
         <Equation>S_APPROACH_LOCKED[2]::ALS0200 == 0</Equation>
         <Equation>NOEVENT[0]::1 == 1</Equation>
      </States>
   </Equipment>
   <Equipment name="S0200" type="Signal" flavor="HMI" CommandTimeOut="" AlarmTimeout="">
      <States>
         <Equation>1::S0200_OFF == 1 &amp;&amp; ALS0200 ==1</Equation>
         <Equation>2::S0200_OFF == 0 &amp;&amp; ALS0200 ==1</Equation>
         <Equation>3::S0200_OFF == 0 &amp;&amp; ALS0200 == 0</Equation>
         <Equation>4::S0200_OFF == 1 &amp;&amp; ALS0200 == 0</Equation>
         <Equation>0::1==1</Equation>
      </States>
   </Equipment>
   <Equipment name="S0200" type="Signal" flavor="Blocking" CommandTimeOut="" AlarmTimeout="">
      <States>
         <Equation>S_NOTBLOCKING[1]::MSC0200 == 1</Equation>
         <Equation>S_BLOCKING[2]::MSC0200 == 0</Equation>
      </States>
      <Requisites>
         <Equation>PREP_SBC0200[PREP_SBC]::PREP_SBC02==0</Equation>
         <Equation>PREP_SUC0200[PREP_SUC]::PREP_SUC02==0</Equation>
         <Equation>CONF_SBC0200[CONF_SBC]::1</Equation>
         <Equation>CONF_SUC0200[CONF_SUC]::1</Equation>
      </Requisites>
      <CommandResults>
         <Equation>PREP_SBC0200[PREP_SBC_RES]::PREP_SBC02==1</Equation>
         <Equation>PREP_SUC0200[PREP_SUC_RES]::PREP_SUC02==1</Equation>
         <Equation>CONF_SBC0200[CONF_SBC_RES]::MSC0200== 0</Equation>
         <Equation>CONF_SUC0200[CONF_SUC_RES]::MSC0200== 1</Equation>
      </CommandResults>
   </Equipment>
   <Equipment name="S0200" type="Signal" flavor="Automatic" CommandTimeOut="" AlarmTimeout="">
      <States>
         <Equation>1::RL0200_0214_D==0</Equation>
         <Equation>2::S_SEL0200 == 1 &amp;&amp; RL0200_0214_D==0</Equation>
         <Equation>3::RL0200_0214_D==1</Equation>
      </States>
   </Equipment>
   <Equipment name="S0200" type="Signal" flavor="Release" CommandTimeOut="" AlarmTimeout="">
      <States>
         <Equation>1::S_REL0200 == 0 &amp;&amp; (RL0200_0214_D==0)</Equation>
         <Equation>2::S_REL0200 == 0 &amp;&amp; (RL0200_0214_D==1)</Equation>
         <Equation>3::S_REL0200 == 1 &amp;&amp; (RL0200_0214_D==1)</Equation>
      </States>
   </Equipment>
   <Equipment name="S0200" type="Signal" flavor="Lamp" CommandTimeOut="" AlarmTimeout="">
      <States>
         <Equation>1::SPLS0200 == 0</Equation>
         <Equation>2::SPLS0200 == 1</Equation>
      </States>
      <StateAlarms>
         <Equation>S_RED_FAILURE[1]::SPLS0200==0 &amp;&amp; S0200_OFF==0</Equation>
         <Equation>S_WHITE_FAILURE[2]::SPLS0200==0 &amp;&amp; S0200_OFF==1</Equation>
      </StateAlarms>
   </Equipment>
   <Equipment name="S0200" type="Signal" flavor="Fleet">
      <States>
         <Equation>2::AR0200_0214==0</Equation>
         <Equation>3::RL0200_0214_D==1&amp;&amp;AR0200_0214==1</Equation>
      </States>
   </Equipment>
   <Equipment name="S0200" type="Signal" flavor="Detection" CommandTimeOut="" AlarmTimeout="">
      <States>
         <Equation>S_STOP[0]::S0200_OFF == 0</Equation>
         <Equation>S_PERMISSIVE[1]::S0200_OFF == 1</Equation>
      </States>
   </Equipment>
   <Equipment name="S0200" type="Signal" flavor="HMI" CommandTimeOut="" AlarmTimeout="">
      <States>
         <Equation>NOEVENT[0]:: 1==1</Equation>
      </States>
   </Equipment>
   <Equipment name="S0204" type="Signal" flavor="Detection" CommandTimeOut="" AlarmTimeout="">
      <States>
         <Equation>S_STOP[0]::S0204_OFF == 0</Equation>
         <Equation>S_PERMISSIVE[1]::S0204_OFF == 1</Equation>
      </States>
   </Equipment>
   <Equipment name="S0204" type="Signal" flavor="ALS" CommandTimeOut="" AlarmTimeout="">
      <States>
         <Equation>S_APPROACH_FREE[1]::ALS0204 == 1</Equation>
         <Equation>S_APPROACH_LOCKED[2]::ALS0204 == 0</Equation>
         <Equation>NOEVENT[0]::1 == 1</Equation>
      </States>
   </Equipment>
   <Equipment name="S0204" type="Signal" flavor="HMI" CommandTimeOut="" AlarmTimeout="">
      <States>
         <Equation>1::S0204_OFF == 1 &amp;&amp; ALS0204 ==1</Equation>
         <Equation>2::S0204_OFF == 0 &amp;&amp; ALS0204 ==1</Equation>
         <Equation>3::S0204_OFF == 0 &amp;&amp; ALS0204 == 0</Equation>
         <Equation>4::S0204_OFF == 1 &amp;&amp; ALS0204 == 0</Equation>
         <Equation>0::1==1</Equation>
      </States>
   </Equipment>
   <Equipment name="S0204" type="Signal" flavor="Blocking" CommandTimeOut="" AlarmTimeout="">
      <States>
         <Equation>S_NOTBLOCKING[1]::MSC0204 == 1</Equation>
         <Equation>S_BLOCKING[2]::MSC0204 == 0</Equation>
      </States>
      <Requisites>
         <Equation>PREP_SBC0204[PREP_SBC]::PREP_SBC02==0</Equation>
         <Equation>PREP_SUC0204[PREP_SUC]::PREP_SUC02==0</Equation>
         <Equation>CONF_SBC0204[CONF_SBC]::1</Equation>
         <Equation>CONF_SUC0204[CONF_SUC]::1</Equation>
      </Requisites>
      <CommandResults>
         <Equation>PREP_SBC0204[PREP_SBC_RES]::PREP_SBC02==1</Equation>
         <Equation>PREP_SUC0204[PREP_SUC_RES]::PREP_SUC02==1</Equation>
         <Equation>CONF_SBC0204[CONF_SBC_RES]::MSC0204== 0</Equation>
         <Equation>CONF_SUC0204[CONF_SUC_RES]::MSC0204== 1</Equation>
      </CommandResults>
   </Equipment>
   <Equipment name="S0204" type="Signal" flavor="Automatic" CommandTimeOut="" AlarmTimeout="">
      <States>
         <Equation>1::RL0204_0200_D==0</Equation>
         <Equation>2::S_SEL0204 == 1 &amp;&amp; RL0204_0200_D==0</Equation>
         <Equation>3::RL0204_0200_D==1</Equation>
      </States>
   </Equipment>
   <Equipment name="S0204" type="Signal" flavor="Release" CommandTimeOut="" AlarmTimeout="">
      <States>
         <Equation>1::S_REL0204 == 0 &amp;&amp; (RL0204_0200_D==0)</Equation>
         <Equation>2::S_REL0204 == 0 &amp;&amp; (RL0204_0200_D==1)</Equation>
         <Equation>3::S_REL0204 == 1 &amp;&amp; (RL0204_0200_D==1)</Equation>
      </States>
   </Equipment>
   <Equipment name="S0204" type="Signal" flavor="Lamp" CommandTimeOut="" AlarmTimeout="">
      <States>
         <Equation>1::SPLS0204 == 0</Equation>
         <Equation>2::SPLS0204 == 1</Equation>
      </States>
      <StateAlarms>
         <Equation>S_RED_FAILURE[1]::SPLS0204==0 &amp;&amp; S0204_OFF==0</Equation>
         <Equation>S_WHITE_FAILURE[2]::SPLS0204==0 &amp;&amp; S0204_OFF==1</Equation>
      </StateAlarms>
   </Equipment>
   <Equipment name="S0204" type="Signal" flavor="Fleet">
      <States>
         <Equation>2::AR0204_0200==0</Equation>
         <Equation>3::RL0204_0200_D==1&amp;&amp;AR0204_0200==1</Equation>
      </States>
   </Equipment>
   <Equipment name="S0204" type="Signal" flavor="Detection" CommandTimeOut="" AlarmTimeout="">
      <States>
         <Equation>S_STOP[0]::S0204_OFF == 0</Equation>
         <Equation>S_PERMISSIVE[1]::S0204_OFF == 1</Equation>
      </States>
   </Equipment>
   <Equipment name="S0204" type="Signal" flavor="HMI" CommandTimeOut="" AlarmTimeout="">
      <States>
         <Equation>NOEVENT[0]:: 1==1</Equation>
      </States>
   </Equipment>
   <Equipment name="S0210" type="Signal" flavor="Detection" CommandTimeOut="" AlarmTimeout="">
      <States>
         <Equation>S_STOP[0]::S0210_OFF == 0</Equation>
         <Equation>S_PERMISSIVE[1]::S0210_OFF == 1</Equation>
      </States>
   </Equipment>
   <Equipment name="S0210" type="Signal" flavor="ALS" CommandTimeOut="" AlarmTimeout="">
      <States>
         <Equation>S_APPROACH_FREE[1]::ALS0210 == 1</Equation>
         <Equation>S_APPROACH_LOCKED[2]::ALS0210 == 0</Equation>
         <Equation>NOEVENT[0]::1 == 1</Equation>
      </States>
   </Equipment>
   <Equipment name="S0210" type="Signal" flavor="HMI" CommandTimeOut="" AlarmTimeout="">
      <States>
         <Equation>1::S0210_OFF == 1 &amp;&amp; ALS0210 ==1</Equation>
         <Equation>2::S0210_OFF == 0 &amp;&amp; ALS0210 ==1</Equation>
         <Equation>3::S0210_OFF == 0 &amp;&amp; ALS0210 == 0</Equation>
         <Equation>4::S0210_OFF == 1 &amp;&amp; ALS0210 == 0</Equation>
         <Equation>0::1==1</Equation>
      </States>
   </Equipment>
   <Equipment name="S0210" type="Signal" flavor="Blocking" CommandTimeOut="" AlarmTimeout="">
      <States>
         <Equation>S_NOTBLOCKING[1]::MSC0210 == 1</Equation>
         <Equation>S_BLOCKING[2]::MSC0210 == 0</Equation>
      </States>
      <Requisites>
         <Equation>PREP_SBC0210[PREP_SBC]::PREP_SBC02==0</Equation>
         <Equation>PREP_SUC0210[PREP_SUC]::PREP_SUC02==0</Equation>
         <Equation>CONF_SBC0210[CONF_SBC]::1</Equation>
         <Equation>CONF_SUC0210[CONF_SUC]::1</Equation>
      </Requisites>
      <CommandResults>
         <Equation>PREP_SBC0210[PREP_SBC_RES]::PREP_SBC02==1</Equation>
         <Equation>PREP_SUC0210[PREP_SUC_RES]::PREP_SUC02==1</Equation>
         <Equation>CONF_SBC0210[CONF_SBC_RES]::MSC0210== 0</Equation>
         <Equation>CONF_SUC0210[CONF_SUC_RES]::MSC0210== 1</Equation>
      </CommandResults>
   </Equipment>
   <Equipment name="S0210" type="Signal" flavor="Automatic" CommandTimeOut="" AlarmTimeout="">
      <States>
         <Equation>1::RL0210_0204_D==0 &amp;&amp; RL0210_0206_D==0</Equation>
         <Equation>2::S_SEL0210 == 1 &amp;&amp; RL0210_0204_D==0 &amp;&amp; RL0210_0206_D==0</Equation>
         <Equation>3::RL0210_0204_D==1 || RL0210_0206_D==1</Equation>
      </States>
   </Equipment>
   <Equipment name="S0210" type="Signal" flavor="Release" CommandTimeOut="" AlarmTimeout="">
      <States>
         <Equation>1::S_REL0210 == 0 &amp;&amp; (RL0210_0204_D==0 &amp;&amp; RL0210_0206_D==0)</Equation>
         <Equation>2::S_REL0210 == 0 &amp;&amp; (RL0210_0204_D==1 || RL0210_0206_D==1)</Equation>
         <Equation>3::S_REL0210 == 1 &amp;&amp; (RL0210_0204_D==1 || RL0210_0206_D==1)</Equation>
      </States>
   </Equipment>
   <Equipment name="S0210" type="Signal" flavor="Lamp" CommandTimeOut="" AlarmTimeout="">
      <States>
         <Equation>1::SPLS0210 == 0</Equation>
         <Equation>2::SPLS0210 == 1</Equation>
      </States>
      <StateAlarms>
         <Equation>S_RED_FAILURE[1]::SPLS0210==0 &amp;&amp; S0210_OFF==0</Equation>
         <Equation>S_WHITE_FAILURE[2]::SPLS0210==0 &amp;&amp; S0210_OFF==1</Equation>
      </StateAlarms>
   </Equipment>
   <Equipment name="S0210" type="Signal" flavor="Fleet">
      <States>
         <Equation>2::AR0210_0204==0</Equation>
         <Equation>3::RL0210_0204_D==1&amp;&amp;AR0210_0204==1</Equation>
      </States>
   </Equipment>
   <Equipment name="S0210" type="Signal" flavor="Detection" CommandTimeOut="" AlarmTimeout="">
      <States>
         <Equation>S_STOP[0]::S0210_OFF == 0</Equation>
         <Equation>S_PERMISSIVE[1]::S0210_OFF == 1</Equation>
      </States>
   </Equipment>
   <Equipment name="S0210" type="Signal" flavor="HMI" CommandTimeOut="" AlarmTimeout="">
      <States>
         <Equation>NOEVENT[0]:: 1==1</Equation>
      </States>
   </Equipment>
   <Equipment name="S0206" type="Signal" flavor="Detection" CommandTimeOut="" AlarmTimeout="">
      <States>
         <Equation>S_STOP[0]::S0206_OFF == 0</Equation>
         <Equation>S_PERMISSIVE[1]::S0206_OFF == 1</Equation>
      </States>
   </Equipment>
   <Equipment name="S0206" type="Signal" flavor="ALS" CommandTimeOut="" AlarmTimeout="">
      <States>
         <Equation>S_APPROACH_FREE[1]::ALS0206 == 1</Equation>
         <Equation>S_APPROACH_LOCKED[2]::ALS0206 == 0</Equation>
         <Equation>NOEVENT[0]::1 == 1</Equation>
      </States>
   </Equipment>
   <Equipment name="S0206" type="Signal" flavor="HMI" CommandTimeOut="" AlarmTimeout="">
      <States>
         <Equation>1::S0206_OFF == 1 &amp;&amp; ALS0206 ==1</Equation>
         <Equation>2::S0206_OFF == 0 &amp;&amp; ALS0206 ==1</Equation>
         <Equation>3::S0206_OFF == 0 &amp;&amp; ALS0206 == 0</Equation>
         <Equation>4::S0206_OFF == 1 &amp;&amp; ALS0206 == 0</Equation>
         <Equation>0::1==1</Equation>
      </States>
   </Equipment>
   <Equipment name="S0206" type="Signal" flavor="Blocking" CommandTimeOut="" AlarmTimeout="">
      <States>
         <Equation>S_NOTBLOCKING[1]::MSC0206 == 1</Equation>
         <Equation>S_BLOCKING[2]::MSC0206 == 0</Equation>
      </States>
      <Requisites>
         <Equation>PREP_SBC0206[PREP_SBC]::PREP_SBC02==0</Equation>
         <Equation>PREP_SUC0206[PREP_SUC]::PREP_SUC02==0</Equation>
         <Equation>CONF_SBC0206[CONF_SBC]::1</Equation>
         <Equation>CONF_SUC0206[CONF_SUC]::1</Equation>
      </Requisites>
      <CommandResults>
         <Equation>PREP_SBC0206[PREP_SBC_RES]::PREP_SBC02==1</Equation>
         <Equation>PREP_SUC0206[PREP_SUC_RES]::PREP_SUC02==1</Equation>
         <Equation>CONF_SBC0206[CONF_SBC_RES]::MSC0206== 0</Equation>
         <Equation>CONF_SUC0206[CONF_SUC_RES]::MSC0206== 1</Equation>
      </CommandResults>
   </Equipment>
   <Equipment name="S0206" type="Signal" flavor="Automatic" CommandTimeOut="" AlarmTimeout="">
      <States>
         <Equation>1::RL0206_0200_D==0 &amp;&amp; RL0206_0202_D==0</Equation>
         <Equation>2::S_SEL0206 == 1 &amp;&amp; RL0206_0200_D==0 &amp;&amp; RL0206_0202_D==0</Equation>
         <Equation>3::RL0206_0200_D==1 || RL0206_0202_D==1</Equation>
      </States>
   </Equipment>
   <Equipment name="S0206" type="Signal" flavor="Release" CommandTimeOut="" AlarmTimeout="">
      <States>
         <Equation>1::S_REL0206 == 0 &amp;&amp; (RL0206_0200_D==0 &amp;&amp; RL0206_0202_D==0)</Equation>
         <Equation>2::S_REL0206 == 0 &amp;&amp; (RL0206_0200_D==1 || RL0206_0202_D==1)</Equation>
         <Equation>3::S_REL0206 == 1 &amp;&amp; (RL0206_0200_D==1 || RL0206_0202_D==1)</Equation>
      </States>
   </Equipment>
   <Equipment name="S0206" type="Signal" flavor="Lamp" CommandTimeOut="" AlarmTimeout="">
      <States>
         <Equation>1::SPLS0206 == 0</Equation>
         <Equation>2::SPLS0206 == 1</Equation>
      </States>
      <StateAlarms>
         <Equation>S_RED_FAILURE[1]::SPLS0206==0 &amp;&amp; S0206_OFF==0</Equation>
         <Equation>S_WHITE_FAILURE[2]::SPLS0206==0 &amp;&amp; S0206_OFF==1</Equation>
      </StateAlarms>
   </Equipment>
   <Equipment name="S0206" type="Signal" flavor="Detection" CommandTimeOut="" AlarmTimeout="">
      <States>
         <Equation>S_STOP[0]::S0206_OFF == 0</Equation>
         <Equation>S_PERMISSIVE[1]::S0206_OFF == 1</Equation>
      </States>
   </Equipment>
   <Equipment name="S0206" type="Signal" flavor="HMI" CommandTimeOut="" AlarmTimeout="">
      <States>
         <Equation>NOEVENT[0]:: 1==1</Equation>
      </States>
   </Equipment>
   <Equipment name="S0201" type="Signal" flavor="Detection" CommandTimeOut="" AlarmTimeout="">
      <States>
         <Equation>S_STOP[0]::S0201_OFF == 0</Equation>
         <Equation>S_PERMISSIVE[1]::S0201_OFF == 1</Equation>
      </States>
   </Equipment>
   <Equipment name="S0201" type="Signal" flavor="ALS" CommandTimeOut="" AlarmTimeout="">
      <States>
         <Equation>S_APPROACH_FREE[1]::ALS0201 == 1</Equation>
         <Equation>S_APPROACH_LOCKED[2]::ALS0201 == 0</Equation>
         <Equation>NOEVENT[0]::1 == 1</Equation>
      </States>
   </Equipment>
   <Equipment name="S0201" type="Signal" flavor="HMI" CommandTimeOut="" AlarmTimeout="">
      <States>
         <Equation>1::S0201_OFF == 1 &amp;&amp; ALS0201 ==1</Equation>
         <Equation>2::S0201_OFF == 0 &amp;&amp; ALS0201 ==1</Equation>
         <Equation>3::S0201_OFF == 0 &amp;&amp; ALS0201 == 0</Equation>
         <Equation>4::S0201_OFF == 1 &amp;&amp; ALS0201 == 0</Equation>
         <Equation>0::1==1</Equation>
      </States>
   </Equipment>
   <Equipment name="S0201" type="Signal" flavor="Blocking" CommandTimeOut="" AlarmTimeout="">
      <States>
         <Equation>S_NOTBLOCKING[1]::MSC0201 == 1</Equation>
         <Equation>S_BLOCKING[2]::MSC0201 == 0</Equation>
      </States>
      <Requisites>
         <Equation>PREP_SBC0201[PREP_SBC]::PREP_SBC02==0</Equation>
         <Equation>PREP_SUC0201[PREP_SUC]::PREP_SUC02==0</Equation>
         <Equation>CONF_SBC0201[CONF_SBC]::1</Equation>
         <Equation>CONF_SUC0201[CONF_SUC]::1</Equation>
      </Requisites>
      <CommandResults>
         <Equation>PREP_SBC0201[PREP_SBC_RES]::PREP_SBC02==1</Equation>
         <Equation>PREP_SUC0201[PREP_SUC_RES]::PREP_SUC02==1</Equation>
         <Equation>CONF_SBC0201[CONF_SBC_RES]::MSC0201== 0</Equation>
         <Equation>CONF_SUC0201[CONF_SUC_RES]::MSC0201== 1</Equation>
      </CommandResults>
   </Equipment>
   <Equipment name="S0201" type="Signal" flavor="Automatic" CommandTimeOut="" AlarmTimeout="">
      <States>
         <Equation>1::RL0201_0205_D==0</Equation>
         <Equation>2::S_SEL0201 == 1 &amp;&amp; RL0201_0205_D==0</Equation>
         <Equation>3::RL0201_0205_D==1</Equation>
      </States>
   </Equipment>
   <Equipment name="S0201" type="Signal" flavor="Release" CommandTimeOut="" AlarmTimeout="">
      <States>
         <Equation>1::S_REL0201 == 0 &amp;&amp; (RL0201_0205_D==0)</Equation>
         <Equation>2::S_REL0201 == 0 &amp;&amp; (RL0201_0205_D==1)</Equation>
         <Equation>3::S_REL0201 == 1 &amp;&amp; (RL0201_0205_D==1)</Equation>
      </States>
   </Equipment>
   <Equipment name="S0201" type="Signal" flavor="Lamp" CommandTimeOut="" AlarmTimeout="">
      <States>
         <Equation>1::SPLS0201 == 0</Equation>
         <Equation>2::SPLS0201 == 1</Equation>
      </States>
      <StateAlarms>
         <Equation>S_RED_FAILURE[1]::SPLS0201==0 &amp;&amp; S0201_OFF==0</Equation>
         <Equation>S_WHITE_FAILURE[2]::SPLS0201==0 &amp;&amp; S0201_OFF==1</Equation>
      </StateAlarms>
   </Equipment>
   <Equipment name="S0201" type="Signal" flavor="Fleet">
      <States>
         <Equation>2::AR0201_0205==0</Equation>
         <Equation>3::RL0201_0205_D==1&amp;&amp;AR0201_0205==1</Equation>
      </States>
   </Equipment>
   <Equipment name="S0201" type="Signal" flavor="Detection" CommandTimeOut="" AlarmTimeout="">
      <States>
         <Equation>S_STOP[0]::S0201_OFF == 0</Equation>
         <Equation>S_PERMISSIVE[1]::S0201_OFF == 1</Equation>
      </States>
   </Equipment>
   <Equipment name="S0201" type="Signal" flavor="HMI" CommandTimeOut="" AlarmTimeout="">
      <States>
         <Equation>NOEVENT[0]:: 1==1</Equation>
      </States>
   </Equipment>
   <Equipment name="S0205" type="Signal" flavor="Detection" CommandTimeOut="" AlarmTimeout="">
      <States>
         <Equation>S_STOP[0]::S0205_OFF == 0</Equation>
         <Equation>S_PERMISSIVE[1]::S0205_OFF == 1</Equation>
      </States>
   </Equipment>
   <Equipment name="S0205" type="Signal" flavor="ALS" CommandTimeOut="" AlarmTimeout="">
      <States>
         <Equation>S_APPROACH_FREE[1]::ALS0205 == 1</Equation>
         <Equation>S_APPROACH_LOCKED[2]::ALS0205 == 0</Equation>
         <Equation>NOEVENT[0]::1 == 1</Equation>
      </States>
   </Equipment>
   <Equipment name="S0205" type="Signal" flavor="HMI" CommandTimeOut="" AlarmTimeout="">
      <States>
         <Equation>1::S0205_OFF == 1 &amp;&amp; ALS0205 ==1</Equation>
         <Equation>2::S0205_OFF == 0 &amp;&amp; ALS0205 ==1</Equation>
         <Equation>3::S0205_OFF == 0 &amp;&amp; ALS0205 == 0</Equation>
         <Equation>4::S0205_OFF == 1 &amp;&amp; ALS0205 == 0</Equation>
         <Equation>0::1==1</Equation>
      </States>
   </Equipment>
   <Equipment name="S0205" type="Signal" flavor="Blocking" CommandTimeOut="" AlarmTimeout="">
      <States>
         <Equation>S_NOTBLOCKING[1]::MSC0205 == 1</Equation>
         <Equation>S_BLOCKING[2]::MSC0205 == 0</Equation>
      </States>
      <Requisites>
         <Equation>PREP_SBC0205[PREP_SBC]::PREP_SBC02==0</Equation>
         <Equation>PREP_SUC0205[PREP_SUC]::PREP_SUC02==0</Equation>
         <Equation>CONF_SBC0205[CONF_SBC]::1</Equation>
         <Equation>CONF_SUC0205[CONF_SUC]::1</Equation>
      </Requisites>
      <CommandResults>
         <Equation>PREP_SBC0205[PREP_SBC_RES]::PREP_SBC02==1</Equation>
         <Equation>PREP_SUC0205[PREP_SUC_RES]::PREP_SUC02==1</Equation>
         <Equation>CONF_SBC0205[CONF_SBC_RES]::MSC0205== 0</Equation>
         <Equation>CONF_SUC0205[CONF_SUC_RES]::MSC0205== 1</Equation>
      </CommandResults>
   </Equipment>
   <Equipment name="S0205" type="Signal" flavor="Automatic" CommandTimeOut="" AlarmTimeout="">
      <States>
         <Equation>1::RL0205_0209_D==0 &amp;&amp; RL0205_0211_D==0</Equation>
         <Equation>2::S_SEL0205 == 1 &amp;&amp; RL0205_0209_D==0 &amp;&amp; RL0205_0211_D==0</Equation>
         <Equation>3::RL0205_0209_D==1 || RL0205_0211_D==1</Equation>
      </States>
   </Equipment>
   <Equipment name="S0205" type="Signal" flavor="Release" CommandTimeOut="" AlarmTimeout="">
      <States>
         <Equation>1::S_REL0205 == 0 &amp;&amp; (RL0205_0209_D==0 &amp;&amp; RL0205_0211_D==0)</Equation>
         <Equation>2::S_REL0205 == 0 &amp;&amp; (RL0205_0209_D==1 || RL0205_0211_D==1)</Equation>
         <Equation>3::S_REL0205 == 1 &amp;&amp; (RL0205_0209_D==1 || RL0205_0211_D==1)</Equation>
      </States>
   </Equipment>
   <Equipment name="S0205" type="Signal" flavor="Lamp" CommandTimeOut="" AlarmTimeout="">
      <States>
         <Equation>1::SPLS0205 == 0</Equation>
         <Equation>2::SPLS0205 == 1</Equation>
      </States>
      <StateAlarms>
         <Equation>S_RED_FAILURE[1]::SPLS0205==0 &amp;&amp; S0205_OFF==0</Equation>
         <Equation>S_WHITE_FAILURE[2]::SPLS0205==0 &amp;&amp; S0205_OFF==1</Equation>
      </StateAlarms>
   </Equipment>
   <Equipment name="S0205" type="Signal" flavor="Fleet">
      <States>
         <Equation>2::AR0205_0209==0</Equation>
         <Equation>3::RL0205_0209_D==1&amp;&amp;AR0205_0209==1</Equation>
      </States>
   </Equipment>
   <Equipment name="S0205" type="Signal" flavor="Detection" CommandTimeOut="" AlarmTimeout="">
      <States>
         <Equation>S_STOP[0]::S0205_OFF == 0</Equation>
         <Equation>S_PERMISSIVE[1]::S0205_OFF == 1</Equation>
      </States>
   </Equipment>
   <Equipment name="S0205" type="Signal" flavor="HMI" CommandTimeOut="" AlarmTimeout="">
      <States>
         <Equation>NOEVENT[0]:: 1==1</Equation>
      </States>
   </Equipment>
   <Equipment name="S0209" type="Signal" flavor="Detection" CommandTimeOut="" AlarmTimeout="">
      <States>
         <Equation>S_STOP[0]::S0209_OFF == 0</Equation>
         <Equation>S_PERMISSIVE[1]::S0209_OFF == 1</Equation>
      </States>
   </Equipment>
   <Equipment name="S0209" type="Signal" flavor="ALS" CommandTimeOut="" AlarmTimeout="">
      <States>
         <Equation>S_APPROACH_FREE[1]::ALS0209 == 1</Equation>
         <Equation>S_APPROACH_LOCKED[2]::ALS0209 == 0</Equation>
         <Equation>NOEVENT[0]::1 == 1</Equation>
      </States>
   </Equipment>
   <Equipment name="S0209" type="Signal" flavor="HMI" CommandTimeOut="" AlarmTimeout="">
      <States>
         <Equation>1::S0209_OFF == 1 &amp;&amp; ALS0209 ==1</Equation>
         <Equation>2::S0209_OFF == 0 &amp;&amp; ALS0209 ==1</Equation>
         <Equation>3::S0209_OFF == 0 &amp;&amp; ALS0209 == 0</Equation>
         <Equation>4::S0209_OFF == 1 &amp;&amp; ALS0209 == 0</Equation>
         <Equation>0::1==1</Equation>
      </States>
   </Equipment>
   <Equipment name="S0209" type="Signal" flavor="Blocking" CommandTimeOut="" AlarmTimeout="">
      <States>
         <Equation>S_NOTBLOCKING[1]::MSC0209 == 1</Equation>
         <Equation>S_BLOCKING[2]::MSC0209 == 0</Equation>
      </States>
      <Requisites>
         <Equation>PREP_SBC0209[PREP_SBC]::PREP_SBC02==0</Equation>
         <Equation>PREP_SUC0209[PREP_SUC]::PREP_SUC02==0</Equation>
         <Equation>CONF_SBC0209[CONF_SBC]::1</Equation>
         <Equation>CONF_SUC0209[CONF_SUC]::1</Equation>
      </Requisites>
      <CommandResults>
         <Equation>PREP_SBC0209[PREP_SBC_RES]::PREP_SBC02==1</Equation>
         <Equation>PREP_SUC0209[PREP_SUC_RES]::PREP_SUC02==1</Equation>
         <Equation>CONF_SBC0209[CONF_SBC_RES]::MSC0209== 0</Equation>
         <Equation>CONF_SUC0209[CONF_SUC_RES]::MSC0209== 1</Equation>
      </CommandResults>
   </Equipment>
   <Equipment name="S0209" type="Signal" flavor="Automatic" CommandTimeOut="" AlarmTimeout="">
      <States>
         <Equation>1::RL0209_0305_D==0</Equation>
         <Equation>2::S_SEL0209 == 1 &amp;&amp; RL0209_0305_D==0</Equation>
         <Equation>3::RL0209_0305_D==1</Equation>
      </States>
   </Equipment>
   <Equipment name="S0209" type="Signal" flavor="Release" CommandTimeOut="" AlarmTimeout="">
      <States>
         <Equation>1::S_REL0209 == 0 &amp;&amp; (RL0209_0305_D==0)</Equation>
         <Equation>2::S_REL0209 == 0 &amp;&amp; (RL0209_0305_D==1)</Equation>
         <Equation>3::S_REL0209 == 1 &amp;&amp; (RL0209_0305_D==1)</Equation>
      </States>
   </Equipment>
   <Equipment name="S0209" type="Signal" flavor="Lamp" CommandTimeOut="" AlarmTimeout="">
      <States>
         <Equation>1::SPLS0209 == 0</Equation>
         <Equation>2::SPLS0209 == 1</Equation>
      </States>
      <StateAlarms>
         <Equation>S_RED_FAILURE[1]::SPLS0209==0 &amp;&amp; S0209_OFF==0</Equation>
         <Equation>S_WHITE_FAILURE[2]::SPLS0209==0 &amp;&amp; S0209_OFF==1</Equation>
      </StateAlarms>
   </Equipment>
   <Equipment name="S0209" type="Signal" flavor="Fleet">
      <States>
         <Equation>2::AR0209_0305==0</Equation>
         <Equation>3::RL0209_0305_D==1&amp;&amp;AR0209_0305==1</Equation>
      </States>
   </Equipment>
   <Equipment name="S0209" type="Signal" flavor="Detection" CommandTimeOut="" AlarmTimeout="">
      <States>
         <Equation>S_STOP[0]::S0209_OFF == 0</Equation>
         <Equation>S_PERMISSIVE[1]::S0209_OFF == 1</Equation>
      </States>
   </Equipment>
   <Equipment name="S0209" type="Signal" flavor="HMI" CommandTimeOut="" AlarmTimeout="">
      <States>
         <Equation>NOEVENT[0]:: 1==1</Equation>
      </States>
   </Equipment>
   <Equipment name="S0212" type="Signal" flavor="Detection" CommandTimeOut="" AlarmTimeout="">
      <States>
         <Equation>S_STOP[0]::S0212_OFF == 0</Equation>
         <Equation>S_PERMISSIVE[1]::S0212_OFF == 1</Equation>
      </States>
   </Equipment>
   <Equipment name="S0212" type="Signal" flavor="ALS" CommandTimeOut="" AlarmTimeout="">
      <States>
         <Equation>S_APPROACH_FREE[1]::ALS0212 == 1</Equation>
         <Equation>S_APPROACH_LOCKED[2]::ALS0212 == 0</Equation>
         <Equation>NOEVENT[0]::1 == 1</Equation>
      </States>
   </Equipment>
   <Equipment name="S0212" type="Signal" flavor="HMI" CommandTimeOut="" AlarmTimeout="">
      <States>
         <Equation>1::S0212_OFF == 1 &amp;&amp; ALS0212 ==1</Equation>
         <Equation>2::S0212_OFF == 0 &amp;&amp; ALS0212 ==1</Equation>
         <Equation>3::S0212_OFF == 0 &amp;&amp; ALS0212 == 0</Equation>
         <Equation>4::S0212_OFF == 1 &amp;&amp; ALS0212 == 0</Equation>
         <Equation>0::1==1</Equation>
      </States>
   </Equipment>
   <Equipment name="S0212" type="Signal" flavor="Blocking" CommandTimeOut="" AlarmTimeout="">
      <States>
         <Equation>S_NOTBLOCKING[1]::MSC0212 == 1</Equation>
         <Equation>S_BLOCKING[2]::MSC0212 == 0</Equation>
      </States>
      <Requisites>
         <Equation>PREP_SBC0212[PREP_SBC]::PREP_SBC02==0</Equation>
         <Equation>PREP_SUC0212[PREP_SUC]::PREP_SUC02==0</Equation>
         <Equation>CONF_SBC0212[CONF_SBC]::1</Equation>
         <Equation>CONF_SUC0212[CONF_SUC]::1</Equation>
      </Requisites>
      <CommandResults>
         <Equation>PREP_SBC0212[PREP_SBC_RES]::PREP_SBC02==1</Equation>
         <Equation>PREP_SUC0212[PREP_SUC_RES]::PREP_SUC02==1</Equation>
         <Equation>CONF_SBC0212[CONF_SBC_RES]::MSC0212== 0</Equation>
         <Equation>CONF_SUC0212[CONF_SUC_RES]::MSC0212== 1</Equation>
      </CommandResults>
   </Equipment>
   <Equipment name="S0212" type="Signal" flavor="Automatic" CommandTimeOut="" AlarmTimeout="">
      <States>
         <Equation>1::RL0212_0206_D==0 &amp;&amp; RL0212_0208_D==0</Equation>
         <Equation>2::S_SEL0212 == 1 &amp;&amp; RL0212_0206_D==0 &amp;&amp; RL0212_0208_D==0</Equation>
         <Equation>3::RL0212_0206_D==1 || RL0212_0208_D==1</Equation>
      </States>
   </Equipment>
   <Equipment name="S0212" type="Signal" flavor="Release" CommandTimeOut="" AlarmTimeout="">
      <States>
         <Equation>1::S_REL0212 == 0 &amp;&amp; (RL0212_0206_D==0 &amp;&amp; RL0212_0208_D==0)</Equation>
         <Equation>2::S_REL0212 == 0 &amp;&amp; (RL0212_0206_D==1 || RL0212_0208_D==1)</Equation>
         <Equation>3::S_REL0212 == 1 &amp;&amp; (RL0212_0206_D==1 || RL0212_0208_D==1)</Equation>
      </States>
   </Equipment>
   <Equipment name="S0212" type="Signal" flavor="Lamp" CommandTimeOut="" AlarmTimeout="">
      <States>
         <Equation>1::SPLS0212 == 0</Equation>
         <Equation>2::SPLS0212 == 1</Equation>
      </States>
      <StateAlarms>
         <Equation>S_RED_FAILURE[1]::SPLS0212==0 &amp;&amp; S0212_OFF==0</Equation>
         <Equation>S_WHITE_FAILURE[2]::SPLS0212==0 &amp;&amp; S0212_OFF==1</Equation>
      </StateAlarms>
   </Equipment>
   <Equipment name="S0212" type="Signal" flavor="Detection" CommandTimeOut="" AlarmTimeout="">
      <States>
         <Equation>S_STOP[0]::S0212_OFF == 0</Equation>
         <Equation>S_PERMISSIVE[1]::S0212_OFF == 1</Equation>
      </States>
   </Equipment>
   <Equipment name="S0212" type="Signal" flavor="HMI" CommandTimeOut="" AlarmTimeout="">
      <States>
         <Equation>NOEVENT[0]:: 1==1</Equation>
      </States>
   </Equipment>
   <Equipment name="S0203" type="Signal" flavor="Detection" CommandTimeOut="" AlarmTimeout="">
      <States>
         <Equation>S_STOP[0]::S0203_OFF == 0</Equation>
         <Equation>S_PERMISSIVE[1]::S0203_OFF == 1</Equation>
      </States>
   </Equipment>
   <Equipment name="S0203" type="Signal" flavor="ALS" CommandTimeOut="" AlarmTimeout="">
      <States>
         <Equation>S_APPROACH_FREE[1]::ALS0203 == 1</Equation>
         <Equation>S_APPROACH_LOCKED[2]::ALS0203 == 0</Equation>
         <Equation>NOEVENT[0]::1 == 1</Equation>
      </States>
   </Equipment>
   <Equipment name="S0203" type="Signal" flavor="HMI" CommandTimeOut="" AlarmTimeout="">
      <States>
         <Equation>1::S0203_OFF == 1 &amp;&amp; ALS0203 ==1</Equation>
         <Equation>2::S0203_OFF == 0 &amp;&amp; ALS0203 ==1</Equation>
         <Equation>3::S0203_OFF == 0 &amp;&amp; ALS0203 == 0</Equation>
         <Equation>4::S0203_OFF == 1 &amp;&amp; ALS0203 == 0</Equation>
         <Equation>0::1==1</Equation>
      </States>
   </Equipment>
   <Equipment name="S0203" type="Signal" flavor="Blocking" CommandTimeOut="" AlarmTimeout="">
      <States>
         <Equation>S_NOTBLOCKING[1]::MSC0203 == 1</Equation>
         <Equation>S_BLOCKING[2]::MSC0203 == 0</Equation>
      </States>
      <Requisites>
         <Equation>PREP_SBC0203[PREP_SBC]::PREP_SBC02==0</Equation>
         <Equation>PREP_SUC0203[PREP_SUC]::PREP_SUC02==0</Equation>
         <Equation>CONF_SBC0203[CONF_SBC]::1</Equation>
         <Equation>CONF_SUC0203[CONF_SUC]::1</Equation>
      </Requisites>
      <CommandResults>
         <Equation>PREP_SBC0203[PREP_SBC_RES]::PREP_SBC02==1</Equation>
         <Equation>PREP_SUC0203[PREP_SUC_RES]::PREP_SUC02==1</Equation>
         <Equation>CONF_SBC0203[CONF_SBC_RES]::MSC0203== 0</Equation>
         <Equation>CONF_SUC0203[CONF_SUC_RES]::MSC0203== 1</Equation>
      </CommandResults>
   </Equipment>
   <Equipment name="S0203" type="Signal" flavor="Automatic" CommandTimeOut="" AlarmTimeout="">
      <States>
         <Equation>1::RL0203_0207_D==0</Equation>
         <Equation>2::S_SEL0203 == 1 &amp;&amp; RL0203_0207_D==0</Equation>
         <Equation>3::RL0203_0207_D==1</Equation>
      </States>
   </Equipment>
   <Equipment name="S0203" type="Signal" flavor="Release" CommandTimeOut="" AlarmTimeout="">
      <States>
         <Equation>1::S_REL0203 == 0 &amp;&amp; (RL0203_0207_D==0)</Equation>
         <Equation>2::S_REL0203 == 0 &amp;&amp; (RL0203_0207_D==1)</Equation>
         <Equation>3::S_REL0203 == 1 &amp;&amp; (RL0203_0207_D==1)</Equation>
      </States>
   </Equipment>
   <Equipment name="S0203" type="Signal" flavor="Lamp" CommandTimeOut="" AlarmTimeout="">
      <States>
         <Equation>1::SPLS0203 == 0</Equation>
         <Equation>2::SPLS0203 == 1</Equation>
      </States>
      <StateAlarms>
         <Equation>S_RED_FAILURE[1]::SPLS0203==0 &amp;&amp; S0203_OFF==0</Equation>
         <Equation>S_WHITE_FAILURE[2]::SPLS0203==0 &amp;&amp; S0203_OFF==1</Equation>
      </StateAlarms>
   </Equipment>
   <Equipment name="S0203" type="Signal" flavor="Detection" CommandTimeOut="" AlarmTimeout="">
      <States>
         <Equation>S_STOP[0]::S0203_OFF == 0</Equation>
         <Equation>S_PERMISSIVE[1]::S0203_OFF == 1</Equation>
      </States>
   </Equipment>
   <Equipment name="S0203" type="Signal" flavor="HMI" CommandTimeOut="" AlarmTimeout="">
      <States>
         <Equation>NOEVENT[0]:: 1==1</Equation>
      </States>
   </Equipment>
   <Equipment name="S0207" type="Signal" flavor="Detection" CommandTimeOut="" AlarmTimeout="">
      <States>
         <Equation>S_STOP[0]::S0207_OFF == 0</Equation>
         <Equation>S_PERMISSIVE[1]::S0207_OFF == 1</Equation>
      </States>
   </Equipment>
   <Equipment name="S0207" type="Signal" flavor="ALS" CommandTimeOut="" AlarmTimeout="">
      <States>
         <Equation>S_APPROACH_FREE[1]::ALS0207 == 1</Equation>
         <Equation>S_APPROACH_LOCKED[2]::ALS0207 == 0</Equation>
         <Equation>NOEVENT[0]::1 == 1</Equation>
      </States>
   </Equipment>
   <Equipment name="S0207" type="Signal" flavor="HMI" CommandTimeOut="" AlarmTimeout="">
      <States>
         <Equation>1::S0207_OFF == 1 &amp;&amp; ALS0207 ==1</Equation>
         <Equation>2::S0207_OFF == 0 &amp;&amp; ALS0207 ==1</Equation>
         <Equation>3::S0207_OFF == 0 &amp;&amp; ALS0207 == 0</Equation>
         <Equation>4::S0207_OFF == 1 &amp;&amp; ALS0207 == 0</Equation>
         <Equation>0::1==1</Equation>
      </States>
   </Equipment>
   <Equipment name="S0207" type="Signal" flavor="Blocking" CommandTimeOut="" AlarmTimeout="">
      <States>
         <Equation>S_NOTBLOCKING[1]::MSC0207 == 1</Equation>
         <Equation>S_BLOCKING[2]::MSC0207 == 0</Equation>
      </States>
      <Requisites>
         <Equation>PREP_SBC0207[PREP_SBC]::PREP_SBC02==0</Equation>
         <Equation>PREP_SUC0207[PREP_SUC]::PREP_SUC02==0</Equation>
         <Equation>CONF_SBC0207[CONF_SBC]::1</Equation>
         <Equation>CONF_SUC0207[CONF_SUC]::1</Equation>
      </Requisites>
      <CommandResults>
         <Equation>PREP_SBC0207[PREP_SBC_RES]::PREP_SBC02==1</Equation>
         <Equation>PREP_SUC0207[PREP_SUC_RES]::PREP_SUC02==1</Equation>
         <Equation>CONF_SBC0207[CONF_SBC_RES]::MSC0207== 0</Equation>
         <Equation>CONF_SUC0207[CONF_SUC_RES]::MSC0207== 1</Equation>
      </CommandResults>
   </Equipment>
   <Equipment name="S0207" type="Signal" flavor="Automatic" CommandTimeOut="" AlarmTimeout="">
      <States>
         <Equation>1::RL0207_0211_D==0 &amp;&amp; RL0207_0213_D==0</Equation>
         <Equation>2::S_SEL0207 == 1 &amp;&amp; RL0207_0211_D==0 &amp;&amp; RL0207_0213_D==0</Equation>
         <Equation>3::RL0207_0211_D==1 || RL0207_0213_D==1</Equation>
      </States>
   </Equipment>
   <Equipment name="S0207" type="Signal" flavor="Release" CommandTimeOut="" AlarmTimeout="">
      <States>
         <Equation>1::S_REL0207 == 0 &amp;&amp; (RL0207_0211_D==0 &amp;&amp; RL0207_0213_D==0)</Equation>
         <Equation>2::S_REL0207 == 0 &amp;&amp; (RL0207_0211_D==1 || RL0207_0213_D==1)</Equation>
         <Equation>3::S_REL0207 == 1 &amp;&amp; (RL0207_0211_D==1 || RL0207_0213_D==1)</Equation>
      </States>
   </Equipment>
   <Equipment name="S0207" type="Signal" flavor="Lamp" CommandTimeOut="" AlarmTimeout="">
      <States>
         <Equation>1::SPLS0207 == 0</Equation>
         <Equation>2::SPLS0207 == 1</Equation>
      </States>
      <StateAlarms>
         <Equation>S_RED_FAILURE[1]::SPLS0207==0 &amp;&amp; S0207_OFF==0</Equation>
         <Equation>S_WHITE_FAILURE[2]::SPLS0207==0 &amp;&amp; S0207_OFF==1</Equation>
      </StateAlarms>
   </Equipment>
   <Equipment name="S0207" type="Signal" flavor="Detection" CommandTimeOut="" AlarmTimeout="">
      <States>
         <Equation>S_STOP[0]::S0207_OFF == 0</Equation>
         <Equation>S_PERMISSIVE[1]::S0207_OFF == 1</Equation>
      </States>
   </Equipment>
   <Equipment name="S0207" type="Signal" flavor="HMI" CommandTimeOut="" AlarmTimeout="">
      <States>
         <Equation>NOEVENT[0]:: 1==1</Equation>
      </States>
   </Equipment>
   <Equipment name="S0213" type="Signal" flavor="Detection" CommandTimeOut="" AlarmTimeout="">
      <States>
         <Equation>S_STOP[0]::S0213_OFF == 0</Equation>
         <Equation>S_PERMISSIVE[1]::S0213_OFF == 1</Equation>
      </States>
   </Equipment>
   <Equipment name="S0213" type="Signal" flavor="ALS" CommandTimeOut="" AlarmTimeout="">
      <States>
         <Equation>S_APPROACH_FREE[1]::ALS0213 == 1</Equation>
         <Equation>S_APPROACH_LOCKED[2]::ALS0213 == 0</Equation>
         <Equation>NOEVENT[0]::1 == 1</Equation>
      </States>
   </Equipment>
   <Equipment name="S0213" type="Signal" flavor="HMI" CommandTimeOut="" AlarmTimeout="">
      <States>
         <Equation>1::S0213_OFF == 1 &amp;&amp; ALS0213 ==1</Equation>
         <Equation>2::S0213_OFF == 0 &amp;&amp; ALS0213 ==1</Equation>
         <Equation>3::S0213_OFF == 0 &amp;&amp; ALS0213 == 0</Equation>
         <Equation>4::S0213_OFF == 1 &amp;&amp; ALS0213 == 0</Equation>
         <Equation>0::1==1</Equation>
      </States>
   </Equipment>
   <Equipment name="S0213" type="Signal" flavor="Blocking" CommandTimeOut="" AlarmTimeout="">
      <States>
         <Equation>S_NOTBLOCKING[1]::MSC0213 == 1</Equation>
         <Equation>S_BLOCKING[2]::MSC0213 == 0</Equation>
      </States>
      <Requisites>
         <Equation>PREP_SBC0213[PREP_SBC]::PREP_SBC02==0</Equation>
         <Equation>PREP_SUC0213[PREP_SUC]::PREP_SUC02==0</Equation>
         <Equation>CONF_SBC0213[CONF_SBC]::1</Equation>
         <Equation>CONF_SUC0213[CONF_SUC]::1</Equation>
      </Requisites>
      <CommandResults>
         <Equation>PREP_SBC0213[PREP_SBC_RES]::PREP_SBC02==1</Equation>
         <Equation>PREP_SUC0213[PREP_SUC_RES]::PREP_SUC02==1</Equation>
         <Equation>CONF_SBC0213[CONF_SBC_RES]::MSC0213== 0</Equation>
         <Equation>CONF_SUC0213[CONF_SUC_RES]::MSC0213== 1</Equation>
      </CommandResults>
   </Equipment>
   <Equipment name="S0213" type="Signal" flavor="Automatic" CommandTimeOut="" AlarmTimeout="">
      <States>
         <Equation>1::RL0213_0307_D==0</Equation>
         <Equation>2::S_SEL0213 == 1 &amp;&amp; RL0213_0307_D==0</Equation>
         <Equation>3::RL0213_0307_D==1</Equation>
      </States>
   </Equipment>
   <Equipment name="S0213" type="Signal" flavor="Release" CommandTimeOut="" AlarmTimeout="">
      <States>
         <Equation>1::S_REL0213 == 0 &amp;&amp; (RL0213_0307_D==0)</Equation>
         <Equation>2::S_REL0213 == 0 &amp;&amp; (RL0213_0307_D==1)</Equation>
         <Equation>3::S_REL0213 == 1 &amp;&amp; (RL0213_0307_D==1)</Equation>
      </States>
   </Equipment>
   <Equipment name="S0213" type="Signal" flavor="Lamp" CommandTimeOut="" AlarmTimeout="">
      <States>
         <Equation>1::SPLS0213 == 0</Equation>
         <Equation>2::SPLS0213 == 1</Equation>
      </States>
      <StateAlarms>
         <Equation>S_RED_FAILURE[1]::SPLS0213==0 &amp;&amp; S0213_OFF==0</Equation>
         <Equation>S_WHITE_FAILURE[2]::SPLS0213==0 &amp;&amp; S0213_OFF==1</Equation>
      </StateAlarms>
   </Equipment>
   <Equipment name="S0213" type="Signal" flavor="Detection" CommandTimeOut="" AlarmTimeout="">
      <States>
         <Equation>S_STOP[0]::S0213_OFF == 0</Equation>
         <Equation>S_PERMISSIVE[1]::S0213_OFF == 1</Equation>
      </States>
   </Equipment>
   <Equipment name="S0213" type="Signal" flavor="HMI" CommandTimeOut="" AlarmTimeout="">
      <States>
         <Equation>NOEVENT[0]:: 1==1</Equation>
      </States>
   </Equipment>
   <Equipment name="S0211" type="Signal" flavor="Detection" CommandTimeOut="" AlarmTimeout="">
      <States>
         <Equation>S_STOP[0]::S0211_OFF == 0</Equation>
         <Equation>S_PERMISSIVE[1]::S0211_OFF == 1</Equation>
      </States>
   </Equipment>
   <Equipment name="S0211" type="Signal" flavor="ALS" CommandTimeOut="" AlarmTimeout="">
      <States>
         <Equation>S_APPROACH_FREE[1]::ALS0211 == 1</Equation>
         <Equation>S_APPROACH_LOCKED[2]::ALS0211 == 0</Equation>
         <Equation>NOEVENT[0]::1 == 1</Equation>
      </States>
   </Equipment>
   <Equipment name="S0211" type="Signal" flavor="HMI" CommandTimeOut="" AlarmTimeout="">
      <States>
         <Equation>1::S0211_OFF == 1 &amp;&amp; ALS0211 ==1</Equation>
         <Equation>2::S0211_OFF == 0 &amp;&amp; ALS0211 ==1</Equation>
         <Equation>3::S0211_OFF == 0 &amp;&amp; ALS0211 == 0</Equation>
         <Equation>4::S0211_OFF == 1 &amp;&amp; ALS0211 == 0</Equation>
         <Equation>0::1==1</Equation>
      </States>
   </Equipment>
   <Equipment name="S0211" type="Signal" flavor="Blocking" CommandTimeOut="" AlarmTimeout="">
      <States>
         <Equation>S_NOTBLOCKING[1]::MSC0211 == 1</Equation>
         <Equation>S_BLOCKING[2]::MSC0211 == 0</Equation>
      </States>
      <Requisites>
         <Equation>PREP_SBC0211[PREP_SBC]::PREP_SBC02==0</Equation>
         <Equation>PREP_SUC0211[PREP_SUC]::PREP_SUC02==0</Equation>
         <Equation>CONF_SBC0211[CONF_SBC]::1</Equation>
         <Equation>CONF_SUC0211[CONF_SUC]::1</Equation>
      </Requisites>
      <CommandResults>
         <Equation>PREP_SBC0211[PREP_SBC_RES]::PREP_SBC02==1</Equation>
         <Equation>PREP_SUC0211[PREP_SUC_RES]::PREP_SUC02==1</Equation>
         <Equation>CONF_SBC0211[CONF_SBC_RES]::MSC0211== 0</Equation>
         <Equation>CONF_SUC0211[CONF_SUC_RES]::MSC0211== 1</Equation>
      </CommandResults>
   </Equipment>
   <Equipment name="S0211" type="Signal" flavor="Automatic" CommandTimeOut="" AlarmTimeout="">
      <States>
         <Equation>1::RL0211_0305_D==0 &amp;&amp; RL0211_0307_D==0</Equation>
         <Equation>2::S_SEL0211 == 1 &amp;&amp; RL0211_0305_D==0 &amp;&amp; RL0211_0307_D==0</Equation>
         <Equation>3::RL0211_0305_D==1 || RL0211_0307_D==1</Equation>
      </States>
   </Equipment>
   <Equipment name="S0211" type="Signal" flavor="Release" CommandTimeOut="" AlarmTimeout="">
      <States>
         <Equation>1::S_REL0211 == 0 &amp;&amp; (RL0211_0305_D==0 &amp;&amp; RL0211_0307_D==0)</Equation>
         <Equation>2::S_REL0211 == 0 &amp;&amp; (RL0211_0305_D==1 || RL0211_0307_D==1)</Equation>
         <Equation>3::S_REL0211 == 1 &amp;&amp; (RL0211_0305_D==1 || RL0211_0307_D==1)</Equation>
      </States>
   </Equipment>
   <Equipment name="S0211" type="Signal" flavor="Lamp" CommandTimeOut="" AlarmTimeout="">
      <States>
         <Equation>1::SPLS0211 == 0</Equation>
         <Equation>2::SPLS0211 == 1</Equation>
      </States>
      <StateAlarms>
         <Equation>S_RED_FAILURE[1]::SPLS0211==0 &amp;&amp; S0211_OFF==0</Equation>
         <Equation>S_WHITE_FAILURE[2]::SPLS0211==0 &amp;&amp; S0211_OFF==1</Equation>
      </StateAlarms>
   </Equipment>
   <Equipment name="S0211" type="Signal" flavor="Detection" CommandTimeOut="" AlarmTimeout="">
      <States>
         <Equation>S_STOP[0]::S0211_OFF == 0</Equation>
         <Equation>S_PERMISSIVE[1]::S0211_OFF == 1</Equation>
      </States>
   </Equipment>
   <Equipment name="S0211" type="Signal" flavor="HMI" CommandTimeOut="" AlarmTimeout="">
      <States>
         <Equation>NOEVENT[0]:: 1==1</Equation>
      </States>
   </Equipment>
</SignallingRules>