<?xml version="1.0" encoding="UTF-8"?>
<SignallingRules xmlns:xsi="http://www.w3.org/2001/XMLSchema-instance"
                 xmlns:sys="http://www.systerel.fr/Alstom/IDP"
                 Project="CCL"
                 Generation_Date="XXXX-XX-XX"
                 xsi:noNamespaceSchemaLocation="SigRules.xsd">
   <Versions>
         <Version Name="ICONIS_IDP#SyAD_Configuration-CCL"
               Value="830F-ATS-0895_1E &amp; 830F-ATS-0402-1G"/>
         <Version Name="ICONIS_IDP#Product_Version" Value="SW_IDP_CCL_1.6.6"/>
         <Version Name="Project#System_Database_Version" Value="1.0.0"/>
         <Version Name="Project#ATS_Parameter_Version" Value=""/>
      </Versions>
   <Equipment name="S1506" type="Signal" flavor="Detection" CommandTimeOut="" AlarmTimeout="">
      <States>
         <Equation>S_STOP[0]::S1506_OFF == 0</Equation>
         <Equation>S_PERMISSIVE[1]::S1506_OFF == 1</Equation>
      </States>
   </Equipment>
   <Equipment name="S1506" type="Signal" flavor="ALS" CommandTimeOut="" AlarmTimeout="">
      <States>
         <Equation>S_APPROACH_FREE[1]::ALS1506 == 1</Equation>
         <Equation>S_APPROACH_LOCKED[2]::ALS1506 == 0</Equation>
         <Equation>NOEVENT[0]::1 == 1</Equation>
      </States>
   </Equipment>
   <Equipment name="S1506" type="Signal" flavor="HMI" CommandTimeOut="" AlarmTimeout="">
      <States>
         <Equation>1::S1506_OFF == 1 &amp;&amp; ALS1506 ==1</Equation>
         <Equation>2::S1506_OFF == 0 &amp;&amp; ALS1506 ==1</Equation>
         <Equation>3::S1506_OFF == 0 &amp;&amp; ALS1506 == 0</Equation>
         <Equation>4::S1506_OFF == 1 &amp;&amp; ALS1506 == 0</Equation>
         <Equation>0::1==1</Equation>
      </States>
   </Equipment>
   <Equipment name="S1506" type="Signal" flavor="Blocking" CommandTimeOut="" AlarmTimeout="">
      <States>
         <Equation>S_NOTBLOCKING[1]::MSC1506 == 1</Equation>
         <Equation>S_BLOCKING[2]::MSC1506 == 0</Equation>
      </States>
      <Requisites>
         <Equation>PREP_SBC1506[PREP_SBC]::PREP_SBC15==0</Equation>
         <Equation>PREP_SUC1506[PREP_SUC]::PREP_SUC15==0</Equation>
         <Equation>CONF_SBC1506[CONF_SBC]::1</Equation>
         <Equation>CONF_SUC1506[CONF_SUC]::1</Equation>
      </Requisites>
      <CommandResults>
         <Equation>PREP_SBC1506[PREP_SBC_RES]::PREP_SBC15==1</Equation>
         <Equation>PREP_SUC1506[PREP_SUC_RES]::PREP_SUC15==1</Equation>
         <Equation>CONF_SBC1506[CONF_SBC_RES]::MSC1506== 0</Equation>
         <Equation>CONF_SUC1506[CONF_SUC_RES]::MSC1506== 1</Equation>
      </CommandResults>
   </Equipment>
   <Equipment name="S1506" type="Signal" flavor="Automatic" CommandTimeOut="" AlarmTimeout="">
      <States>
         <Equation>1::RL1506_1626_D==0</Equation>
         <Equation>2::S_SEL1506 == 1 &amp;&amp; RL1506_1626_D==0</Equation>
         <Equation>3::RL1506_1626_D==1</Equation>
      </States>
   </Equipment>
   <Equipment name="S1506" type="Signal" flavor="Release" CommandTimeOut="" AlarmTimeout="">
      <States>
         <Equation>1::S_REL1506 == 0 &amp;&amp; (RL1506_1626_D==0)</Equation>
         <Equation>2::S_REL1506 == 0 &amp;&amp; (RL1506_1626_D==1)</Equation>
         <Equation>3::S_REL1506 == 1 &amp;&amp; (RL1506_1626_D==1)</Equation>
      </States>
   </Equipment>
   <Equipment name="S1506" type="Signal" flavor="Lamp" CommandTimeOut="" AlarmTimeout="">
      <States>
         <Equation>1::SPLS1506 == 0</Equation>
         <Equation>2::SPLS1506 == 1</Equation>
      </States>
      <StateAlarms>
         <Equation>S_RED_FAILURE[1]::SPLS1506==0 &amp;&amp; S1506_OFF==0</Equation>
         <Equation>S_WHITE_FAILURE[2]::SPLS1506==0 &amp;&amp; S1506_OFF==1</Equation>
      </StateAlarms>
   </Equipment>
   <Equipment name="S1506" type="Signal" flavor="Detection" CommandTimeOut="" AlarmTimeout="">
      <States>
         <Equation>S_STOP[0]::S1506_OFF == 0</Equation>
         <Equation>S_PERMISSIVE[1]::S1506_OFF == 1</Equation>
      </States>
   </Equipment>
   <Equipment name="S1506" type="Signal" flavor="HMI" CommandTimeOut="" AlarmTimeout="">
      <States>
         <Equation>NOEVENT[0]:: 1==1</Equation>
      </States>
   </Equipment>
   <Equipment name="S1512" type="Signal" flavor="Detection" CommandTimeOut="" AlarmTimeout="">
      <States>
         <Equation>S_STOP[0]::S1512_OFF == 0</Equation>
         <Equation>S_PERMISSIVE[1]::S1512_OFF == 1</Equation>
      </States>
   </Equipment>
   <Equipment name="S1512" type="Signal" flavor="ALS" CommandTimeOut="" AlarmTimeout="">
      <States>
         <Equation>S_APPROACH_FREE[1]::ALS1512 == 1</Equation>
         <Equation>S_APPROACH_LOCKED[2]::ALS1512 == 0</Equation>
         <Equation>NOEVENT[0]::1 == 1</Equation>
      </States>
   </Equipment>
   <Equipment name="S1512" type="Signal" flavor="HMI" CommandTimeOut="" AlarmTimeout="">
      <States>
         <Equation>1::S1512_OFF == 1 &amp;&amp; ALS1512 ==1</Equation>
         <Equation>2::S1512_OFF == 0 &amp;&amp; ALS1512 ==1</Equation>
         <Equation>3::S1512_OFF == 0 &amp;&amp; ALS1512 == 0</Equation>
         <Equation>4::S1512_OFF == 1 &amp;&amp; ALS1512 == 0</Equation>
         <Equation>0::1==1</Equation>
      </States>
   </Equipment>
   <Equipment name="S1512" type="Signal" flavor="Blocking" CommandTimeOut="" AlarmTimeout="">
      <States>
         <Equation>S_NOTBLOCKING[1]::MSC1512 == 1</Equation>
         <Equation>S_BLOCKING[2]::MSC1512 == 0</Equation>
      </States>
      <Requisites>
         <Equation>PREP_SBC1512[PREP_SBC]::PREP_SBC15==0</Equation>
         <Equation>PREP_SUC1512[PREP_SUC]::PREP_SUC15==0</Equation>
         <Equation>CONF_SBC1512[CONF_SBC]::1</Equation>
         <Equation>CONF_SUC1512[CONF_SUC]::1</Equation>
      </Requisites>
      <CommandResults>
         <Equation>PREP_SBC1512[PREP_SBC_RES]::PREP_SBC15==1</Equation>
         <Equation>PREP_SUC1512[PREP_SUC_RES]::PREP_SUC15==1</Equation>
         <Equation>CONF_SBC1512[CONF_SBC_RES]::MSC1512== 0</Equation>
         <Equation>CONF_SUC1512[CONF_SUC_RES]::MSC1512== 1</Equation>
      </CommandResults>
   </Equipment>
   <Equipment name="S1512" type="Signal" flavor="Automatic" CommandTimeOut="" AlarmTimeout="">
      <States>
         <Equation>1::RL1512_1504_D==0 &amp;&amp; RL1512_1506_D==0</Equation>
         <Equation>2::S_SEL1512 == 1 &amp;&amp; RL1512_1504_D==0 &amp;&amp; RL1512_1506_D==0</Equation>
         <Equation>3::RL1512_1504_D==1 || RL1512_1506_D==1</Equation>
      </States>
   </Equipment>
   <Equipment name="S1512" type="Signal" flavor="Release" CommandTimeOut="" AlarmTimeout="">
      <States>
         <Equation>1::S_REL1512 == 0 &amp;&amp; (RL1512_1504_D==0 &amp;&amp; RL1512_1506_D==0)</Equation>
         <Equation>2::S_REL1512 == 0 &amp;&amp; (RL1512_1504_D==1 || RL1512_1506_D==1)</Equation>
         <Equation>3::S_REL1512 == 1 &amp;&amp; (RL1512_1504_D==1 || RL1512_1506_D==1)</Equation>
      </States>
   </Equipment>
   <Equipment name="S1512" type="Signal" flavor="Lamp" CommandTimeOut="" AlarmTimeout="">
      <States>
         <Equation>1::SPLS1512 == 0</Equation>
         <Equation>2::SPLS1512 == 1</Equation>
      </States>
      <StateAlarms>
         <Equation>S_RED_FAILURE[1]::SPLS1512==0 &amp;&amp; S1512_OFF==0</Equation>
         <Equation>S_WHITE_FAILURE[2]::SPLS1512==0 &amp;&amp; S1512_OFF==1</Equation>
      </StateAlarms>
   </Equipment>
   <Equipment name="S1512" type="Signal" flavor="Detection" CommandTimeOut="" AlarmTimeout="">
      <States>
         <Equation>S_STOP[0]::S1512_OFF == 0</Equation>
         <Equation>S_PERMISSIVE[1]::S1512_OFF == 1</Equation>
      </States>
   </Equipment>
   <Equipment name="S1512" type="Signal" flavor="HMI" CommandTimeOut="" AlarmTimeout="">
      <States>
         <Equation>NOEVENT[0]:: 1==1</Equation>
      </States>
   </Equipment>
   <Equipment name="S1516" type="Signal" flavor="Detection" CommandTimeOut="" AlarmTimeout="">
      <States>
         <Equation>S_STOP[0]::S1516_OFF == 0</Equation>
         <Equation>S_PERMISSIVE[1]::S1516_OFF == 1</Equation>
      </States>
   </Equipment>
   <Equipment name="S1516" type="Signal" flavor="ALS" CommandTimeOut="" AlarmTimeout="">
      <States>
         <Equation>S_APPROACH_FREE[1]::ALS1516 == 1</Equation>
         <Equation>S_APPROACH_LOCKED[2]::ALS1516 == 0</Equation>
         <Equation>NOEVENT[0]::1 == 1</Equation>
      </States>
   </Equipment>
   <Equipment name="S1516" type="Signal" flavor="HMI" CommandTimeOut="" AlarmTimeout="">
      <States>
         <Equation>1::S1516_OFF == 1 &amp;&amp; ALS1516 ==1</Equation>
         <Equation>2::S1516_OFF == 0 &amp;&amp; ALS1516 ==1</Equation>
         <Equation>3::S1516_OFF == 0 &amp;&amp; ALS1516 == 0</Equation>
         <Equation>4::S1516_OFF == 1 &amp;&amp; ALS1516 == 0</Equation>
         <Equation>0::1==1</Equation>
      </States>
   </Equipment>
   <Equipment name="S1516" type="Signal" flavor="Blocking" CommandTimeOut="" AlarmTimeout="">
      <States>
         <Equation>S_NOTBLOCKING[1]::MSC1516 == 1</Equation>
         <Equation>S_BLOCKING[2]::MSC1516 == 0</Equation>
      </States>
      <Requisites>
         <Equation>PREP_SBC1516[PREP_SBC]::PREP_SBC15==0</Equation>
         <Equation>PREP_SUC1516[PREP_SUC]::PREP_SUC15==0</Equation>
         <Equation>CONF_SBC1516[CONF_SBC]::1</Equation>
         <Equation>CONF_SUC1516[CONF_SUC]::1</Equation>
      </Requisites>
      <CommandResults>
         <Equation>PREP_SBC1516[PREP_SBC_RES]::PREP_SBC15==1</Equation>
         <Equation>PREP_SUC1516[PREP_SUC_RES]::PREP_SUC15==1</Equation>
         <Equation>CONF_SBC1516[CONF_SBC_RES]::MSC1516== 0</Equation>
         <Equation>CONF_SUC1516[CONF_SUC_RES]::MSC1516== 1</Equation>
      </CommandResults>
   </Equipment>
   <Equipment name="S1516" type="Signal" flavor="Automatic" CommandTimeOut="" AlarmTimeout="">
      <States>
         <Equation>1::RL1516_1512_D==0 &amp;&amp; RL1516_1601_D==0</Equation>
         <Equation>2::S_SEL1516 == 1 &amp;&amp; RL1516_1512_D==0 &amp;&amp; RL1516_1601_D==0</Equation>
         <Equation>3::RL1516_1512_D==1 || RL1516_1601_D==1</Equation>
      </States>
   </Equipment>
   <Equipment name="S1516" type="Signal" flavor="Release" CommandTimeOut="" AlarmTimeout="">
      <States>
         <Equation>1::S_REL1516 == 0 &amp;&amp; (RL1516_1512_D==0 &amp;&amp; RL1516_1601_D==0)</Equation>
         <Equation>2::S_REL1516 == 0 &amp;&amp; (RL1516_1512_D==1 || RL1516_1601_D==1)</Equation>
         <Equation>3::S_REL1516 == 1 &amp;&amp; (RL1516_1512_D==1 || RL1516_1601_D==1)</Equation>
      </States>
   </Equipment>
   <Equipment name="S1516" type="Signal" flavor="Lamp" CommandTimeOut="" AlarmTimeout="">
      <States>
         <Equation>1::SPLS1516 == 0</Equation>
         <Equation>2::SPLS1516 == 1</Equation>
      </States>
      <StateAlarms>
         <Equation>S_RED_FAILURE[1]::SPLS1516==0 &amp;&amp; S1516_OFF==0</Equation>
         <Equation>S_WHITE_FAILURE[2]::SPLS1516==0 &amp;&amp; S1516_OFF==1</Equation>
      </StateAlarms>
   </Equipment>
   <Equipment name="S1516" type="Signal" flavor="Detection" CommandTimeOut="" AlarmTimeout="">
      <States>
         <Equation>S_STOP[0]::S1516_OFF == 0</Equation>
         <Equation>S_PERMISSIVE[1]::S1516_OFF == 1</Equation>
      </States>
   </Equipment>
   <Equipment name="S1516" type="Signal" flavor="HMI" CommandTimeOut="" AlarmTimeout="">
      <States>
         <Equation>NOEVENT[0]:: 1==1</Equation>
      </States>
   </Equipment>
   <Equipment name="S1504" type="Signal" flavor="Detection" CommandTimeOut="" AlarmTimeout="">
      <States>
         <Equation>S_STOP[0]::S1504_OFF == 0</Equation>
         <Equation>S_PERMISSIVE[1]::S1504_OFF == 1</Equation>
      </States>
   </Equipment>
   <Equipment name="S1504" type="Signal" flavor="ALS" CommandTimeOut="" AlarmTimeout="">
      <States>
         <Equation>S_APPROACH_FREE[1]::ALS1504 == 1</Equation>
         <Equation>S_APPROACH_LOCKED[2]::ALS1504 == 0</Equation>
         <Equation>NOEVENT[0]::1 == 1</Equation>
      </States>
   </Equipment>
   <Equipment name="S1504" type="Signal" flavor="HMI" CommandTimeOut="" AlarmTimeout="">
      <States>
         <Equation>1::S1504_OFF == 1 &amp;&amp; ALS1504 ==1</Equation>
         <Equation>2::S1504_OFF == 0 &amp;&amp; ALS1504 ==1</Equation>
         <Equation>3::S1504_OFF == 0 &amp;&amp; ALS1504 == 0</Equation>
         <Equation>4::S1504_OFF == 1 &amp;&amp; ALS1504 == 0</Equation>
         <Equation>0::1==1</Equation>
      </States>
   </Equipment>
   <Equipment name="S1504" type="Signal" flavor="Blocking" CommandTimeOut="" AlarmTimeout="">
      <States>
         <Equation>S_NOTBLOCKING[1]::MSC1504 == 1</Equation>
         <Equation>S_BLOCKING[2]::MSC1504 == 0</Equation>
      </States>
      <Requisites>
         <Equation>PREP_SBC1504[PREP_SBC]::PREP_SBC15==0</Equation>
         <Equation>PREP_SUC1504[PREP_SUC]::PREP_SUC15==0</Equation>
         <Equation>CONF_SBC1504[CONF_SBC]::1</Equation>
         <Equation>CONF_SUC1504[CONF_SUC]::1</Equation>
      </Requisites>
      <CommandResults>
         <Equation>PREP_SBC1504[PREP_SBC_RES]::PREP_SBC15==1</Equation>
         <Equation>PREP_SUC1504[PREP_SUC_RES]::PREP_SUC15==1</Equation>
         <Equation>CONF_SBC1504[CONF_SBC_RES]::MSC1504== 0</Equation>
         <Equation>CONF_SUC1504[CONF_SUC_RES]::MSC1504== 1</Equation>
      </CommandResults>
   </Equipment>
   <Equipment name="S1504" type="Signal" flavor="Automatic" CommandTimeOut="" AlarmTimeout="">
      <States>
         <Equation>1::RL1504_1628_D==0</Equation>
         <Equation>2::S_SEL1504 == 1 &amp;&amp; RL1504_1628_D==0</Equation>
         <Equation>3::RL1504_1628_D==1</Equation>
      </States>
   </Equipment>
   <Equipment name="S1504" type="Signal" flavor="Release" CommandTimeOut="" AlarmTimeout="">
      <States>
         <Equation>1::S_REL1504 == 0 &amp;&amp; (RL1504_1628_D==0)</Equation>
         <Equation>2::S_REL1504 == 0 &amp;&amp; (RL1504_1628_D==1)</Equation>
         <Equation>3::S_REL1504 == 1 &amp;&amp; (RL1504_1628_D==1)</Equation>
      </States>
   </Equipment>
   <Equipment name="S1504" type="Signal" flavor="Lamp" CommandTimeOut="" AlarmTimeout="">
      <States>
         <Equation>1::SPLS1504 == 0</Equation>
         <Equation>2::SPLS1504 == 1</Equation>
      </States>
      <StateAlarms>
         <Equation>S_RED_FAILURE[1]::SPLS1504==0 &amp;&amp; S1504_OFF==0</Equation>
         <Equation>S_WHITE_FAILURE[2]::SPLS1504==0 &amp;&amp; S1504_OFF==1</Equation>
      </StateAlarms>
   </Equipment>
   <Equipment name="S1504" type="Signal" flavor="Fleet">
      <States>
         <Equation>2::AR1504_1628==0</Equation>
         <Equation>3::RL1504_1628_D==1&amp;&amp;AR1504_1628==1</Equation>
      </States>
   </Equipment>
   <Equipment name="S1504" type="Signal" flavor="Detection" CommandTimeOut="" AlarmTimeout="">
      <States>
         <Equation>S_STOP[0]::S1504_OFF == 0</Equation>
         <Equation>S_PERMISSIVE[1]::S1504_OFF == 1</Equation>
      </States>
   </Equipment>
   <Equipment name="S1504" type="Signal" flavor="HMI" CommandTimeOut="" AlarmTimeout="">
      <States>
         <Equation>NOEVENT[0]:: 1==1</Equation>
      </States>
   </Equipment>
   <Equipment name="S1508" type="Signal" flavor="Detection" CommandTimeOut="" AlarmTimeout="">
      <States>
         <Equation>S_STOP[0]::S1508_OFF == 0</Equation>
         <Equation>S_PERMISSIVE[1]::S1508_OFF == 1</Equation>
      </States>
   </Equipment>
   <Equipment name="S1508" type="Signal" flavor="ALS" CommandTimeOut="" AlarmTimeout="">
      <States>
         <Equation>S_APPROACH_FREE[1]::ALS1508 == 1</Equation>
         <Equation>S_APPROACH_LOCKED[2]::ALS1508 == 0</Equation>
         <Equation>NOEVENT[0]::1 == 1</Equation>
      </States>
   </Equipment>
   <Equipment name="S1508" type="Signal" flavor="HMI" CommandTimeOut="" AlarmTimeout="">
      <States>
         <Equation>1::S1508_OFF == 1 &amp;&amp; ALS1508 ==1</Equation>
         <Equation>2::S1508_OFF == 0 &amp;&amp; ALS1508 ==1</Equation>
         <Equation>3::S1508_OFF == 0 &amp;&amp; ALS1508 == 0</Equation>
         <Equation>4::S1508_OFF == 1 &amp;&amp; ALS1508 == 0</Equation>
         <Equation>0::1==1</Equation>
      </States>
   </Equipment>
   <Equipment name="S1508" type="Signal" flavor="Blocking" CommandTimeOut="" AlarmTimeout="">
      <States>
         <Equation>S_NOTBLOCKING[1]::MSC1508 == 1</Equation>
         <Equation>S_BLOCKING[2]::MSC1508 == 0</Equation>
      </States>
      <Requisites>
         <Equation>PREP_SBC1508[PREP_SBC]::PREP_SBC15==0</Equation>
         <Equation>PREP_SUC1508[PREP_SUC]::PREP_SUC15==0</Equation>
         <Equation>CONF_SBC1508[CONF_SBC]::1</Equation>
         <Equation>CONF_SUC1508[CONF_SUC]::1</Equation>
      </Requisites>
      <CommandResults>
         <Equation>PREP_SBC1508[PREP_SBC_RES]::PREP_SBC15==1</Equation>
         <Equation>PREP_SUC1508[PREP_SUC_RES]::PREP_SUC15==1</Equation>
         <Equation>CONF_SBC1508[CONF_SBC_RES]::MSC1508== 0</Equation>
         <Equation>CONF_SUC1508[CONF_SUC_RES]::MSC1508== 1</Equation>
      </CommandResults>
   </Equipment>
   <Equipment name="S1508" type="Signal" flavor="Automatic" CommandTimeOut="" AlarmTimeout="">
      <States>
         <Equation>1::RL1508_1504_D==0</Equation>
         <Equation>2::S_SEL1508 == 1 &amp;&amp; RL1508_1504_D==0</Equation>
         <Equation>3::RL1508_1504_D==1</Equation>
      </States>
   </Equipment>
   <Equipment name="S1508" type="Signal" flavor="Release" CommandTimeOut="" AlarmTimeout="">
      <States>
         <Equation>1::S_REL1508 == 0 &amp;&amp; (RL1508_1504_D==0)</Equation>
         <Equation>2::S_REL1508 == 0 &amp;&amp; (RL1508_1504_D==1)</Equation>
         <Equation>3::S_REL1508 == 1 &amp;&amp; (RL1508_1504_D==1)</Equation>
      </States>
   </Equipment>
   <Equipment name="S1508" type="Signal" flavor="Lamp" CommandTimeOut="" AlarmTimeout="">
      <States>
         <Equation>1::SPLS1508 == 0</Equation>
         <Equation>2::SPLS1508 == 1</Equation>
      </States>
      <StateAlarms>
         <Equation>S_RED_FAILURE[1]::SPLS1508==0 &amp;&amp; S1508_OFF==0</Equation>
         <Equation>S_WHITE_FAILURE[2]::SPLS1508==0 &amp;&amp; S1508_OFF==1</Equation>
      </StateAlarms>
   </Equipment>
   <Equipment name="S1508" type="Signal" flavor="Fleet">
      <States>
         <Equation>2::AR1508_1504==0</Equation>
         <Equation>3::RL1508_1504_D==1&amp;&amp;AR1508_1504==1</Equation>
      </States>
   </Equipment>
   <Equipment name="S1508" type="Signal" flavor="Detection" CommandTimeOut="" AlarmTimeout="">
      <States>
         <Equation>S_STOP[0]::S1508_OFF == 0</Equation>
         <Equation>S_PERMISSIVE[1]::S1508_OFF == 1</Equation>
      </States>
   </Equipment>
   <Equipment name="S1508" type="Signal" flavor="HMI" CommandTimeOut="" AlarmTimeout="">
      <States>
         <Equation>NOEVENT[0]:: 1==1</Equation>
      </States>
   </Equipment>
   <Equipment name="S1510" type="Signal" flavor="Detection" CommandTimeOut="" AlarmTimeout="">
      <States>
         <Equation>S_STOP[0]::S1510_OFF == 0</Equation>
         <Equation>S_PERMISSIVE[1]::S1510_OFF == 1</Equation>
      </States>
   </Equipment>
   <Equipment name="S1510" type="Signal" flavor="ALS" CommandTimeOut="" AlarmTimeout="">
      <States>
         <Equation>S_APPROACH_FREE[1]::ALS1510 == 1</Equation>
         <Equation>S_APPROACH_LOCKED[2]::ALS1510 == 0</Equation>
         <Equation>NOEVENT[0]::1 == 1</Equation>
      </States>
   </Equipment>
   <Equipment name="S1510" type="Signal" flavor="HMI" CommandTimeOut="" AlarmTimeout="">
      <States>
         <Equation>1::S1510_OFF == 1 &amp;&amp; ALS1510 ==1</Equation>
         <Equation>2::S1510_OFF == 0 &amp;&amp; ALS1510 ==1</Equation>
         <Equation>3::S1510_OFF == 0 &amp;&amp; ALS1510 == 0</Equation>
         <Equation>4::S1510_OFF == 1 &amp;&amp; ALS1510 == 0</Equation>
         <Equation>0::1==1</Equation>
      </States>
   </Equipment>
   <Equipment name="S1510" type="Signal" flavor="Blocking" CommandTimeOut="" AlarmTimeout="">
      <States>
         <Equation>S_NOTBLOCKING[1]::MSC1510 == 1</Equation>
         <Equation>S_BLOCKING[2]::MSC1510 == 0</Equation>
      </States>
      <Requisites>
         <Equation>PREP_SBC1510[PREP_SBC]::PREP_SBC15==0</Equation>
         <Equation>PREP_SUC1510[PREP_SUC]::PREP_SUC15==0</Equation>
         <Equation>CONF_SBC1510[CONF_SBC]::1</Equation>
         <Equation>CONF_SUC1510[CONF_SUC]::1</Equation>
      </Requisites>
      <CommandResults>
         <Equation>PREP_SBC1510[PREP_SBC_RES]::PREP_SBC15==1</Equation>
         <Equation>PREP_SUC1510[PREP_SUC_RES]::PREP_SUC15==1</Equation>
         <Equation>CONF_SBC1510[CONF_SBC_RES]::MSC1510== 0</Equation>
         <Equation>CONF_SUC1510[CONF_SUC_RES]::MSC1510== 1</Equation>
      </CommandResults>
   </Equipment>
   <Equipment name="S1510" type="Signal" flavor="Automatic" CommandTimeOut="" AlarmTimeout="">
      <States>
         <Equation>1::RL1510_1506_D==0 &amp;&amp; RL1510_1508_D==0</Equation>
         <Equation>2::S_SEL1510 == 1 &amp;&amp; RL1510_1506_D==0 &amp;&amp; RL1510_1508_D==0</Equation>
         <Equation>3::RL1510_1506_D==1 || RL1510_1508_D==1</Equation>
      </States>
   </Equipment>
   <Equipment name="S1510" type="Signal" flavor="Release" CommandTimeOut="" AlarmTimeout="">
      <States>
         <Equation>1::S_REL1510 == 0 &amp;&amp; (RL1510_1506_D==0 &amp;&amp; RL1510_1508_D==0)</Equation>
         <Equation>2::S_REL1510 == 0 &amp;&amp; (RL1510_1506_D==1 || RL1510_1508_D==1)</Equation>
         <Equation>3::S_REL1510 == 1 &amp;&amp; (RL1510_1506_D==1 || RL1510_1508_D==1)</Equation>
      </States>
   </Equipment>
   <Equipment name="S1510" type="Signal" flavor="Lamp" CommandTimeOut="" AlarmTimeout="">
      <States>
         <Equation>1::SPLS1510 == 0</Equation>
         <Equation>2::SPLS1510 == 1</Equation>
      </States>
      <StateAlarms>
         <Equation>S_RED_FAILURE[1]::SPLS1510==0 &amp;&amp; S1510_OFF==0</Equation>
         <Equation>S_WHITE_FAILURE[2]::SPLS1510==0 &amp;&amp; S1510_OFF==1</Equation>
      </StateAlarms>
   </Equipment>
   <Equipment name="S1510" type="Signal" flavor="Fleet">
      <States>
         <Equation>2::AR1510_1508==0</Equation>
         <Equation>3::RL1510_1508_D==1&amp;&amp;AR1510_1508==1</Equation>
      </States>
   </Equipment>
   <Equipment name="S1510" type="Signal" flavor="Detection" CommandTimeOut="" AlarmTimeout="">
      <States>
         <Equation>S_STOP[0]::S1510_OFF == 0</Equation>
         <Equation>S_PERMISSIVE[1]::S1510_OFF == 1</Equation>
      </States>
   </Equipment>
   <Equipment name="S1510" type="Signal" flavor="HMI" CommandTimeOut="" AlarmTimeout="">
      <States>
         <Equation>NOEVENT[0]:: 1==1</Equation>
      </States>
   </Equipment>
   <Equipment name="S1514" type="Signal" flavor="Detection" CommandTimeOut="" AlarmTimeout="">
      <States>
         <Equation>S_STOP[0]::S1514_OFF == 0</Equation>
         <Equation>S_PERMISSIVE[1]::S1514_OFF == 1</Equation>
      </States>
   </Equipment>
   <Equipment name="S1514" type="Signal" flavor="ALS" CommandTimeOut="" AlarmTimeout="">
      <States>
         <Equation>S_APPROACH_FREE[1]::ALS1514 == 1</Equation>
         <Equation>S_APPROACH_LOCKED[2]::ALS1514 == 0</Equation>
         <Equation>NOEVENT[0]::1 == 1</Equation>
      </States>
   </Equipment>
   <Equipment name="S1514" type="Signal" flavor="HMI" CommandTimeOut="" AlarmTimeout="">
      <States>
         <Equation>1::S1514_OFF == 1 &amp;&amp; ALS1514 ==1</Equation>
         <Equation>2::S1514_OFF == 0 &amp;&amp; ALS1514 ==1</Equation>
         <Equation>3::S1514_OFF == 0 &amp;&amp; ALS1514 == 0</Equation>
         <Equation>4::S1514_OFF == 1 &amp;&amp; ALS1514 == 0</Equation>
         <Equation>0::1==1</Equation>
      </States>
   </Equipment>
   <Equipment name="S1514" type="Signal" flavor="Blocking" CommandTimeOut="" AlarmTimeout="">
      <States>
         <Equation>S_NOTBLOCKING[1]::MSC1514 == 1</Equation>
         <Equation>S_BLOCKING[2]::MSC1514 == 0</Equation>
      </States>
      <Requisites>
         <Equation>PREP_SBC1514[PREP_SBC]::PREP_SBC15==0</Equation>
         <Equation>PREP_SUC1514[PREP_SUC]::PREP_SUC15==0</Equation>
         <Equation>CONF_SBC1514[CONF_SBC]::1</Equation>
         <Equation>CONF_SUC1514[CONF_SUC]::1</Equation>
      </Requisites>
      <CommandResults>
         <Equation>PREP_SBC1514[PREP_SBC_RES]::PREP_SBC15==1</Equation>
         <Equation>PREP_SUC1514[PREP_SUC_RES]::PREP_SUC15==1</Equation>
         <Equation>CONF_SBC1514[CONF_SBC_RES]::MSC1514== 0</Equation>
         <Equation>CONF_SUC1514[CONF_SUC_RES]::MSC1514== 1</Equation>
      </CommandResults>
   </Equipment>
   <Equipment name="S1514" type="Signal" flavor="Automatic" CommandTimeOut="" AlarmTimeout="">
      <States>
         <Equation>1::RL1514_1510_D==0 &amp;&amp; RL1514_1602_D==0</Equation>
         <Equation>2::S_SEL1514 == 1 &amp;&amp; RL1514_1510_D==0 &amp;&amp; RL1514_1602_D==0</Equation>
         <Equation>3::RL1514_1510_D==1 || RL1514_1602_D==1</Equation>
      </States>
   </Equipment>
   <Equipment name="S1514" type="Signal" flavor="Release" CommandTimeOut="" AlarmTimeout="">
      <States>
         <Equation>1::S_REL1514 == 0 &amp;&amp; (RL1514_1510_D==0 &amp;&amp; RL1514_1602_D==0)</Equation>
         <Equation>2::S_REL1514 == 0 &amp;&amp; (RL1514_1510_D==1 || RL1514_1602_D==1)</Equation>
         <Equation>3::S_REL1514 == 1 &amp;&amp; (RL1514_1510_D==1 || RL1514_1602_D==1)</Equation>
      </States>
   </Equipment>
   <Equipment name="S1514" type="Signal" flavor="Lamp" CommandTimeOut="" AlarmTimeout="">
      <States>
         <Equation>1::SPLS1514 == 0</Equation>
         <Equation>2::SPLS1514 == 1</Equation>
      </States>
      <StateAlarms>
         <Equation>S_RED_FAILURE[1]::SPLS1514==0 &amp;&amp; S1514_OFF==0</Equation>
         <Equation>S_WHITE_FAILURE[2]::SPLS1514==0 &amp;&amp; S1514_OFF==1</Equation>
      </StateAlarms>
   </Equipment>
   <Equipment name="S1514" type="Signal" flavor="Fleet">
      <States>
         <Equation>2::AR1514_1510==0</Equation>
         <Equation>3::RL1514_1510_D==1&amp;&amp;AR1514_1510==1</Equation>
      </States>
   </Equipment>
   <Equipment name="S1514" type="Signal" flavor="Detection" CommandTimeOut="" AlarmTimeout="">
      <States>
         <Equation>S_STOP[0]::S1514_OFF == 0</Equation>
         <Equation>S_PERMISSIVE[1]::S1514_OFF == 1</Equation>
      </States>
   </Equipment>
   <Equipment name="S1514" type="Signal" flavor="HMI" CommandTimeOut="" AlarmTimeout="">
      <States>
         <Equation>NOEVENT[0]:: 1==1</Equation>
      </States>
   </Equipment>
   <Equipment name="S1505" type="Signal" flavor="Detection" CommandTimeOut="" AlarmTimeout="">
      <States>
         <Equation>S_STOP[0]::S1505_OFF == 0</Equation>
         <Equation>S_PERMISSIVE[1]::S1505_OFF == 1</Equation>
      </States>
   </Equipment>
   <Equipment name="S1505" type="Signal" flavor="ALS" CommandTimeOut="" AlarmTimeout="">
      <States>
         <Equation>S_APPROACH_FREE[1]::ALS1505 == 1</Equation>
         <Equation>S_APPROACH_LOCKED[2]::ALS1505 == 0</Equation>
         <Equation>NOEVENT[0]::1 == 1</Equation>
      </States>
   </Equipment>
   <Equipment name="S1505" type="Signal" flavor="HMI" CommandTimeOut="" AlarmTimeout="">
      <States>
         <Equation>1::S1505_OFF == 1 &amp;&amp; ALS1505 ==1</Equation>
         <Equation>2::S1505_OFF == 0 &amp;&amp; ALS1505 ==1</Equation>
         <Equation>3::S1505_OFF == 0 &amp;&amp; ALS1505 == 0</Equation>
         <Equation>4::S1505_OFF == 1 &amp;&amp; ALS1505 == 0</Equation>
         <Equation>0::1==1</Equation>
      </States>
   </Equipment>
   <Equipment name="S1505" type="Signal" flavor="Blocking" CommandTimeOut="" AlarmTimeout="">
      <States>
         <Equation>S_NOTBLOCKING[1]::MSC1505 == 1</Equation>
         <Equation>S_BLOCKING[2]::MSC1505 == 0</Equation>
      </States>
      <Requisites>
         <Equation>PREP_SBC1505[PREP_SBC]::PREP_SBC15==0</Equation>
         <Equation>PREP_SUC1505[PREP_SUC]::PREP_SUC15==0</Equation>
         <Equation>CONF_SBC1505[CONF_SBC]::1</Equation>
         <Equation>CONF_SUC1505[CONF_SUC]::1</Equation>
      </Requisites>
      <CommandResults>
         <Equation>PREP_SBC1505[PREP_SBC_RES]::PREP_SBC15==1</Equation>
         <Equation>PREP_SUC1505[PREP_SUC_RES]::PREP_SUC15==1</Equation>
         <Equation>CONF_SBC1505[CONF_SBC_RES]::MSC1505== 0</Equation>
         <Equation>CONF_SUC1505[CONF_SUC_RES]::MSC1505== 1</Equation>
      </CommandResults>
   </Equipment>
   <Equipment name="S1505" type="Signal" flavor="Automatic" CommandTimeOut="" AlarmTimeout="">
      <States>
         <Equation>1::RL1505_1509_D==0 &amp;&amp; RL1505_1511_D==0</Equation>
         <Equation>2::S_SEL1505 == 1 &amp;&amp; RL1505_1509_D==0 &amp;&amp; RL1505_1511_D==0</Equation>
         <Equation>3::RL1505_1509_D==1 || RL1505_1511_D==1</Equation>
      </States>
   </Equipment>
   <Equipment name="S1505" type="Signal" flavor="Release" CommandTimeOut="" AlarmTimeout="">
      <States>
         <Equation>1::S_REL1505 == 0 &amp;&amp; (RL1505_1509_D==0 &amp;&amp; RL1505_1511_D==0)</Equation>
         <Equation>2::S_REL1505 == 0 &amp;&amp; (RL1505_1509_D==1 || RL1505_1511_D==1)</Equation>
         <Equation>3::S_REL1505 == 1 &amp;&amp; (RL1505_1509_D==1 || RL1505_1511_D==1)</Equation>
      </States>
   </Equipment>
   <Equipment name="S1505" type="Signal" flavor="Lamp" CommandTimeOut="" AlarmTimeout="">
      <States>
         <Equation>1::SPLS1505 == 0</Equation>
         <Equation>2::SPLS1505 == 1</Equation>
      </States>
      <StateAlarms>
         <Equation>S_RED_FAILURE[1]::SPLS1505==0 &amp;&amp; S1505_OFF==0</Equation>
         <Equation>S_WHITE_FAILURE[2]::SPLS1505==0 &amp;&amp; S1505_OFF==1</Equation>
      </StateAlarms>
   </Equipment>
   <Equipment name="S1505" type="Signal" flavor="Fleet">
      <States>
         <Equation>2::AR1505_1509==0</Equation>
         <Equation>3::RL1505_1509_D==1&amp;&amp;AR1505_1509==1</Equation>
      </States>
   </Equipment>
   <Equipment name="S1505" type="Signal" flavor="Detection" CommandTimeOut="" AlarmTimeout="">
      <States>
         <Equation>S_STOP[0]::S1505_OFF == 0</Equation>
         <Equation>S_PERMISSIVE[1]::S1505_OFF == 1</Equation>
      </States>
   </Equipment>
   <Equipment name="S1505" type="Signal" flavor="HMI" CommandTimeOut="" AlarmTimeout="">
      <States>
         <Equation>NOEVENT[0]:: 1==1</Equation>
      </States>
   </Equipment>
   <Equipment name="S1509" type="Signal" flavor="Detection" CommandTimeOut="" AlarmTimeout="">
      <States>
         <Equation>S_STOP[0]::S1509_OFF == 0</Equation>
         <Equation>S_PERMISSIVE[1]::S1509_OFF == 1</Equation>
      </States>
   </Equipment>
   <Equipment name="S1509" type="Signal" flavor="ALS" CommandTimeOut="" AlarmTimeout="">
      <States>
         <Equation>S_APPROACH_FREE[1]::ALS1509 == 1</Equation>
         <Equation>S_APPROACH_LOCKED[2]::ALS1509 == 0</Equation>
         <Equation>NOEVENT[0]::1 == 1</Equation>
      </States>
   </Equipment>
   <Equipment name="S1509" type="Signal" flavor="HMI" CommandTimeOut="" AlarmTimeout="">
      <States>
         <Equation>1::S1509_OFF == 1 &amp;&amp; ALS1509 ==1</Equation>
         <Equation>2::S1509_OFF == 0 &amp;&amp; ALS1509 ==1</Equation>
         <Equation>3::S1509_OFF == 0 &amp;&amp; ALS1509 == 0</Equation>
         <Equation>4::S1509_OFF == 1 &amp;&amp; ALS1509 == 0</Equation>
         <Equation>0::1==1</Equation>
      </States>
   </Equipment>
   <Equipment name="S1509" type="Signal" flavor="Blocking" CommandTimeOut="" AlarmTimeout="">
      <States>
         <Equation>S_NOTBLOCKING[1]::MSC1509 == 1</Equation>
         <Equation>S_BLOCKING[2]::MSC1509 == 0</Equation>
      </States>
      <Requisites>
         <Equation>PREP_SBC1509[PREP_SBC]::PREP_SBC15==0</Equation>
         <Equation>PREP_SUC1509[PREP_SUC]::PREP_SUC15==0</Equation>
         <Equation>CONF_SBC1509[CONF_SBC]::1</Equation>
         <Equation>CONF_SUC1509[CONF_SUC]::1</Equation>
      </Requisites>
      <CommandResults>
         <Equation>PREP_SBC1509[PREP_SBC_RES]::PREP_SBC15==1</Equation>
         <Equation>PREP_SUC1509[PREP_SUC_RES]::PREP_SUC15==1</Equation>
         <Equation>CONF_SBC1509[CONF_SBC_RES]::MSC1509== 0</Equation>
         <Equation>CONF_SUC1509[CONF_SUC_RES]::MSC1509== 1</Equation>
      </CommandResults>
   </Equipment>
   <Equipment name="S1509" type="Signal" flavor="Automatic" CommandTimeOut="" AlarmTimeout="">
      <States>
         <Equation>1::RL1509_1513_D==0</Equation>
         <Equation>2::S_SEL1509 == 1 &amp;&amp; RL1509_1513_D==0</Equation>
         <Equation>3::RL1509_1513_D==1</Equation>
      </States>
   </Equipment>
   <Equipment name="S1509" type="Signal" flavor="Release" CommandTimeOut="" AlarmTimeout="">
      <States>
         <Equation>1::S_REL1509 == 0 &amp;&amp; (RL1509_1513_D==0)</Equation>
         <Equation>2::S_REL1509 == 0 &amp;&amp; (RL1509_1513_D==1)</Equation>
         <Equation>3::S_REL1509 == 1 &amp;&amp; (RL1509_1513_D==1)</Equation>
      </States>
   </Equipment>
   <Equipment name="S1509" type="Signal" flavor="Lamp" CommandTimeOut="" AlarmTimeout="">
      <States>
         <Equation>1::SPLS1509 == 0</Equation>
         <Equation>2::SPLS1509 == 1</Equation>
      </States>
      <StateAlarms>
         <Equation>S_RED_FAILURE[1]::SPLS1509==0 &amp;&amp; S1509_OFF==0</Equation>
         <Equation>S_WHITE_FAILURE[2]::SPLS1509==0 &amp;&amp; S1509_OFF==1</Equation>
      </StateAlarms>
   </Equipment>
   <Equipment name="S1509" type="Signal" flavor="Fleet">
      <States>
         <Equation>2::AR1509_1513==0</Equation>
         <Equation>3::RL1509_1513_D==1&amp;&amp;AR1509_1513==1</Equation>
      </States>
   </Equipment>
   <Equipment name="S1509" type="Signal" flavor="Detection" CommandTimeOut="" AlarmTimeout="">
      <States>
         <Equation>S_STOP[0]::S1509_OFF == 0</Equation>
         <Equation>S_PERMISSIVE[1]::S1509_OFF == 1</Equation>
      </States>
   </Equipment>
   <Equipment name="S1509" type="Signal" flavor="HMI" CommandTimeOut="" AlarmTimeout="">
      <States>
         <Equation>NOEVENT[0]:: 1==1</Equation>
      </States>
   </Equipment>
   <Equipment name="S1513" type="Signal" flavor="Detection" CommandTimeOut="" AlarmTimeout="">
      <States>
         <Equation>S_STOP[0]::S1513_OFF == 0</Equation>
         <Equation>S_PERMISSIVE[1]::S1513_OFF == 1</Equation>
      </States>
   </Equipment>
   <Equipment name="S1513" type="Signal" flavor="ALS" CommandTimeOut="" AlarmTimeout="">
      <States>
         <Equation>S_APPROACH_FREE[1]::ALS1513 == 1</Equation>
         <Equation>S_APPROACH_LOCKED[2]::ALS1513 == 0</Equation>
         <Equation>NOEVENT[0]::1 == 1</Equation>
      </States>
   </Equipment>
   <Equipment name="S1513" type="Signal" flavor="HMI" CommandTimeOut="" AlarmTimeout="">
      <States>
         <Equation>1::S1513_OFF == 1 &amp;&amp; ALS1513 ==1</Equation>
         <Equation>2::S1513_OFF == 0 &amp;&amp; ALS1513 ==1</Equation>
         <Equation>3::S1513_OFF == 0 &amp;&amp; ALS1513 == 0</Equation>
         <Equation>4::S1513_OFF == 1 &amp;&amp; ALS1513 == 0</Equation>
         <Equation>0::1==1</Equation>
      </States>
   </Equipment>
   <Equipment name="S1513" type="Signal" flavor="Blocking" CommandTimeOut="" AlarmTimeout="">
      <States>
         <Equation>S_NOTBLOCKING[1]::MSC1513 == 1</Equation>
         <Equation>S_BLOCKING[2]::MSC1513 == 0</Equation>
      </States>
      <Requisites>
         <Equation>PREP_SBC1513[PREP_SBC]::PREP_SBC15==0</Equation>
         <Equation>PREP_SUC1513[PREP_SUC]::PREP_SUC15==0</Equation>
         <Equation>CONF_SBC1513[CONF_SBC]::1</Equation>
         <Equation>CONF_SUC1513[CONF_SUC]::1</Equation>
      </Requisites>
      <CommandResults>
         <Equation>PREP_SBC1513[PREP_SBC_RES]::PREP_SBC15==1</Equation>
         <Equation>PREP_SUC1513[PREP_SUC_RES]::PREP_SUC15==1</Equation>
         <Equation>CONF_SBC1513[CONF_SBC_RES]::MSC1513== 0</Equation>
         <Equation>CONF_SUC1513[CONF_SUC_RES]::MSC1513== 1</Equation>
      </CommandResults>
   </Equipment>
   <Equipment name="S1513" type="Signal" flavor="Automatic" CommandTimeOut="" AlarmTimeout="">
      <States>
         <Equation>1::RL1513_0215_D==0</Equation>
         <Equation>2::S_SEL1513 == 1 &amp;&amp; RL1513_0215_D==0</Equation>
         <Equation>3::RL1513_0215_D==1</Equation>
      </States>
   </Equipment>
   <Equipment name="S1513" type="Signal" flavor="Release" CommandTimeOut="" AlarmTimeout="">
      <States>
         <Equation>1::S_REL1513 == 0 &amp;&amp; (RL1513_0215_D==0)</Equation>
         <Equation>2::S_REL1513 == 0 &amp;&amp; (RL1513_0215_D==1)</Equation>
         <Equation>3::S_REL1513 == 1 &amp;&amp; (RL1513_0215_D==1)</Equation>
      </States>
   </Equipment>
   <Equipment name="S1513" type="Signal" flavor="Lamp" CommandTimeOut="" AlarmTimeout="">
      <States>
         <Equation>1::SPLS1513 == 0</Equation>
         <Equation>2::SPLS1513 == 1</Equation>
      </States>
      <StateAlarms>
         <Equation>S_RED_FAILURE[1]::SPLS1513==0 &amp;&amp; S1513_OFF==0</Equation>
         <Equation>S_WHITE_FAILURE[2]::SPLS1513==0 &amp;&amp; S1513_OFF==1</Equation>
      </StateAlarms>
   </Equipment>
   <Equipment name="S1513" type="Signal" flavor="Fleet">
      <States>
         <Equation>2::AR1513_0215==0</Equation>
         <Equation>3::RL1513_0215_D==1&amp;&amp;AR1513_0215==1</Equation>
      </States>
   </Equipment>
   <Equipment name="S1513" type="Signal" flavor="Detection" CommandTimeOut="" AlarmTimeout="">
      <States>
         <Equation>S_STOP[0]::S1513_OFF == 0</Equation>
         <Equation>S_PERMISSIVE[1]::S1513_OFF == 1</Equation>
      </States>
   </Equipment>
   <Equipment name="S1513" type="Signal" flavor="HMI" CommandTimeOut="" AlarmTimeout="">
      <States>
         <Equation>NOEVENT[0]:: 1==1</Equation>
      </States>
   </Equipment>
   <Equipment name="S1507" type="Signal" flavor="Detection" CommandTimeOut="" AlarmTimeout="">
      <States>
         <Equation>S_STOP[0]::S1507_OFF == 0</Equation>
         <Equation>S_PERMISSIVE[1]::S1507_OFF == 1</Equation>
      </States>
   </Equipment>
   <Equipment name="S1507" type="Signal" flavor="ALS" CommandTimeOut="" AlarmTimeout="">
      <States>
         <Equation>S_APPROACH_FREE[1]::ALS1507 == 1</Equation>
         <Equation>S_APPROACH_LOCKED[2]::ALS1507 == 0</Equation>
         <Equation>NOEVENT[0]::1 == 1</Equation>
      </States>
   </Equipment>
   <Equipment name="S1507" type="Signal" flavor="HMI" CommandTimeOut="" AlarmTimeout="">
      <States>
         <Equation>1::S1507_OFF == 1 &amp;&amp; ALS1507 ==1</Equation>
         <Equation>2::S1507_OFF == 0 &amp;&amp; ALS1507 ==1</Equation>
         <Equation>3::S1507_OFF == 0 &amp;&amp; ALS1507 == 0</Equation>
         <Equation>4::S1507_OFF == 1 &amp;&amp; ALS1507 == 0</Equation>
         <Equation>0::1==1</Equation>
      </States>
   </Equipment>
   <Equipment name="S1507" type="Signal" flavor="Blocking" CommandTimeOut="" AlarmTimeout="">
      <States>
         <Equation>S_NOTBLOCKING[1]::MSC1507 == 1</Equation>
         <Equation>S_BLOCKING[2]::MSC1507 == 0</Equation>
      </States>
      <Requisites>
         <Equation>PREP_SBC1507[PREP_SBC]::PREP_SBC15==0</Equation>
         <Equation>PREP_SUC1507[PREP_SUC]::PREP_SUC15==0</Equation>
         <Equation>CONF_SBC1507[CONF_SBC]::1</Equation>
         <Equation>CONF_SUC1507[CONF_SUC]::1</Equation>
      </Requisites>
      <CommandResults>
         <Equation>PREP_SBC1507[PREP_SBC_RES]::PREP_SBC15==1</Equation>
         <Equation>PREP_SUC1507[PREP_SUC_RES]::PREP_SUC15==1</Equation>
         <Equation>CONF_SBC1507[CONF_SBC_RES]::MSC1507== 0</Equation>
         <Equation>CONF_SUC1507[CONF_SUC_RES]::MSC1507== 1</Equation>
      </CommandResults>
   </Equipment>
   <Equipment name="S1507" type="Signal" flavor="Automatic" CommandTimeOut="" AlarmTimeout="">
      <States>
         <Equation>1::RL1507_1509_D==0 &amp;&amp; RL1507_1511_D==0</Equation>
         <Equation>2::S_SEL1507 == 1 &amp;&amp; RL1507_1509_D==0 &amp;&amp; RL1507_1511_D==0</Equation>
         <Equation>3::RL1507_1509_D==1 || RL1507_1511_D==1</Equation>
      </States>
   </Equipment>
   <Equipment name="S1507" type="Signal" flavor="Release" CommandTimeOut="" AlarmTimeout="">
      <States>
         <Equation>1::S_REL1507 == 0 &amp;&amp; (RL1507_1509_D==0 &amp;&amp; RL1507_1511_D==0)</Equation>
         <Equation>2::S_REL1507 == 0 &amp;&amp; (RL1507_1509_D==1 || RL1507_1511_D==1)</Equation>
         <Equation>3::S_REL1507 == 1 &amp;&amp; (RL1507_1509_D==1 || RL1507_1511_D==1)</Equation>
      </States>
   </Equipment>
   <Equipment name="S1507" type="Signal" flavor="Lamp" CommandTimeOut="" AlarmTimeout="">
      <States>
         <Equation>1::SPLS1507 == 0</Equation>
         <Equation>2::SPLS1507 == 1</Equation>
      </States>
      <StateAlarms>
         <Equation>S_RED_FAILURE[1]::SPLS1507==0 &amp;&amp; S1507_OFF==0</Equation>
         <Equation>S_WHITE_FAILURE[2]::SPLS1507==0 &amp;&amp; S1507_OFF==1</Equation>
      </StateAlarms>
   </Equipment>
   <Equipment name="S1507" type="Signal" flavor="Detection" CommandTimeOut="" AlarmTimeout="">
      <States>
         <Equation>S_STOP[0]::S1507_OFF == 0</Equation>
         <Equation>S_PERMISSIVE[1]::S1507_OFF == 1</Equation>
      </States>
   </Equipment>
   <Equipment name="S1507" type="Signal" flavor="HMI" CommandTimeOut="" AlarmTimeout="">
      <States>
         <Equation>NOEVENT[0]:: 1==1</Equation>
      </States>
   </Equipment>
   <Equipment name="S1511" type="Signal" flavor="Detection" CommandTimeOut="" AlarmTimeout="">
      <States>
         <Equation>S_STOP[0]::S1511_OFF == 0</Equation>
         <Equation>S_PERMISSIVE[1]::S1511_OFF == 1</Equation>
      </States>
   </Equipment>
   <Equipment name="S1511" type="Signal" flavor="ALS" CommandTimeOut="" AlarmTimeout="">
      <States>
         <Equation>S_APPROACH_FREE[1]::ALS1511 == 1</Equation>
         <Equation>S_APPROACH_LOCKED[2]::ALS1511 == 0</Equation>
         <Equation>NOEVENT[0]::1 == 1</Equation>
      </States>
   </Equipment>
   <Equipment name="S1511" type="Signal" flavor="HMI" CommandTimeOut="" AlarmTimeout="">
      <States>
         <Equation>1::S1511_OFF == 1 &amp;&amp; ALS1511 ==1</Equation>
         <Equation>2::S1511_OFF == 0 &amp;&amp; ALS1511 ==1</Equation>
         <Equation>3::S1511_OFF == 0 &amp;&amp; ALS1511 == 0</Equation>
         <Equation>4::S1511_OFF == 1 &amp;&amp; ALS1511 == 0</Equation>
         <Equation>0::1==1</Equation>
      </States>
   </Equipment>
   <Equipment name="S1511" type="Signal" flavor="Blocking" CommandTimeOut="" AlarmTimeout="">
      <States>
         <Equation>S_NOTBLOCKING[1]::MSC1511 == 1</Equation>
         <Equation>S_BLOCKING[2]::MSC1511 == 0</Equation>
      </States>
      <Requisites>
         <Equation>PREP_SBC1511[PREP_SBC]::PREP_SBC15==0</Equation>
         <Equation>PREP_SUC1511[PREP_SUC]::PREP_SUC15==0</Equation>
         <Equation>CONF_SBC1511[CONF_SBC]::1</Equation>
         <Equation>CONF_SUC1511[CONF_SUC]::1</Equation>
      </Requisites>
      <CommandResults>
         <Equation>PREP_SBC1511[PREP_SBC_RES]::PREP_SBC15==1</Equation>
         <Equation>PREP_SUC1511[PREP_SUC_RES]::PREP_SUC15==1</Equation>
         <Equation>CONF_SBC1511[CONF_SBC_RES]::MSC1511== 0</Equation>
         <Equation>CONF_SUC1511[CONF_SUC_RES]::MSC1511== 1</Equation>
      </CommandResults>
   </Equipment>
   <Equipment name="S1511" type="Signal" flavor="Automatic" CommandTimeOut="" AlarmTimeout="">
      <States>
         <Equation>1::RL1511_1515_D==0</Equation>
         <Equation>2::S_SEL1511 == 1 &amp;&amp; RL1511_1515_D==0</Equation>
         <Equation>3::RL1511_1515_D==1</Equation>
      </States>
   </Equipment>
   <Equipment name="S1511" type="Signal" flavor="Release" CommandTimeOut="" AlarmTimeout="">
      <States>
         <Equation>1::S_REL1511 == 0 &amp;&amp; (RL1511_1515_D==0)</Equation>
         <Equation>2::S_REL1511 == 0 &amp;&amp; (RL1511_1515_D==1)</Equation>
         <Equation>3::S_REL1511 == 1 &amp;&amp; (RL1511_1515_D==1)</Equation>
      </States>
   </Equipment>
   <Equipment name="S1511" type="Signal" flavor="Lamp" CommandTimeOut="" AlarmTimeout="">
      <States>
         <Equation>1::SPLS1511 == 0</Equation>
         <Equation>2::SPLS1511 == 1</Equation>
      </States>
      <StateAlarms>
         <Equation>S_RED_FAILURE[1]::SPLS1511==0 &amp;&amp; S1511_OFF==0</Equation>
         <Equation>S_WHITE_FAILURE[2]::SPLS1511==0 &amp;&amp; S1511_OFF==1</Equation>
      </StateAlarms>
   </Equipment>
   <Equipment name="S1511" type="Signal" flavor="Detection" CommandTimeOut="" AlarmTimeout="">
      <States>
         <Equation>S_STOP[0]::S1511_OFF == 0</Equation>
         <Equation>S_PERMISSIVE[1]::S1511_OFF == 1</Equation>
      </States>
   </Equipment>
   <Equipment name="S1511" type="Signal" flavor="HMI" CommandTimeOut="" AlarmTimeout="">
      <States>
         <Equation>NOEVENT[0]:: 1==1</Equation>
      </States>
   </Equipment>
   <Equipment name="S1515" type="Signal" flavor="Detection" CommandTimeOut="" AlarmTimeout="">
      <States>
         <Equation>S_STOP[0]::S1515_OFF == 0</Equation>
         <Equation>S_PERMISSIVE[1]::S1515_OFF == 1</Equation>
      </States>
   </Equipment>
   <Equipment name="S1515" type="Signal" flavor="ALS" CommandTimeOut="" AlarmTimeout="">
      <States>
         <Equation>S_APPROACH_FREE[1]::ALS1515 == 1</Equation>
         <Equation>S_APPROACH_LOCKED[2]::ALS1515 == 0</Equation>
         <Equation>NOEVENT[0]::1 == 1</Equation>
      </States>
   </Equipment>
   <Equipment name="S1515" type="Signal" flavor="HMI" CommandTimeOut="" AlarmTimeout="">
      <States>
         <Equation>1::S1515_OFF == 1 &amp;&amp; ALS1515 ==1</Equation>
         <Equation>2::S1515_OFF == 0 &amp;&amp; ALS1515 ==1</Equation>
         <Equation>3::S1515_OFF == 0 &amp;&amp; ALS1515 == 0</Equation>
         <Equation>4::S1515_OFF == 1 &amp;&amp; ALS1515 == 0</Equation>
         <Equation>0::1==1</Equation>
      </States>
   </Equipment>
   <Equipment name="S1515" type="Signal" flavor="Blocking" CommandTimeOut="" AlarmTimeout="">
      <States>
         <Equation>S_NOTBLOCKING[1]::MSC1515 == 1</Equation>
         <Equation>S_BLOCKING[2]::MSC1515 == 0</Equation>
      </States>
      <Requisites>
         <Equation>PREP_SBC1515[PREP_SBC]::PREP_SBC15==0</Equation>
         <Equation>PREP_SUC1515[PREP_SUC]::PREP_SUC15==0</Equation>
         <Equation>CONF_SBC1515[CONF_SBC]::1</Equation>
         <Equation>CONF_SUC1515[CONF_SUC]::1</Equation>
      </Requisites>
      <CommandResults>
         <Equation>PREP_SBC1515[PREP_SBC_RES]::PREP_SBC15==1</Equation>
         <Equation>PREP_SUC1515[PREP_SUC_RES]::PREP_SUC15==1</Equation>
         <Equation>CONF_SBC1515[CONF_SBC_RES]::MSC1515== 0</Equation>
         <Equation>CONF_SUC1515[CONF_SUC_RES]::MSC1515== 1</Equation>
      </CommandResults>
   </Equipment>
   <Equipment name="S1515" type="Signal" flavor="Automatic" CommandTimeOut="" AlarmTimeout="">
      <States>
         <Equation>1::RL1515_0217_D==0</Equation>
         <Equation>2::S_SEL1515 == 1 &amp;&amp; RL1515_0217_D==0</Equation>
         <Equation>3::RL1515_0217_D==1</Equation>
      </States>
   </Equipment>
   <Equipment name="S1515" type="Signal" flavor="Release" CommandTimeOut="" AlarmTimeout="">
      <States>
         <Equation>1::S_REL1515 == 0 &amp;&amp; (RL1515_0217_D==0)</Equation>
         <Equation>2::S_REL1515 == 0 &amp;&amp; (RL1515_0217_D==1)</Equation>
         <Equation>3::S_REL1515 == 1 &amp;&amp; (RL1515_0217_D==1)</Equation>
      </States>
   </Equipment>
   <Equipment name="S1515" type="Signal" flavor="Lamp" CommandTimeOut="" AlarmTimeout="">
      <States>
         <Equation>1::SPLS1515 == 0</Equation>
         <Equation>2::SPLS1515 == 1</Equation>
      </States>
      <StateAlarms>
         <Equation>S_RED_FAILURE[1]::SPLS1515==0 &amp;&amp; S1515_OFF==0</Equation>
         <Equation>S_WHITE_FAILURE[2]::SPLS1515==0 &amp;&amp; S1515_OFF==1</Equation>
      </StateAlarms>
   </Equipment>
   <Equipment name="S1515" type="Signal" flavor="Detection" CommandTimeOut="" AlarmTimeout="">
      <States>
         <Equation>S_STOP[0]::S1515_OFF == 0</Equation>
         <Equation>S_PERMISSIVE[1]::S1515_OFF == 1</Equation>
      </States>
   </Equipment>
   <Equipment name="S1515" type="Signal" flavor="HMI" CommandTimeOut="" AlarmTimeout="">
      <States>
         <Equation>NOEVENT[0]:: 1==1</Equation>
      </States>
   </Equipment>
   <Equipment name="S1604" type="Signal" flavor="Detection" CommandTimeOut="" AlarmTimeout="">
      <States>
         <Equation>S_STOP[0]::S1604_OFF == 0</Equation>
         <Equation>S_PERMISSIVE[1]::S1604_OFF == 1</Equation>
      </States>
   </Equipment>
   <Equipment name="S1604" type="Signal" flavor="HMI" CommandTimeOut="" AlarmTimeout="">
      <States>
         <Equation>NOEVENT[0]:: 1==1</Equation>
      </States>
   </Equipment>
   <Equipment name="S1603" type="Signal" flavor="Detection" CommandTimeOut="" AlarmTimeout="">
      <States>
         <Equation>S_STOP[0]::S1603_OFF == 0</Equation>
         <Equation>S_PERMISSIVE[1]::S1603_OFF == 1</Equation>
      </States>
   </Equipment>
   <Equipment name="S1603" type="Signal" flavor="HMI" CommandTimeOut="" AlarmTimeout="">
      <States>
         <Equation>NOEVENT[0]:: 1==1</Equation>
      </States>
   </Equipment>
</SignallingRules>