<?xml version="1.0" encoding="UTF-8"?>
<SignallingRules xmlns:xsi="http://www.w3.org/2001/XMLSchema-instance"
                 xmlns:sys="http://www.systerel.fr/Alstom/IDP"
                 Project="CCL"
                 Generation_Date="XXXX-XX-XX"
                 xsi:noNamespaceSchemaLocation="SigRules.xsd">
   <Versions>
         <Version Name="ICONIS_IDP#SyAD_Configuration-CCL"
               Value="830F-ATS-0895_1E &amp; 830F-ATS-0402-1G"/>
         <Version Name="ICONIS_IDP#Product_Version" Value="SW_IDP_CCL_1.6.6"/>
         <Version Name="Project#System_Database_Version" Value="1.0.0"/>
         <Version Name="Project#ATS_Parameter_Version" Value=""/>
      </Versions>
   <Equipment name="S1102" type="Signal" flavor="Lamp" CommandTimeOut="" AlarmTimeout="">
      <States>
         <Equation>1::SPLS1102 == 0</Equation>
         <Equation>2::SPLS1102 == 1</Equation>
      </States>
      <StateAlarms>
         <Equation>S_RED_FAILURE[1]::SPLS1102==0 &amp;&amp; S1102_OFF==0</Equation>
         <Equation>S_WHITE_FAILURE[2]::SPLS1102==0 &amp;&amp; S1102_OFF==1</Equation>
      </StateAlarms>
   </Equipment>
   <Equipment name="S1102" type="Signal" flavor="Detection" CommandTimeOut="" AlarmTimeout="">
      <States>
         <Equation>S_STOP[0]::S1102_OFF == 0</Equation>
         <Equation>S_PERMISSIVE[1]::S1102_OFF == 1</Equation>
      </States>
   </Equipment>
   <Equipment name="S1102" type="Signal" flavor="HMI" CommandTimeOut="" AlarmTimeout="">
      <States>
         <Equation>NOEVENT[0]:: 1==1</Equation>
      </States>
   </Equipment>
   <Equipment name="S1106" type="Signal" flavor="Lamp" CommandTimeOut="" AlarmTimeout="">
      <States>
         <Equation>1::SPLS1106 == 0</Equation>
         <Equation>2::SPLS1106 == 1</Equation>
      </States>
      <StateAlarms>
         <Equation>S_RED_FAILURE[1]::SPLS1106==0 &amp;&amp; S1106_OFF==0</Equation>
         <Equation>S_WHITE_FAILURE[2]::SPLS1106==0 &amp;&amp; S1106_OFF==1</Equation>
      </StateAlarms>
   </Equipment>
   <Equipment name="S1106" type="Signal" flavor="Detection" CommandTimeOut="" AlarmTimeout="">
      <States>
         <Equation>S_STOP[0]::S1106_OFF == 0</Equation>
         <Equation>S_PERMISSIVE[1]::S1106_OFF == 1</Equation>
      </States>
   </Equipment>
   <Equipment name="S1106" type="Signal" flavor="HMI" CommandTimeOut="" AlarmTimeout="">
      <States>
         <Equation>NOEVENT[0]:: 1==1</Equation>
      </States>
   </Equipment>
   <Equipment name="S1100" type="Signal" flavor="Lamp" CommandTimeOut="" AlarmTimeout="">
      <States>
         <Equation>1::SPLS1100 == 0</Equation>
         <Equation>2::SPLS1100 == 1</Equation>
      </States>
      <StateAlarms>
         <Equation>S_RED_FAILURE[1]::SPLS1100==0 &amp;&amp; S1100_OFF==0</Equation>
         <Equation>S_WHITE_FAILURE[2]::SPLS1100==0 &amp;&amp; S1100_OFF==1</Equation>
      </StateAlarms>
   </Equipment>
   <Equipment name="S1100" type="Signal" flavor="Detection" CommandTimeOut="" AlarmTimeout="">
      <States>
         <Equation>S_STOP[0]::S1100_OFF == 0</Equation>
         <Equation>S_PERMISSIVE[1]::S1100_OFF == 1</Equation>
      </States>
   </Equipment>
   <Equipment name="S1100" type="Signal" flavor="HMI" CommandTimeOut="" AlarmTimeout="">
      <States>
         <Equation>NOEVENT[0]:: 1==1</Equation>
      </States>
   </Equipment>
   <Equipment name="S1104" type="Signal" flavor="Lamp" CommandTimeOut="" AlarmTimeout="">
      <States>
         <Equation>1::SPLS1104 == 0</Equation>
         <Equation>2::SPLS1104 == 1</Equation>
      </States>
      <StateAlarms>
         <Equation>S_RED_FAILURE[1]::SPLS1104==0 &amp;&amp; S1104_OFF==0</Equation>
         <Equation>S_WHITE_FAILURE[2]::SPLS1104==0 &amp;&amp; S1104_OFF==1</Equation>
      </StateAlarms>
   </Equipment>
   <Equipment name="S1104" type="Signal" flavor="Detection" CommandTimeOut="" AlarmTimeout="">
      <States>
         <Equation>S_STOP[0]::S1104_OFF == 0</Equation>
         <Equation>S_PERMISSIVE[1]::S1104_OFF == 1</Equation>
      </States>
   </Equipment>
   <Equipment name="S1104" type="Signal" flavor="HMI" CommandTimeOut="" AlarmTimeout="">
      <States>
         <Equation>NOEVENT[0]:: 1==1</Equation>
      </States>
   </Equipment>
   <Equipment name="S1101" type="Signal" flavor="Detection" CommandTimeOut="" AlarmTimeout="">
      <States>
         <Equation>S_STOP[0]::S1101_OFF == 0</Equation>
         <Equation>S_PERMISSIVE[1]::S1101_OFF == 1</Equation>
      </States>
   </Equipment>
   <Equipment name="S1101" type="Signal" flavor="ALS" CommandTimeOut="" AlarmTimeout="">
      <States>
         <Equation>S_APPROACH_FREE[1]::ALS1101 == 1</Equation>
         <Equation>S_APPROACH_LOCKED[2]::ALS1101 == 0</Equation>
         <Equation>NOEVENT[0]::1 == 1</Equation>
      </States>
   </Equipment>
   <Equipment name="S1101" type="Signal" flavor="HMI" CommandTimeOut="" AlarmTimeout="">
      <States>
         <Equation>1::S1101_OFF == 1 &amp;&amp; ALS1101 ==1</Equation>
         <Equation>2::S1101_OFF == 0 &amp;&amp; ALS1101 ==1</Equation>
         <Equation>3::S1101_OFF == 0 &amp;&amp; ALS1101 == 0</Equation>
         <Equation>4::S1101_OFF == 1 &amp;&amp; ALS1101 == 0</Equation>
         <Equation>0::1==1</Equation>
      </States>
   </Equipment>
   <Equipment name="S1101" type="Signal" flavor="Blocking" CommandTimeOut="" AlarmTimeout="">
      <States>
         <Equation>S_NOTBLOCKING[1]::MSC1101 == 1</Equation>
         <Equation>S_BLOCKING[2]::MSC1101 == 0</Equation>
      </States>
      <Requisites>
         <Equation>PREP_SBC1101[PREP_SBC]::PREP_SBC11==0</Equation>
         <Equation>PREP_SUC1101[PREP_SUC]::PREP_SUC11==0</Equation>
         <Equation>CONF_SBC1101[CONF_SBC]::1</Equation>
         <Equation>CONF_SUC1101[CONF_SUC]::1</Equation>
      </Requisites>
      <CommandResults>
         <Equation>PREP_SBC1101[PREP_SBC_RES]::PREP_SBC11==1</Equation>
         <Equation>PREP_SUC1101[PREP_SUC_RES]::PREP_SUC11==1</Equation>
         <Equation>CONF_SBC1101[CONF_SBC_RES]::MSC1101== 0</Equation>
         <Equation>CONF_SUC1101[CONF_SUC_RES]::MSC1101== 1</Equation>
      </CommandResults>
   </Equipment>
   <Equipment name="S1101" type="Signal" flavor="Automatic" CommandTimeOut="" AlarmTimeout="">
      <States>
         <Equation>1::RL1101_1201_D==0</Equation>
         <Equation>2::S_SEL1101 == 1 &amp;&amp; RL1101_1201_D==0</Equation>
         <Equation>3::RL1101_1201_D==1</Equation>
      </States>
   </Equipment>
   <Equipment name="S1101" type="Signal" flavor="Release" CommandTimeOut="" AlarmTimeout="">
      <States>
         <Equation>1::S_REL1101 == 0 &amp;&amp; (RL1101_1201_D==0)</Equation>
         <Equation>2::S_REL1101 == 0 &amp;&amp; (RL1101_1201_D==1)</Equation>
         <Equation>3::S_REL1101 == 1 &amp;&amp; (RL1101_1201_D==1)</Equation>
      </States>
   </Equipment>
   <Equipment name="S1101" type="Signal" flavor="Lamp" CommandTimeOut="" AlarmTimeout="">
      <States>
         <Equation>1::SPLS1101 == 0</Equation>
         <Equation>2::SPLS1101 == 1</Equation>
      </States>
      <StateAlarms>
         <Equation>S_RED_FAILURE[1]::SPLS1101==0 &amp;&amp; S1101_OFF==0</Equation>
         <Equation>S_WHITE_FAILURE[2]::SPLS1101==0 &amp;&amp; S1101_OFF==1</Equation>
      </StateAlarms>
   </Equipment>
   <Equipment name="S1101" type="Signal" flavor="Fleet">
      <States>
         <Equation>2::AR1101_1201==0</Equation>
         <Equation>3::RL1101_1201_D==1&amp;&amp;AR1101_1201==1</Equation>
      </States>
   </Equipment>
   <Equipment name="S1101" type="Signal" flavor="Detection" CommandTimeOut="" AlarmTimeout="">
      <States>
         <Equation>S_STOP[0]::S1101_OFF == 0</Equation>
         <Equation>S_PERMISSIVE[1]::S1101_OFF == 1</Equation>
      </States>
   </Equipment>
   <Equipment name="S1101" type="Signal" flavor="HMI" CommandTimeOut="" AlarmTimeout="">
      <States>
         <Equation>NOEVENT[0]:: 1==1</Equation>
      </States>
   </Equipment>
   <Equipment name="S1103" type="Signal" flavor="Lamp" CommandTimeOut="" AlarmTimeout="">
      <States>
         <Equation>1::SPLS1103 == 0</Equation>
         <Equation>2::SPLS1103 == 1</Equation>
      </States>
      <StateAlarms>
         <Equation>S_RED_FAILURE[1]::SPLS1103==0 &amp;&amp; S1103_OFF==0</Equation>
         <Equation>S_WHITE_FAILURE[2]::SPLS1103==0 &amp;&amp; S1103_OFF==1</Equation>
      </StateAlarms>
   </Equipment>
   <Equipment name="S1103" type="Signal" flavor="Detection" CommandTimeOut="" AlarmTimeout="">
      <States>
         <Equation>S_STOP[0]::S1103_OFF == 0</Equation>
         <Equation>S_PERMISSIVE[1]::S1103_OFF == 1</Equation>
      </States>
   </Equipment>
   <Equipment name="S1103" type="Signal" flavor="HMI" CommandTimeOut="" AlarmTimeout="">
      <States>
         <Equation>NOEVENT[0]:: 1==1</Equation>
      </States>
   </Equipment>
   <Equipment name="S1107" type="Signal" flavor="Lamp" CommandTimeOut="" AlarmTimeout="">
      <States>
         <Equation>1::SPLS1107 == 0</Equation>
         <Equation>2::SPLS1107 == 1</Equation>
      </States>
      <StateAlarms>
         <Equation>S_RED_FAILURE[1]::SPLS1107==0 &amp;&amp; S1107_OFF==0</Equation>
         <Equation>S_WHITE_FAILURE[2]::SPLS1107==0 &amp;&amp; S1107_OFF==1</Equation>
      </StateAlarms>
   </Equipment>
   <Equipment name="S1107" type="Signal" flavor="Detection" CommandTimeOut="" AlarmTimeout="">
      <States>
         <Equation>S_STOP[0]::S1107_OFF == 0</Equation>
         <Equation>S_PERMISSIVE[1]::S1107_OFF == 1</Equation>
      </States>
   </Equipment>
   <Equipment name="S1107" type="Signal" flavor="HMI" CommandTimeOut="" AlarmTimeout="">
      <States>
         <Equation>NOEVENT[0]:: 1==1</Equation>
      </States>
   </Equipment>
   <Equipment name="S1105" type="Signal" flavor="Lamp" CommandTimeOut="" AlarmTimeout="">
      <States>
         <Equation>1::SPLS1105 == 0</Equation>
         <Equation>2::SPLS1105 == 1</Equation>
      </States>
      <StateAlarms>
         <Equation>S_RED_FAILURE[1]::SPLS1105==0 &amp;&amp; S1105_OFF==0</Equation>
         <Equation>S_WHITE_FAILURE[2]::SPLS1105==0 &amp;&amp; S1105_OFF==1</Equation>
      </StateAlarms>
   </Equipment>
   <Equipment name="S1105" type="Signal" flavor="Detection" CommandTimeOut="" AlarmTimeout="">
      <States>
         <Equation>S_STOP[0]::S1105_OFF == 0</Equation>
         <Equation>S_PERMISSIVE[1]::S1105_OFF == 1</Equation>
      </States>
   </Equipment>
   <Equipment name="S1105" type="Signal" flavor="HMI" CommandTimeOut="" AlarmTimeout="">
      <States>
         <Equation>NOEVENT[0]:: 1==1</Equation>
      </States>
   </Equipment>
   <Equipment name="S1109" type="Signal" flavor="Lamp" CommandTimeOut="" AlarmTimeout="">
      <States>
         <Equation>1::SPLS1109 == 0</Equation>
         <Equation>2::SPLS1109 == 1</Equation>
      </States>
      <StateAlarms>
         <Equation>S_RED_FAILURE[1]::SPLS1109==0 &amp;&amp; S1109_OFF==0</Equation>
         <Equation>S_WHITE_FAILURE[2]::SPLS1109==0 &amp;&amp; S1109_OFF==1</Equation>
      </StateAlarms>
   </Equipment>
   <Equipment name="S1109" type="Signal" flavor="Detection" CommandTimeOut="" AlarmTimeout="">
      <States>
         <Equation>S_STOP[0]::S1109_OFF == 0</Equation>
         <Equation>S_PERMISSIVE[1]::S1109_OFF == 1</Equation>
      </States>
   </Equipment>
   <Equipment name="S1109" type="Signal" flavor="HMI" CommandTimeOut="" AlarmTimeout="">
      <States>
         <Equation>NOEVENT[0]:: 1==1</Equation>
      </States>
   </Equipment>
</SignallingRules>