<?xml version="1.0" encoding="UTF-8"?>
<SignallingRules xmlns:xsi="http://www.w3.org/2001/XMLSchema-instance"
                 xmlns:sys="http://www.systerel.fr/Alstom/IDP"
                 Project="CCL"
                 Generation_Date="XXXX-XX-XX"
                 xsi:noNamespaceSchemaLocation="SigRules.xsd">
   <Versions>
         <Version Name="ICONIS_IDP#SyAD_Configuration-CCL"
               Value="830F-ATS-0895_1E &amp; 830F-ATS-0402-1G"/>
         <Version Name="ICONIS_IDP#Product_Version" Value="SW_IDP_CCL_1.6.6"/>
         <Version Name="Project#System_Database_Version" Value="1.0.0"/>
         <Version Name="Project#ATS_Parameter_Version" Value=""/>
      </Versions>
   <Equipment name="S1202" type="Signal" flavor="Detection" CommandTimeOut="" AlarmTimeout="">
      <States>
         <Equation>S_STOP[0]::S1202_OFF == 0</Equation>
         <Equation>S_PERMISSIVE[1]::S1202_OFF == 1</Equation>
      </States>
   </Equipment>
   <Equipment name="S1202" type="Signal" flavor="ALS" CommandTimeOut="" AlarmTimeout="">
      <States>
         <Equation>S_APPROACH_FREE[1]::ALS1202 == 1</Equation>
         <Equation>S_APPROACH_LOCKED[2]::ALS1202 == 0</Equation>
         <Equation>NOEVENT[0]::1 == 1</Equation>
      </States>
   </Equipment>
   <Equipment name="S1202" type="Signal" flavor="HMI" CommandTimeOut="" AlarmTimeout="">
      <States>
         <Equation>1::S1202_OFF == 1 &amp;&amp; ALS1202 ==1</Equation>
         <Equation>2::S1202_OFF == 0 &amp;&amp; ALS1202 ==1</Equation>
         <Equation>3::S1202_OFF == 0 &amp;&amp; ALS1202 == 0</Equation>
         <Equation>4::S1202_OFF == 1 &amp;&amp; ALS1202 == 0</Equation>
         <Equation>0::1==1</Equation>
      </States>
   </Equipment>
   <Equipment name="S1202" type="Signal" flavor="Blocking" CommandTimeOut="" AlarmTimeout="">
      <States>
         <Equation>S_NOTBLOCKING[1]::MSC1202 == 1</Equation>
         <Equation>S_BLOCKING[2]::MSC1202 == 0</Equation>
      </States>
      <Requisites>
         <Equation>PREP_SBC1202[PREP_SBC]::PREP_SBC12==0</Equation>
         <Equation>PREP_SUC1202[PREP_SUC]::PREP_SUC12==0</Equation>
         <Equation>CONF_SBC1202[CONF_SBC]::1</Equation>
         <Equation>CONF_SUC1202[CONF_SUC]::1</Equation>
      </Requisites>
      <CommandResults>
         <Equation>PREP_SBC1202[PREP_SBC_RES]::PREP_SBC12==1</Equation>
         <Equation>PREP_SUC1202[PREP_SUC_RES]::PREP_SUC12==1</Equation>
         <Equation>CONF_SBC1202[CONF_SBC_RES]::MSC1202== 0</Equation>
         <Equation>CONF_SUC1202[CONF_SUC_RES]::MSC1202== 1</Equation>
      </CommandResults>
   </Equipment>
   <Equipment name="S1202" type="Signal" flavor="Automatic" CommandTimeOut="" AlarmTimeout="">
      <States>
         <Equation>1::RL1202_1012_D==0</Equation>
         <Equation>2::S_SEL1202 == 1 &amp;&amp; RL1202_1012_D==0</Equation>
         <Equation>3::RL1202_1012_D==1</Equation>
      </States>
   </Equipment>
   <Equipment name="S1202" type="Signal" flavor="Release" CommandTimeOut="" AlarmTimeout="">
      <States>
         <Equation>1::S_REL1202 == 0 &amp;&amp; (RL1202_1012_D==0)</Equation>
         <Equation>2::S_REL1202 == 0 &amp;&amp; (RL1202_1012_D==1)</Equation>
         <Equation>3::S_REL1202 == 1 &amp;&amp; (RL1202_1012_D==1)</Equation>
      </States>
   </Equipment>
   <Equipment name="S1202" type="Signal" flavor="Lamp" CommandTimeOut="" AlarmTimeout="">
      <States>
         <Equation>1::SPLS1202 == 0</Equation>
         <Equation>2::SPLS1202 == 1</Equation>
      </States>
      <StateAlarms>
         <Equation>S_RED_FAILURE[1]::SPLS1202==0 &amp;&amp; S1202_OFF==0</Equation>
         <Equation>S_WHITE_FAILURE[2]::SPLS1202==0 &amp;&amp; S1202_OFF==1</Equation>
      </StateAlarms>
   </Equipment>
   <Equipment name="S1202" type="Signal" flavor="Detection" CommandTimeOut="" AlarmTimeout="">
      <States>
         <Equation>S_STOP[0]::S1202_OFF == 0</Equation>
         <Equation>S_PERMISSIVE[1]::S1202_OFF == 1</Equation>
      </States>
   </Equipment>
   <Equipment name="S1202" type="Signal" flavor="HMI" CommandTimeOut="" AlarmTimeout="">
      <States>
         <Equation>NOEVENT[0]:: 1==1</Equation>
      </States>
   </Equipment>
   <Equipment name="S1208" type="Signal" flavor="Detection" CommandTimeOut="" AlarmTimeout="">
      <States>
         <Equation>S_STOP[0]::S1208_OFF == 0</Equation>
         <Equation>S_PERMISSIVE[1]::S1208_OFF == 1</Equation>
      </States>
   </Equipment>
   <Equipment name="S1208" type="Signal" flavor="ALS" CommandTimeOut="" AlarmTimeout="">
      <States>
         <Equation>S_APPROACH_FREE[1]::ALS1208 == 1</Equation>
         <Equation>S_APPROACH_LOCKED[2]::ALS1208 == 0</Equation>
         <Equation>NOEVENT[0]::1 == 1</Equation>
      </States>
   </Equipment>
   <Equipment name="S1208" type="Signal" flavor="HMI" CommandTimeOut="" AlarmTimeout="">
      <States>
         <Equation>1::S1208_OFF == 1 &amp;&amp; ALS1208 ==1</Equation>
         <Equation>2::S1208_OFF == 0 &amp;&amp; ALS1208 ==1</Equation>
         <Equation>3::S1208_OFF == 0 &amp;&amp; ALS1208 == 0</Equation>
         <Equation>4::S1208_OFF == 1 &amp;&amp; ALS1208 == 0</Equation>
         <Equation>0::1==1</Equation>
      </States>
   </Equipment>
   <Equipment name="S1208" type="Signal" flavor="Blocking" CommandTimeOut="" AlarmTimeout="">
      <States>
         <Equation>S_NOTBLOCKING[1]::MSC1208 == 1</Equation>
         <Equation>S_BLOCKING[2]::MSC1208 == 0</Equation>
      </States>
      <Requisites>
         <Equation>PREP_SBC1208[PREP_SBC]::PREP_SBC12==0</Equation>
         <Equation>PREP_SUC1208[PREP_SUC]::PREP_SUC12==0</Equation>
         <Equation>CONF_SBC1208[CONF_SBC]::1</Equation>
         <Equation>CONF_SUC1208[CONF_SUC]::1</Equation>
      </Requisites>
      <CommandResults>
         <Equation>PREP_SBC1208[PREP_SBC_RES]::PREP_SBC12==1</Equation>
         <Equation>PREP_SUC1208[PREP_SUC_RES]::PREP_SUC12==1</Equation>
         <Equation>CONF_SBC1208[CONF_SBC_RES]::MSC1208== 0</Equation>
         <Equation>CONF_SUC1208[CONF_SUC_RES]::MSC1208== 1</Equation>
      </CommandResults>
   </Equipment>
   <Equipment name="S1208" type="Signal" flavor="Automatic" CommandTimeOut="" AlarmTimeout="">
      <States>
         <Equation>1::RL1208_1202_D==0</Equation>
         <Equation>2::S_SEL1208 == 1 &amp;&amp; RL1208_1202_D==0</Equation>
         <Equation>3::RL1208_1202_D==1</Equation>
      </States>
   </Equipment>
   <Equipment name="S1208" type="Signal" flavor="Release" CommandTimeOut="" AlarmTimeout="">
      <States>
         <Equation>1::S_REL1208 == 0 &amp;&amp; (RL1208_1202_D==0)</Equation>
         <Equation>2::S_REL1208 == 0 &amp;&amp; (RL1208_1202_D==1)</Equation>
         <Equation>3::S_REL1208 == 1 &amp;&amp; (RL1208_1202_D==1)</Equation>
      </States>
   </Equipment>
   <Equipment name="S1208" type="Signal" flavor="Lamp" CommandTimeOut="" AlarmTimeout="">
      <States>
         <Equation>1::SPLS1208 == 0</Equation>
         <Equation>2::SPLS1208 == 1</Equation>
      </States>
      <StateAlarms>
         <Equation>S_RED_FAILURE[1]::SPLS1208==0 &amp;&amp; S1208_OFF==0</Equation>
         <Equation>S_WHITE_FAILURE[2]::SPLS1208==0 &amp;&amp; S1208_OFF==1</Equation>
      </StateAlarms>
   </Equipment>
   <Equipment name="S1208" type="Signal" flavor="Detection" CommandTimeOut="" AlarmTimeout="">
      <States>
         <Equation>S_STOP[0]::S1208_OFF == 0</Equation>
         <Equation>S_PERMISSIVE[1]::S1208_OFF == 1</Equation>
      </States>
   </Equipment>
   <Equipment name="S1208" type="Signal" flavor="HMI" CommandTimeOut="" AlarmTimeout="">
      <States>
         <Equation>NOEVENT[0]:: 1==1</Equation>
      </States>
   </Equipment>
   <Equipment name="S1212" type="Signal" flavor="Detection" CommandTimeOut="" AlarmTimeout="">
      <States>
         <Equation>S_STOP[0]::S1212_OFF == 0</Equation>
         <Equation>S_PERMISSIVE[1]::S1212_OFF == 1</Equation>
      </States>
   </Equipment>
   <Equipment name="S1212" type="Signal" flavor="ALS" CommandTimeOut="" AlarmTimeout="">
      <States>
         <Equation>S_APPROACH_FREE[1]::ALS1212 == 1</Equation>
         <Equation>S_APPROACH_LOCKED[2]::ALS1212 == 0</Equation>
         <Equation>NOEVENT[0]::1 == 1</Equation>
      </States>
   </Equipment>
   <Equipment name="S1212" type="Signal" flavor="HMI" CommandTimeOut="" AlarmTimeout="">
      <States>
         <Equation>1::S1212_OFF == 1 &amp;&amp; ALS1212 ==1</Equation>
         <Equation>2::S1212_OFF == 0 &amp;&amp; ALS1212 ==1</Equation>
         <Equation>3::S1212_OFF == 0 &amp;&amp; ALS1212 == 0</Equation>
         <Equation>4::S1212_OFF == 1 &amp;&amp; ALS1212 == 0</Equation>
         <Equation>0::1==1</Equation>
      </States>
   </Equipment>
   <Equipment name="S1212" type="Signal" flavor="Blocking" CommandTimeOut="" AlarmTimeout="">
      <States>
         <Equation>S_NOTBLOCKING[1]::MSC1212 == 1</Equation>
         <Equation>S_BLOCKING[2]::MSC1212 == 0</Equation>
      </States>
      <Requisites>
         <Equation>PREP_SBC1212[PREP_SBC]::PREP_SBC12==0</Equation>
         <Equation>PREP_SUC1212[PREP_SUC]::PREP_SUC12==0</Equation>
         <Equation>CONF_SBC1212[CONF_SBC]::1</Equation>
         <Equation>CONF_SUC1212[CONF_SUC]::1</Equation>
      </Requisites>
      <CommandResults>
         <Equation>PREP_SBC1212[PREP_SBC_RES]::PREP_SBC12==1</Equation>
         <Equation>PREP_SUC1212[PREP_SUC_RES]::PREP_SUC12==1</Equation>
         <Equation>CONF_SBC1212[CONF_SBC_RES]::MSC1212== 0</Equation>
         <Equation>CONF_SUC1212[CONF_SUC_RES]::MSC1212== 1</Equation>
      </CommandResults>
   </Equipment>
   <Equipment name="S1212" type="Signal" flavor="Automatic" CommandTimeOut="" AlarmTimeout="">
      <States>
         <Equation>1::RL1212_1206_D==0 &amp;&amp; RL1212_1208_D==0</Equation>
         <Equation>2::S_SEL1212 == 1 &amp;&amp; RL1212_1206_D==0 &amp;&amp; RL1212_1208_D==0</Equation>
         <Equation>3::RL1212_1206_D==1 || RL1212_1208_D==1</Equation>
      </States>
   </Equipment>
   <Equipment name="S1212" type="Signal" flavor="Release" CommandTimeOut="" AlarmTimeout="">
      <States>
         <Equation>1::S_REL1212 == 0 &amp;&amp; (RL1212_1206_D==0 &amp;&amp; RL1212_1208_D==0)</Equation>
         <Equation>2::S_REL1212 == 0 &amp;&amp; (RL1212_1206_D==1 || RL1212_1208_D==1)</Equation>
         <Equation>3::S_REL1212 == 1 &amp;&amp; (RL1212_1206_D==1 || RL1212_1208_D==1)</Equation>
      </States>
   </Equipment>
   <Equipment name="S1212" type="Signal" flavor="Lamp" CommandTimeOut="" AlarmTimeout="">
      <States>
         <Equation>1::SPLS1212 == 0</Equation>
         <Equation>2::SPLS1212 == 1</Equation>
      </States>
      <StateAlarms>
         <Equation>S_RED_FAILURE[1]::SPLS1212==0 &amp;&amp; S1212_OFF==0</Equation>
         <Equation>S_WHITE_FAILURE[2]::SPLS1212==0 &amp;&amp; S1212_OFF==1</Equation>
      </StateAlarms>
   </Equipment>
   <Equipment name="S1212" type="Signal" flavor="Detection" CommandTimeOut="" AlarmTimeout="">
      <States>
         <Equation>S_STOP[0]::S1212_OFF == 0</Equation>
         <Equation>S_PERMISSIVE[1]::S1212_OFF == 1</Equation>
      </States>
   </Equipment>
   <Equipment name="S1212" type="Signal" flavor="HMI" CommandTimeOut="" AlarmTimeout="">
      <States>
         <Equation>NOEVENT[0]:: 1==1</Equation>
      </States>
   </Equipment>
   <Equipment name="S1200" type="Signal" flavor="Detection" CommandTimeOut="" AlarmTimeout="">
      <States>
         <Equation>S_STOP[0]::S1200_OFF == 0</Equation>
         <Equation>S_PERMISSIVE[1]::S1200_OFF == 1</Equation>
      </States>
   </Equipment>
   <Equipment name="S1200" type="Signal" flavor="ALS" CommandTimeOut="" AlarmTimeout="">
      <States>
         <Equation>S_APPROACH_FREE[1]::ALS1200 == 1</Equation>
         <Equation>S_APPROACH_LOCKED[2]::ALS1200 == 0</Equation>
         <Equation>NOEVENT[0]::1 == 1</Equation>
      </States>
   </Equipment>
   <Equipment name="S1200" type="Signal" flavor="HMI" CommandTimeOut="" AlarmTimeout="">
      <States>
         <Equation>1::S1200_OFF == 1 &amp;&amp; ALS1200 ==1</Equation>
         <Equation>2::S1200_OFF == 0 &amp;&amp; ALS1200 ==1</Equation>
         <Equation>3::S1200_OFF == 0 &amp;&amp; ALS1200 == 0</Equation>
         <Equation>4::S1200_OFF == 1 &amp;&amp; ALS1200 == 0</Equation>
         <Equation>0::1==1</Equation>
      </States>
   </Equipment>
   <Equipment name="S1200" type="Signal" flavor="Blocking" CommandTimeOut="" AlarmTimeout="">
      <States>
         <Equation>S_NOTBLOCKING[1]::MSC1200 == 1</Equation>
         <Equation>S_BLOCKING[2]::MSC1200 == 0</Equation>
      </States>
      <Requisites>
         <Equation>PREP_SBC1200[PREP_SBC]::PREP_SBC12==0</Equation>
         <Equation>PREP_SUC1200[PREP_SUC]::PREP_SUC12==0</Equation>
         <Equation>CONF_SBC1200[CONF_SBC]::1</Equation>
         <Equation>CONF_SUC1200[CONF_SUC]::1</Equation>
      </Requisites>
      <CommandResults>
         <Equation>PREP_SBC1200[PREP_SBC_RES]::PREP_SBC12==1</Equation>
         <Equation>PREP_SUC1200[PREP_SUC_RES]::PREP_SUC12==1</Equation>
         <Equation>CONF_SBC1200[CONF_SBC_RES]::MSC1200== 0</Equation>
         <Equation>CONF_SUC1200[CONF_SUC_RES]::MSC1200== 1</Equation>
      </CommandResults>
   </Equipment>
   <Equipment name="S1200" type="Signal" flavor="Automatic" CommandTimeOut="" AlarmTimeout="">
      <States>
         <Equation>1::RL1200_1010_D==0</Equation>
         <Equation>2::S_SEL1200 == 1 &amp;&amp; RL1200_1010_D==0</Equation>
         <Equation>3::RL1200_1010_D==1</Equation>
      </States>
   </Equipment>
   <Equipment name="S1200" type="Signal" flavor="Release" CommandTimeOut="" AlarmTimeout="">
      <States>
         <Equation>1::S_REL1200 == 0 &amp;&amp; (RL1200_1010_D==0)</Equation>
         <Equation>2::S_REL1200 == 0 &amp;&amp; (RL1200_1010_D==1)</Equation>
         <Equation>3::S_REL1200 == 1 &amp;&amp; (RL1200_1010_D==1)</Equation>
      </States>
   </Equipment>
   <Equipment name="S1200" type="Signal" flavor="Lamp" CommandTimeOut="" AlarmTimeout="">
      <States>
         <Equation>1::SPLS1200 == 0</Equation>
         <Equation>2::SPLS1200 == 1</Equation>
      </States>
      <StateAlarms>
         <Equation>S_RED_FAILURE[1]::SPLS1200==0 &amp;&amp; S1200_OFF==0</Equation>
         <Equation>S_WHITE_FAILURE[2]::SPLS1200==0 &amp;&amp; S1200_OFF==1</Equation>
      </StateAlarms>
   </Equipment>
   <Equipment name="S1200" type="Signal" flavor="Fleet">
      <States>
         <Equation>2::AR1200_1010==0</Equation>
         <Equation>3::RL1200_1010_D==1&amp;&amp;AR1200_1010==1</Equation>
      </States>
   </Equipment>
   <Equipment name="S1200" type="Signal" flavor="Detection" CommandTimeOut="" AlarmTimeout="">
      <States>
         <Equation>S_STOP[0]::S1200_OFF == 0</Equation>
         <Equation>S_PERMISSIVE[1]::S1200_OFF == 1</Equation>
      </States>
   </Equipment>
   <Equipment name="S1200" type="Signal" flavor="HMI" CommandTimeOut="" AlarmTimeout="">
      <States>
         <Equation>NOEVENT[0]:: 1==1</Equation>
      </States>
   </Equipment>
   <Equipment name="S1204" type="Signal" flavor="Detection" CommandTimeOut="" AlarmTimeout="">
      <States>
         <Equation>S_STOP[0]::S1204_OFF == 0</Equation>
         <Equation>S_PERMISSIVE[1]::S1204_OFF == 1</Equation>
      </States>
   </Equipment>
   <Equipment name="S1204" type="Signal" flavor="ALS" CommandTimeOut="" AlarmTimeout="">
      <States>
         <Equation>S_APPROACH_FREE[1]::ALS1204 == 1</Equation>
         <Equation>S_APPROACH_LOCKED[2]::ALS1204 == 0</Equation>
         <Equation>NOEVENT[0]::1 == 1</Equation>
      </States>
   </Equipment>
   <Equipment name="S1204" type="Signal" flavor="HMI" CommandTimeOut="" AlarmTimeout="">
      <States>
         <Equation>1::S1204_OFF == 1 &amp;&amp; ALS1204 ==1</Equation>
         <Equation>2::S1204_OFF == 0 &amp;&amp; ALS1204 ==1</Equation>
         <Equation>3::S1204_OFF == 0 &amp;&amp; ALS1204 == 0</Equation>
         <Equation>4::S1204_OFF == 1 &amp;&amp; ALS1204 == 0</Equation>
         <Equation>0::1==1</Equation>
      </States>
   </Equipment>
   <Equipment name="S1204" type="Signal" flavor="Blocking" CommandTimeOut="" AlarmTimeout="">
      <States>
         <Equation>S_NOTBLOCKING[1]::MSC1204 == 1</Equation>
         <Equation>S_BLOCKING[2]::MSC1204 == 0</Equation>
      </States>
      <Requisites>
         <Equation>PREP_SBC1204[PREP_SBC]::PREP_SBC12==0</Equation>
         <Equation>PREP_SUC1204[PREP_SUC]::PREP_SUC12==0</Equation>
         <Equation>CONF_SBC1204[CONF_SBC]::1</Equation>
         <Equation>CONF_SUC1204[CONF_SUC]::1</Equation>
      </Requisites>
      <CommandResults>
         <Equation>PREP_SBC1204[PREP_SBC_RES]::PREP_SBC12==1</Equation>
         <Equation>PREP_SUC1204[PREP_SUC_RES]::PREP_SUC12==1</Equation>
         <Equation>CONF_SBC1204[CONF_SBC_RES]::MSC1204== 0</Equation>
         <Equation>CONF_SUC1204[CONF_SUC_RES]::MSC1204== 1</Equation>
      </CommandResults>
   </Equipment>
   <Equipment name="S1204" type="Signal" flavor="Automatic" CommandTimeOut="" AlarmTimeout="">
      <States>
         <Equation>1::RL1204_1200_D==0</Equation>
         <Equation>2::S_SEL1204 == 1 &amp;&amp; RL1204_1200_D==0</Equation>
         <Equation>3::RL1204_1200_D==1</Equation>
      </States>
   </Equipment>
   <Equipment name="S1204" type="Signal" flavor="Release" CommandTimeOut="" AlarmTimeout="">
      <States>
         <Equation>1::S_REL1204 == 0 &amp;&amp; (RL1204_1200_D==0)</Equation>
         <Equation>2::S_REL1204 == 0 &amp;&amp; (RL1204_1200_D==1)</Equation>
         <Equation>3::S_REL1204 == 1 &amp;&amp; (RL1204_1200_D==1)</Equation>
      </States>
   </Equipment>
   <Equipment name="S1204" type="Signal" flavor="Lamp" CommandTimeOut="" AlarmTimeout="">
      <States>
         <Equation>1::SPLS1204 == 0</Equation>
         <Equation>2::SPLS1204 == 1</Equation>
      </States>
      <StateAlarms>
         <Equation>S_RED_FAILURE[1]::SPLS1204==0 &amp;&amp; S1204_OFF==0</Equation>
         <Equation>S_WHITE_FAILURE[2]::SPLS1204==0 &amp;&amp; S1204_OFF==1</Equation>
      </StateAlarms>
   </Equipment>
   <Equipment name="S1204" type="Signal" flavor="Fleet">
      <States>
         <Equation>2::AR1204_1200==0</Equation>
         <Equation>3::RL1204_1200_D==1&amp;&amp;AR1204_1200==1</Equation>
      </States>
   </Equipment>
   <Equipment name="S1204" type="Signal" flavor="Detection" CommandTimeOut="" AlarmTimeout="">
      <States>
         <Equation>S_STOP[0]::S1204_OFF == 0</Equation>
         <Equation>S_PERMISSIVE[1]::S1204_OFF == 1</Equation>
      </States>
   </Equipment>
   <Equipment name="S1204" type="Signal" flavor="HMI" CommandTimeOut="" AlarmTimeout="">
      <States>
         <Equation>NOEVENT[0]:: 1==1</Equation>
      </States>
   </Equipment>
   <Equipment name="S1210" type="Signal" flavor="Detection" CommandTimeOut="" AlarmTimeout="">
      <States>
         <Equation>S_STOP[0]::S1210_OFF == 0</Equation>
         <Equation>S_PERMISSIVE[1]::S1210_OFF == 1</Equation>
      </States>
   </Equipment>
   <Equipment name="S1210" type="Signal" flavor="ALS" CommandTimeOut="" AlarmTimeout="">
      <States>
         <Equation>S_APPROACH_FREE[1]::ALS1210 == 1</Equation>
         <Equation>S_APPROACH_LOCKED[2]::ALS1210 == 0</Equation>
         <Equation>NOEVENT[0]::1 == 1</Equation>
      </States>
   </Equipment>
   <Equipment name="S1210" type="Signal" flavor="HMI" CommandTimeOut="" AlarmTimeout="">
      <States>
         <Equation>1::S1210_OFF == 1 &amp;&amp; ALS1210 ==1</Equation>
         <Equation>2::S1210_OFF == 0 &amp;&amp; ALS1210 ==1</Equation>
         <Equation>3::S1210_OFF == 0 &amp;&amp; ALS1210 == 0</Equation>
         <Equation>4::S1210_OFF == 1 &amp;&amp; ALS1210 == 0</Equation>
         <Equation>0::1==1</Equation>
      </States>
   </Equipment>
   <Equipment name="S1210" type="Signal" flavor="Blocking" CommandTimeOut="" AlarmTimeout="">
      <States>
         <Equation>S_NOTBLOCKING[1]::MSC1210 == 1</Equation>
         <Equation>S_BLOCKING[2]::MSC1210 == 0</Equation>
      </States>
      <Requisites>
         <Equation>PREP_SBC1210[PREP_SBC]::PREP_SBC12==0</Equation>
         <Equation>PREP_SUC1210[PREP_SUC]::PREP_SUC12==0</Equation>
         <Equation>CONF_SBC1210[CONF_SBC]::1</Equation>
         <Equation>CONF_SUC1210[CONF_SUC]::1</Equation>
      </Requisites>
      <CommandResults>
         <Equation>PREP_SBC1210[PREP_SBC_RES]::PREP_SBC12==1</Equation>
         <Equation>PREP_SUC1210[PREP_SUC_RES]::PREP_SUC12==1</Equation>
         <Equation>CONF_SBC1210[CONF_SBC_RES]::MSC1210== 0</Equation>
         <Equation>CONF_SUC1210[CONF_SUC_RES]::MSC1210== 1</Equation>
      </CommandResults>
   </Equipment>
   <Equipment name="S1210" type="Signal" flavor="Automatic" CommandTimeOut="" AlarmTimeout="">
      <States>
         <Equation>1::RL1210_1204_D==0 &amp;&amp; RL1210_1206_D==0</Equation>
         <Equation>2::S_SEL1210 == 1 &amp;&amp; RL1210_1204_D==0 &amp;&amp; RL1210_1206_D==0</Equation>
         <Equation>3::RL1210_1204_D==1 || RL1210_1206_D==1</Equation>
      </States>
   </Equipment>
   <Equipment name="S1210" type="Signal" flavor="Release" CommandTimeOut="" AlarmTimeout="">
      <States>
         <Equation>1::S_REL1210 == 0 &amp;&amp; (RL1210_1204_D==0 &amp;&amp; RL1210_1206_D==0)</Equation>
         <Equation>2::S_REL1210 == 0 &amp;&amp; (RL1210_1204_D==1 || RL1210_1206_D==1)</Equation>
         <Equation>3::S_REL1210 == 1 &amp;&amp; (RL1210_1204_D==1 || RL1210_1206_D==1)</Equation>
      </States>
   </Equipment>
   <Equipment name="S1210" type="Signal" flavor="Lamp" CommandTimeOut="" AlarmTimeout="">
      <States>
         <Equation>1::SPLS1210 == 0</Equation>
         <Equation>2::SPLS1210 == 1</Equation>
      </States>
      <StateAlarms>
         <Equation>S_RED_FAILURE[1]::SPLS1210==0 &amp;&amp; S1210_OFF==0</Equation>
         <Equation>S_WHITE_FAILURE[2]::SPLS1210==0 &amp;&amp; S1210_OFF==1</Equation>
      </StateAlarms>
   </Equipment>
   <Equipment name="S1210" type="Signal" flavor="Fleet">
      <States>
         <Equation>2::AR1210_1204==0</Equation>
         <Equation>3::RL1210_1204_D==1&amp;&amp;AR1210_1204==1</Equation>
      </States>
   </Equipment>
   <Equipment name="S1210" type="Signal" flavor="Detection" CommandTimeOut="" AlarmTimeout="">
      <States>
         <Equation>S_STOP[0]::S1210_OFF == 0</Equation>
         <Equation>S_PERMISSIVE[1]::S1210_OFF == 1</Equation>
      </States>
   </Equipment>
   <Equipment name="S1210" type="Signal" flavor="HMI" CommandTimeOut="" AlarmTimeout="">
      <States>
         <Equation>NOEVENT[0]:: 1==1</Equation>
      </States>
   </Equipment>
   <Equipment name="S1206" type="Signal" flavor="Detection" CommandTimeOut="" AlarmTimeout="">
      <States>
         <Equation>S_STOP[0]::S1206_OFF == 0</Equation>
         <Equation>S_PERMISSIVE[1]::S1206_OFF == 1</Equation>
      </States>
   </Equipment>
   <Equipment name="S1206" type="Signal" flavor="ALS" CommandTimeOut="" AlarmTimeout="">
      <States>
         <Equation>S_APPROACH_FREE[1]::ALS1206 == 1</Equation>
         <Equation>S_APPROACH_LOCKED[2]::ALS1206 == 0</Equation>
         <Equation>NOEVENT[0]::1 == 1</Equation>
      </States>
   </Equipment>
   <Equipment name="S1206" type="Signal" flavor="HMI" CommandTimeOut="" AlarmTimeout="">
      <States>
         <Equation>1::S1206_OFF == 1 &amp;&amp; ALS1206 ==1</Equation>
         <Equation>2::S1206_OFF == 0 &amp;&amp; ALS1206 ==1</Equation>
         <Equation>3::S1206_OFF == 0 &amp;&amp; ALS1206 == 0</Equation>
         <Equation>4::S1206_OFF == 1 &amp;&amp; ALS1206 == 0</Equation>
         <Equation>0::1==1</Equation>
      </States>
   </Equipment>
   <Equipment name="S1206" type="Signal" flavor="Blocking" CommandTimeOut="" AlarmTimeout="">
      <States>
         <Equation>S_NOTBLOCKING[1]::MSC1206 == 1</Equation>
         <Equation>S_BLOCKING[2]::MSC1206 == 0</Equation>
      </States>
      <Requisites>
         <Equation>PREP_SBC1206[PREP_SBC]::PREP_SBC12==0</Equation>
         <Equation>PREP_SUC1206[PREP_SUC]::PREP_SUC12==0</Equation>
         <Equation>CONF_SBC1206[CONF_SBC]::1</Equation>
         <Equation>CONF_SUC1206[CONF_SUC]::1</Equation>
      </Requisites>
      <CommandResults>
         <Equation>PREP_SBC1206[PREP_SBC_RES]::PREP_SBC12==1</Equation>
         <Equation>PREP_SUC1206[PREP_SUC_RES]::PREP_SUC12==1</Equation>
         <Equation>CONF_SBC1206[CONF_SBC_RES]::MSC1206== 0</Equation>
         <Equation>CONF_SUC1206[CONF_SUC_RES]::MSC1206== 1</Equation>
      </CommandResults>
   </Equipment>
   <Equipment name="S1206" type="Signal" flavor="Automatic" CommandTimeOut="" AlarmTimeout="">
      <States>
         <Equation>1::RL1206_1200_D==0 &amp;&amp; RL1206_1202_D==0</Equation>
         <Equation>2::S_SEL1206 == 1 &amp;&amp; RL1206_1200_D==0 &amp;&amp; RL1206_1202_D==0</Equation>
         <Equation>3::RL1206_1200_D==1 || RL1206_1202_D==1</Equation>
      </States>
   </Equipment>
   <Equipment name="S1206" type="Signal" flavor="Release" CommandTimeOut="" AlarmTimeout="">
      <States>
         <Equation>1::S_REL1206 == 0 &amp;&amp; (RL1206_1200_D==0 &amp;&amp; RL1206_1202_D==0)</Equation>
         <Equation>2::S_REL1206 == 0 &amp;&amp; (RL1206_1200_D==1 || RL1206_1202_D==1)</Equation>
         <Equation>3::S_REL1206 == 1 &amp;&amp; (RL1206_1200_D==1 || RL1206_1202_D==1)</Equation>
      </States>
   </Equipment>
   <Equipment name="S1206" type="Signal" flavor="Lamp" CommandTimeOut="" AlarmTimeout="">
      <States>
         <Equation>1::SPLS1206 == 0</Equation>
         <Equation>2::SPLS1206 == 1</Equation>
      </States>
      <StateAlarms>
         <Equation>S_RED_FAILURE[1]::SPLS1206==0 &amp;&amp; S1206_OFF==0</Equation>
         <Equation>S_WHITE_FAILURE[2]::SPLS1206==0 &amp;&amp; S1206_OFF==1</Equation>
      </StateAlarms>
   </Equipment>
   <Equipment name="S1206" type="Signal" flavor="Detection" CommandTimeOut="" AlarmTimeout="">
      <States>
         <Equation>S_STOP[0]::S1206_OFF == 0</Equation>
         <Equation>S_PERMISSIVE[1]::S1206_OFF == 1</Equation>
      </States>
   </Equipment>
   <Equipment name="S1206" type="Signal" flavor="HMI" CommandTimeOut="" AlarmTimeout="">
      <States>
         <Equation>NOEVENT[0]:: 1==1</Equation>
      </States>
   </Equipment>
   <Equipment name="S1201" type="Signal" flavor="Detection" CommandTimeOut="" AlarmTimeout="">
      <States>
         <Equation>S_STOP[0]::S1201_OFF == 0</Equation>
         <Equation>S_PERMISSIVE[1]::S1201_OFF == 1</Equation>
      </States>
   </Equipment>
   <Equipment name="S1201" type="Signal" flavor="ALS" CommandTimeOut="" AlarmTimeout="">
      <States>
         <Equation>S_APPROACH_FREE[1]::ALS1201 == 1</Equation>
         <Equation>S_APPROACH_LOCKED[2]::ALS1201 == 0</Equation>
         <Equation>NOEVENT[0]::1 == 1</Equation>
      </States>
   </Equipment>
   <Equipment name="S1201" type="Signal" flavor="HMI" CommandTimeOut="" AlarmTimeout="">
      <States>
         <Equation>1::S1201_OFF == 1 &amp;&amp; ALS1201 ==1</Equation>
         <Equation>2::S1201_OFF == 0 &amp;&amp; ALS1201 ==1</Equation>
         <Equation>3::S1201_OFF == 0 &amp;&amp; ALS1201 == 0</Equation>
         <Equation>4::S1201_OFF == 1 &amp;&amp; ALS1201 == 0</Equation>
         <Equation>0::1==1</Equation>
      </States>
   </Equipment>
   <Equipment name="S1201" type="Signal" flavor="Blocking" CommandTimeOut="" AlarmTimeout="">
      <States>
         <Equation>S_NOTBLOCKING[1]::MSC1201 == 1</Equation>
         <Equation>S_BLOCKING[2]::MSC1201 == 0</Equation>
      </States>
      <Requisites>
         <Equation>PREP_SBC1201[PREP_SBC]::PREP_SBC12==0</Equation>
         <Equation>PREP_SUC1201[PREP_SUC]::PREP_SUC12==0</Equation>
         <Equation>CONF_SBC1201[CONF_SBC]::1</Equation>
         <Equation>CONF_SUC1201[CONF_SUC]::1</Equation>
      </Requisites>
      <CommandResults>
         <Equation>PREP_SBC1201[PREP_SBC_RES]::PREP_SBC12==1</Equation>
         <Equation>PREP_SUC1201[PREP_SUC_RES]::PREP_SUC12==1</Equation>
         <Equation>CONF_SBC1201[CONF_SBC_RES]::MSC1201== 0</Equation>
         <Equation>CONF_SUC1201[CONF_SUC_RES]::MSC1201== 1</Equation>
      </CommandResults>
   </Equipment>
   <Equipment name="S1201" type="Signal" flavor="Automatic" CommandTimeOut="" AlarmTimeout="">
      <States>
         <Equation>1::RL1201_1205_D==0 &amp;&amp; RL1201_1207_D==0</Equation>
         <Equation>2::S_SEL1201 == 1 &amp;&amp; RL1201_1205_D==0 &amp;&amp; RL1201_1207_D==0</Equation>
         <Equation>3::RL1201_1205_D==1 || RL1201_1207_D==1</Equation>
      </States>
   </Equipment>
   <Equipment name="S1201" type="Signal" flavor="Release" CommandTimeOut="" AlarmTimeout="">
      <States>
         <Equation>1::S_REL1201 == 0 &amp;&amp; (RL1201_1205_D==0 &amp;&amp; RL1201_1207_D==0)</Equation>
         <Equation>2::S_REL1201 == 0 &amp;&amp; (RL1201_1205_D==1 || RL1201_1207_D==1)</Equation>
         <Equation>3::S_REL1201 == 1 &amp;&amp; (RL1201_1205_D==1 || RL1201_1207_D==1)</Equation>
      </States>
   </Equipment>
   <Equipment name="S1201" type="Signal" flavor="Lamp" CommandTimeOut="" AlarmTimeout="">
      <States>
         <Equation>1::SPLS1201 == 0</Equation>
         <Equation>2::SPLS1201 == 1</Equation>
      </States>
      <StateAlarms>
         <Equation>S_RED_FAILURE[1]::SPLS1201==0 &amp;&amp; S1201_OFF==0</Equation>
         <Equation>S_WHITE_FAILURE[2]::SPLS1201==0 &amp;&amp; S1201_OFF==1</Equation>
      </StateAlarms>
   </Equipment>
   <Equipment name="S1201" type="Signal" flavor="Fleet">
      <States>
         <Equation>2::AR1201_1205==0</Equation>
         <Equation>3::RL1201_1205_D==1&amp;&amp;AR1201_1205==1</Equation>
      </States>
   </Equipment>
   <Equipment name="S1201" type="Signal" flavor="Detection" CommandTimeOut="" AlarmTimeout="">
      <States>
         <Equation>S_STOP[0]::S1201_OFF == 0</Equation>
         <Equation>S_PERMISSIVE[1]::S1201_OFF == 1</Equation>
      </States>
   </Equipment>
   <Equipment name="S1201" type="Signal" flavor="HMI" CommandTimeOut="" AlarmTimeout="">
      <States>
         <Equation>NOEVENT[0]:: 1==1</Equation>
      </States>
   </Equipment>
   <Equipment name="S1205" type="Signal" flavor="Detection" CommandTimeOut="" AlarmTimeout="">
      <States>
         <Equation>S_STOP[0]::S1205_OFF == 0</Equation>
         <Equation>S_PERMISSIVE[1]::S1205_OFF == 1</Equation>
      </States>
   </Equipment>
   <Equipment name="S1205" type="Signal" flavor="ALS" CommandTimeOut="" AlarmTimeout="">
      <States>
         <Equation>S_APPROACH_FREE[1]::ALS1205 == 1</Equation>
         <Equation>S_APPROACH_LOCKED[2]::ALS1205 == 0</Equation>
         <Equation>NOEVENT[0]::1 == 1</Equation>
      </States>
   </Equipment>
   <Equipment name="S1205" type="Signal" flavor="HMI" CommandTimeOut="" AlarmTimeout="">
      <States>
         <Equation>1::S1205_OFF == 1 &amp;&amp; ALS1205 ==1</Equation>
         <Equation>2::S1205_OFF == 0 &amp;&amp; ALS1205 ==1</Equation>
         <Equation>3::S1205_OFF == 0 &amp;&amp; ALS1205 == 0</Equation>
         <Equation>4::S1205_OFF == 1 &amp;&amp; ALS1205 == 0</Equation>
         <Equation>0::1==1</Equation>
      </States>
   </Equipment>
   <Equipment name="S1205" type="Signal" flavor="Blocking" CommandTimeOut="" AlarmTimeout="">
      <States>
         <Equation>S_NOTBLOCKING[1]::MSC1205 == 1</Equation>
         <Equation>S_BLOCKING[2]::MSC1205 == 0</Equation>
      </States>
      <Requisites>
         <Equation>PREP_SBC1205[PREP_SBC]::PREP_SBC12==0</Equation>
         <Equation>PREP_SUC1205[PREP_SUC]::PREP_SUC12==0</Equation>
         <Equation>CONF_SBC1205[CONF_SBC]::1</Equation>
         <Equation>CONF_SUC1205[CONF_SUC]::1</Equation>
      </Requisites>
      <CommandResults>
         <Equation>PREP_SBC1205[PREP_SBC_RES]::PREP_SBC12==1</Equation>
         <Equation>PREP_SUC1205[PREP_SUC_RES]::PREP_SUC12==1</Equation>
         <Equation>CONF_SBC1205[CONF_SBC_RES]::MSC1205== 0</Equation>
         <Equation>CONF_SUC1205[CONF_SUC_RES]::MSC1205== 1</Equation>
      </CommandResults>
   </Equipment>
   <Equipment name="S1205" type="Signal" flavor="Automatic" CommandTimeOut="" AlarmTimeout="">
      <States>
         <Equation>1::RL1205_1211_D==0</Equation>
         <Equation>2::S_SEL1205 == 1 &amp;&amp; RL1205_1211_D==0</Equation>
         <Equation>3::RL1205_1211_D==1</Equation>
      </States>
   </Equipment>
   <Equipment name="S1205" type="Signal" flavor="Release" CommandTimeOut="" AlarmTimeout="">
      <States>
         <Equation>1::S_REL1205 == 0 &amp;&amp; (RL1205_1211_D==0)</Equation>
         <Equation>2::S_REL1205 == 0 &amp;&amp; (RL1205_1211_D==1)</Equation>
         <Equation>3::S_REL1205 == 1 &amp;&amp; (RL1205_1211_D==1)</Equation>
      </States>
   </Equipment>
   <Equipment name="S1205" type="Signal" flavor="Lamp" CommandTimeOut="" AlarmTimeout="">
      <States>
         <Equation>1::SPLS1205 == 0</Equation>
         <Equation>2::SPLS1205 == 1</Equation>
      </States>
      <StateAlarms>
         <Equation>S_RED_FAILURE[1]::SPLS1205==0 &amp;&amp; S1205_OFF==0</Equation>
         <Equation>S_WHITE_FAILURE[2]::SPLS1205==0 &amp;&amp; S1205_OFF==1</Equation>
      </StateAlarms>
   </Equipment>
   <Equipment name="S1205" type="Signal" flavor="Fleet">
      <States>
         <Equation>2::AR1205_1211==0</Equation>
         <Equation>3::RL1205_1211_D==1&amp;&amp;AR1205_1211==1</Equation>
      </States>
   </Equipment>
   <Equipment name="S1205" type="Signal" flavor="Detection" CommandTimeOut="" AlarmTimeout="">
      <States>
         <Equation>S_STOP[0]::S1205_OFF == 0</Equation>
         <Equation>S_PERMISSIVE[1]::S1205_OFF == 1</Equation>
      </States>
   </Equipment>
   <Equipment name="S1205" type="Signal" flavor="HMI" CommandTimeOut="" AlarmTimeout="">
      <States>
         <Equation>NOEVENT[0]:: 1==1</Equation>
      </States>
   </Equipment>
   <Equipment name="S1211" type="Signal" flavor="Detection" CommandTimeOut="" AlarmTimeout="">
      <States>
         <Equation>S_STOP[0]::S1211_OFF == 0</Equation>
         <Equation>S_PERMISSIVE[1]::S1211_OFF == 1</Equation>
      </States>
   </Equipment>
   <Equipment name="S1211" type="Signal" flavor="ALS" CommandTimeOut="" AlarmTimeout="">
      <States>
         <Equation>S_APPROACH_FREE[1]::ALS1211 == 1</Equation>
         <Equation>S_APPROACH_LOCKED[2]::ALS1211 == 0</Equation>
         <Equation>NOEVENT[0]::1 == 1</Equation>
      </States>
   </Equipment>
   <Equipment name="S1211" type="Signal" flavor="HMI" CommandTimeOut="" AlarmTimeout="">
      <States>
         <Equation>1::S1211_OFF == 1 &amp;&amp; ALS1211 ==1</Equation>
         <Equation>2::S1211_OFF == 0 &amp;&amp; ALS1211 ==1</Equation>
         <Equation>3::S1211_OFF == 0 &amp;&amp; ALS1211 == 0</Equation>
         <Equation>4::S1211_OFF == 1 &amp;&amp; ALS1211 == 0</Equation>
         <Equation>0::1==1</Equation>
      </States>
   </Equipment>
   <Equipment name="S1211" type="Signal" flavor="Blocking" CommandTimeOut="" AlarmTimeout="">
      <States>
         <Equation>S_NOTBLOCKING[1]::MSC1211 == 1</Equation>
         <Equation>S_BLOCKING[2]::MSC1211 == 0</Equation>
      </States>
      <Requisites>
         <Equation>PREP_SBC1211[PREP_SBC]::PREP_SBC12==0</Equation>
         <Equation>PREP_SUC1211[PREP_SUC]::PREP_SUC12==0</Equation>
         <Equation>CONF_SBC1211[CONF_SBC]::1</Equation>
         <Equation>CONF_SUC1211[CONF_SUC]::1</Equation>
      </Requisites>
      <CommandResults>
         <Equation>PREP_SBC1211[PREP_SBC_RES]::PREP_SBC12==1</Equation>
         <Equation>PREP_SUC1211[PREP_SUC_RES]::PREP_SUC12==1</Equation>
         <Equation>CONF_SBC1211[CONF_SBC_RES]::MSC1211== 0</Equation>
         <Equation>CONF_SUC1211[CONF_SUC_RES]::MSC1211== 1</Equation>
      </CommandResults>
   </Equipment>
   <Equipment name="S1211" type="Signal" flavor="Automatic" CommandTimeOut="" AlarmTimeout="">
      <States>
         <Equation>1::RL1211_1309_D==0</Equation>
         <Equation>2::S_SEL1211 == 1 &amp;&amp; RL1211_1309_D==0</Equation>
         <Equation>3::RL1211_1309_D==1</Equation>
      </States>
   </Equipment>
   <Equipment name="S1211" type="Signal" flavor="Release" CommandTimeOut="" AlarmTimeout="">
      <States>
         <Equation>1::S_REL1211 == 0 &amp;&amp; (RL1211_1309_D==0)</Equation>
         <Equation>2::S_REL1211 == 0 &amp;&amp; (RL1211_1309_D==1)</Equation>
         <Equation>3::S_REL1211 == 1 &amp;&amp; (RL1211_1309_D==1)</Equation>
      </States>
   </Equipment>
   <Equipment name="S1211" type="Signal" flavor="Lamp" CommandTimeOut="" AlarmTimeout="">
      <States>
         <Equation>1::SPLS1211 == 0</Equation>
         <Equation>2::SPLS1211 == 1</Equation>
      </States>
      <StateAlarms>
         <Equation>S_RED_FAILURE[1]::SPLS1211==0 &amp;&amp; S1211_OFF==0</Equation>
         <Equation>S_WHITE_FAILURE[2]::SPLS1211==0 &amp;&amp; S1211_OFF==1</Equation>
      </StateAlarms>
   </Equipment>
   <Equipment name="S1211" type="Signal" flavor="Fleet">
      <States>
         <Equation>2::AR1211_1309==0</Equation>
         <Equation>3::RL1211_1309_D==1&amp;&amp;AR1211_1309==1</Equation>
      </States>
   </Equipment>
   <Equipment name="S1211" type="Signal" flavor="Detection" CommandTimeOut="" AlarmTimeout="">
      <States>
         <Equation>S_STOP[0]::S1211_OFF == 0</Equation>
         <Equation>S_PERMISSIVE[1]::S1211_OFF == 1</Equation>
      </States>
   </Equipment>
   <Equipment name="S1211" type="Signal" flavor="HMI" CommandTimeOut="" AlarmTimeout="">
      <States>
         <Equation>NOEVENT[0]:: 1==1</Equation>
      </States>
   </Equipment>
   <Equipment name="S1203" type="Signal" flavor="Detection" CommandTimeOut="" AlarmTimeout="">
      <States>
         <Equation>S_STOP[0]::S1203_OFF == 0</Equation>
         <Equation>S_PERMISSIVE[1]::S1203_OFF == 1</Equation>
      </States>
   </Equipment>
   <Equipment name="S1203" type="Signal" flavor="ALS" CommandTimeOut="" AlarmTimeout="">
      <States>
         <Equation>S_APPROACH_FREE[1]::ALS1203 == 1</Equation>
         <Equation>S_APPROACH_LOCKED[2]::ALS1203 == 0</Equation>
         <Equation>NOEVENT[0]::1 == 1</Equation>
      </States>
   </Equipment>
   <Equipment name="S1203" type="Signal" flavor="HMI" CommandTimeOut="" AlarmTimeout="">
      <States>
         <Equation>1::S1203_OFF == 1 &amp;&amp; ALS1203 ==1</Equation>
         <Equation>2::S1203_OFF == 0 &amp;&amp; ALS1203 ==1</Equation>
         <Equation>3::S1203_OFF == 0 &amp;&amp; ALS1203 == 0</Equation>
         <Equation>4::S1203_OFF == 1 &amp;&amp; ALS1203 == 0</Equation>
         <Equation>0::1==1</Equation>
      </States>
   </Equipment>
   <Equipment name="S1203" type="Signal" flavor="Blocking" CommandTimeOut="" AlarmTimeout="">
      <States>
         <Equation>S_NOTBLOCKING[1]::MSC1203 == 1</Equation>
         <Equation>S_BLOCKING[2]::MSC1203 == 0</Equation>
      </States>
      <Requisites>
         <Equation>PREP_SBC1203[PREP_SBC]::PREP_SBC12==0</Equation>
         <Equation>PREP_SUC1203[PREP_SUC]::PREP_SUC12==0</Equation>
         <Equation>CONF_SBC1203[CONF_SBC]::1</Equation>
         <Equation>CONF_SUC1203[CONF_SUC]::1</Equation>
      </Requisites>
      <CommandResults>
         <Equation>PREP_SBC1203[PREP_SBC_RES]::PREP_SBC12==1</Equation>
         <Equation>PREP_SUC1203[PREP_SUC_RES]::PREP_SUC12==1</Equation>
         <Equation>CONF_SBC1203[CONF_SBC_RES]::MSC1203== 0</Equation>
         <Equation>CONF_SUC1203[CONF_SUC_RES]::MSC1203== 1</Equation>
      </CommandResults>
   </Equipment>
   <Equipment name="S1203" type="Signal" flavor="Automatic" CommandTimeOut="" AlarmTimeout="">
      <States>
         <Equation>1::RL1203_1207_D==0 &amp;&amp; RL1203_1209_D==0</Equation>
         <Equation>2::S_SEL1203 == 1 &amp;&amp; RL1203_1207_D==0 &amp;&amp; RL1203_1209_D==0</Equation>
         <Equation>3::RL1203_1207_D==1 || RL1203_1209_D==1</Equation>
      </States>
   </Equipment>
   <Equipment name="S1203" type="Signal" flavor="Release" CommandTimeOut="" AlarmTimeout="">
      <States>
         <Equation>1::S_REL1203 == 0 &amp;&amp; (RL1203_1207_D==0 &amp;&amp; RL1203_1209_D==0)</Equation>
         <Equation>2::S_REL1203 == 0 &amp;&amp; (RL1203_1207_D==1 || RL1203_1209_D==1)</Equation>
         <Equation>3::S_REL1203 == 1 &amp;&amp; (RL1203_1207_D==1 || RL1203_1209_D==1)</Equation>
      </States>
   </Equipment>
   <Equipment name="S1203" type="Signal" flavor="Lamp" CommandTimeOut="" AlarmTimeout="">
      <States>
         <Equation>1::SPLS1203 == 0</Equation>
         <Equation>2::SPLS1203 == 1</Equation>
      </States>
      <StateAlarms>
         <Equation>S_RED_FAILURE[1]::SPLS1203==0 &amp;&amp; S1203_OFF==0</Equation>
         <Equation>S_WHITE_FAILURE[2]::SPLS1203==0 &amp;&amp; S1203_OFF==1</Equation>
      </StateAlarms>
   </Equipment>
   <Equipment name="S1203" type="Signal" flavor="Detection" CommandTimeOut="" AlarmTimeout="">
      <States>
         <Equation>S_STOP[0]::S1203_OFF == 0</Equation>
         <Equation>S_PERMISSIVE[1]::S1203_OFF == 1</Equation>
      </States>
   </Equipment>
   <Equipment name="S1203" type="Signal" flavor="HMI" CommandTimeOut="" AlarmTimeout="">
      <States>
         <Equation>NOEVENT[0]:: 1==1</Equation>
      </States>
   </Equipment>
   <Equipment name="S1209" type="Signal" flavor="Detection" CommandTimeOut="" AlarmTimeout="">
      <States>
         <Equation>S_STOP[0]::S1209_OFF == 0</Equation>
         <Equation>S_PERMISSIVE[1]::S1209_OFF == 1</Equation>
      </States>
   </Equipment>
   <Equipment name="S1209" type="Signal" flavor="ALS" CommandTimeOut="" AlarmTimeout="">
      <States>
         <Equation>S_APPROACH_FREE[1]::ALS1209 == 1</Equation>
         <Equation>S_APPROACH_LOCKED[2]::ALS1209 == 0</Equation>
         <Equation>NOEVENT[0]::1 == 1</Equation>
      </States>
   </Equipment>
   <Equipment name="S1209" type="Signal" flavor="HMI" CommandTimeOut="" AlarmTimeout="">
      <States>
         <Equation>1::S1209_OFF == 1 &amp;&amp; ALS1209 ==1</Equation>
         <Equation>2::S1209_OFF == 0 &amp;&amp; ALS1209 ==1</Equation>
         <Equation>3::S1209_OFF == 0 &amp;&amp; ALS1209 == 0</Equation>
         <Equation>4::S1209_OFF == 1 &amp;&amp; ALS1209 == 0</Equation>
         <Equation>0::1==1</Equation>
      </States>
   </Equipment>
   <Equipment name="S1209" type="Signal" flavor="Blocking" CommandTimeOut="" AlarmTimeout="">
      <States>
         <Equation>S_NOTBLOCKING[1]::MSC1209 == 1</Equation>
         <Equation>S_BLOCKING[2]::MSC1209 == 0</Equation>
      </States>
      <Requisites>
         <Equation>PREP_SBC1209[PREP_SBC]::PREP_SBC12==0</Equation>
         <Equation>PREP_SUC1209[PREP_SUC]::PREP_SUC12==0</Equation>
         <Equation>CONF_SBC1209[CONF_SBC]::1</Equation>
         <Equation>CONF_SUC1209[CONF_SUC]::1</Equation>
      </Requisites>
      <CommandResults>
         <Equation>PREP_SBC1209[PREP_SBC_RES]::PREP_SBC12==1</Equation>
         <Equation>PREP_SUC1209[PREP_SUC_RES]::PREP_SUC12==1</Equation>
         <Equation>CONF_SBC1209[CONF_SBC_RES]::MSC1209== 0</Equation>
         <Equation>CONF_SUC1209[CONF_SUC_RES]::MSC1209== 1</Equation>
      </CommandResults>
   </Equipment>
   <Equipment name="S1209" type="Signal" flavor="Automatic" CommandTimeOut="" AlarmTimeout="">
      <States>
         <Equation>1::RL1209_1213_D==0</Equation>
         <Equation>2::S_SEL1209 == 1 &amp;&amp; RL1209_1213_D==0</Equation>
         <Equation>3::RL1209_1213_D==1</Equation>
      </States>
   </Equipment>
   <Equipment name="S1209" type="Signal" flavor="Release" CommandTimeOut="" AlarmTimeout="">
      <States>
         <Equation>1::S_REL1209 == 0 &amp;&amp; (RL1209_1213_D==0)</Equation>
         <Equation>2::S_REL1209 == 0 &amp;&amp; (RL1209_1213_D==1)</Equation>
         <Equation>3::S_REL1209 == 1 &amp;&amp; (RL1209_1213_D==1)</Equation>
      </States>
   </Equipment>
   <Equipment name="S1209" type="Signal" flavor="Lamp" CommandTimeOut="" AlarmTimeout="">
      <States>
         <Equation>1::SPLS1209 == 0</Equation>
         <Equation>2::SPLS1209 == 1</Equation>
      </States>
      <StateAlarms>
         <Equation>S_RED_FAILURE[1]::SPLS1209==0 &amp;&amp; S1209_OFF==0</Equation>
         <Equation>S_WHITE_FAILURE[2]::SPLS1209==0 &amp;&amp; S1209_OFF==1</Equation>
      </StateAlarms>
   </Equipment>
   <Equipment name="S1209" type="Signal" flavor="Detection" CommandTimeOut="" AlarmTimeout="">
      <States>
         <Equation>S_STOP[0]::S1209_OFF == 0</Equation>
         <Equation>S_PERMISSIVE[1]::S1209_OFF == 1</Equation>
      </States>
   </Equipment>
   <Equipment name="S1209" type="Signal" flavor="HMI" CommandTimeOut="" AlarmTimeout="">
      <States>
         <Equation>NOEVENT[0]:: 1==1</Equation>
      </States>
   </Equipment>
   <Equipment name="S1213" type="Signal" flavor="Detection" CommandTimeOut="" AlarmTimeout="">
      <States>
         <Equation>S_STOP[0]::S1213_OFF == 0</Equation>
         <Equation>S_PERMISSIVE[1]::S1213_OFF == 1</Equation>
      </States>
   </Equipment>
   <Equipment name="S1213" type="Signal" flavor="ALS" CommandTimeOut="" AlarmTimeout="">
      <States>
         <Equation>S_APPROACH_FREE[1]::ALS1213 == 1</Equation>
         <Equation>S_APPROACH_LOCKED[2]::ALS1213 == 0</Equation>
         <Equation>NOEVENT[0]::1 == 1</Equation>
      </States>
   </Equipment>
   <Equipment name="S1213" type="Signal" flavor="HMI" CommandTimeOut="" AlarmTimeout="">
      <States>
         <Equation>1::S1213_OFF == 1 &amp;&amp; ALS1213 ==1</Equation>
         <Equation>2::S1213_OFF == 0 &amp;&amp; ALS1213 ==1</Equation>
         <Equation>3::S1213_OFF == 0 &amp;&amp; ALS1213 == 0</Equation>
         <Equation>4::S1213_OFF == 1 &amp;&amp; ALS1213 == 0</Equation>
         <Equation>0::1==1</Equation>
      </States>
   </Equipment>
   <Equipment name="S1213" type="Signal" flavor="Blocking" CommandTimeOut="" AlarmTimeout="">
      <States>
         <Equation>S_NOTBLOCKING[1]::MSC1213 == 1</Equation>
         <Equation>S_BLOCKING[2]::MSC1213 == 0</Equation>
      </States>
      <Requisites>
         <Equation>PREP_SBC1213[PREP_SBC]::PREP_SBC12==0</Equation>
         <Equation>PREP_SUC1213[PREP_SUC]::PREP_SUC12==0</Equation>
         <Equation>CONF_SBC1213[CONF_SBC]::1</Equation>
         <Equation>CONF_SUC1213[CONF_SUC]::1</Equation>
      </Requisites>
      <CommandResults>
         <Equation>PREP_SBC1213[PREP_SBC_RES]::PREP_SBC12==1</Equation>
         <Equation>PREP_SUC1213[PREP_SUC_RES]::PREP_SUC12==1</Equation>
         <Equation>CONF_SBC1213[CONF_SBC_RES]::MSC1213== 0</Equation>
         <Equation>CONF_SUC1213[CONF_SUC_RES]::MSC1213== 1</Equation>
      </CommandResults>
   </Equipment>
   <Equipment name="S1213" type="Signal" flavor="Automatic" CommandTimeOut="" AlarmTimeout="">
      <States>
         <Equation>1::RL1213_1311_D==0</Equation>
         <Equation>2::S_SEL1213 == 1 &amp;&amp; RL1213_1311_D==0</Equation>
         <Equation>3::RL1213_1311_D==1</Equation>
      </States>
   </Equipment>
   <Equipment name="S1213" type="Signal" flavor="Release" CommandTimeOut="" AlarmTimeout="">
      <States>
         <Equation>1::S_REL1213 == 0 &amp;&amp; (RL1213_1311_D==0)</Equation>
         <Equation>2::S_REL1213 == 0 &amp;&amp; (RL1213_1311_D==1)</Equation>
         <Equation>3::S_REL1213 == 1 &amp;&amp; (RL1213_1311_D==1)</Equation>
      </States>
   </Equipment>
   <Equipment name="S1213" type="Signal" flavor="Lamp" CommandTimeOut="" AlarmTimeout="">
      <States>
         <Equation>1::SPLS1213 == 0</Equation>
         <Equation>2::SPLS1213 == 1</Equation>
      </States>
      <StateAlarms>
         <Equation>S_RED_FAILURE[1]::SPLS1213==0 &amp;&amp; S1213_OFF==0</Equation>
         <Equation>S_WHITE_FAILURE[2]::SPLS1213==0 &amp;&amp; S1213_OFF==1</Equation>
      </StateAlarms>
   </Equipment>
   <Equipment name="S1213" type="Signal" flavor="Detection" CommandTimeOut="" AlarmTimeout="">
      <States>
         <Equation>S_STOP[0]::S1213_OFF == 0</Equation>
         <Equation>S_PERMISSIVE[1]::S1213_OFF == 1</Equation>
      </States>
   </Equipment>
   <Equipment name="S1213" type="Signal" flavor="HMI" CommandTimeOut="" AlarmTimeout="">
      <States>
         <Equation>NOEVENT[0]:: 1==1</Equation>
      </States>
   </Equipment>
   <Equipment name="S1207" type="Signal" flavor="Detection" CommandTimeOut="" AlarmTimeout="">
      <States>
         <Equation>S_STOP[0]::S1207_OFF == 0</Equation>
         <Equation>S_PERMISSIVE[1]::S1207_OFF == 1</Equation>
      </States>
   </Equipment>
   <Equipment name="S1207" type="Signal" flavor="ALS" CommandTimeOut="" AlarmTimeout="">
      <States>
         <Equation>S_APPROACH_FREE[1]::ALS1207 == 1</Equation>
         <Equation>S_APPROACH_LOCKED[2]::ALS1207 == 0</Equation>
         <Equation>NOEVENT[0]::1 == 1</Equation>
      </States>
   </Equipment>
   <Equipment name="S1207" type="Signal" flavor="HMI" CommandTimeOut="" AlarmTimeout="">
      <States>
         <Equation>1::S1207_OFF == 1 &amp;&amp; ALS1207 ==1</Equation>
         <Equation>2::S1207_OFF == 0 &amp;&amp; ALS1207 ==1</Equation>
         <Equation>3::S1207_OFF == 0 &amp;&amp; ALS1207 == 0</Equation>
         <Equation>4::S1207_OFF == 1 &amp;&amp; ALS1207 == 0</Equation>
         <Equation>0::1==1</Equation>
      </States>
   </Equipment>
   <Equipment name="S1207" type="Signal" flavor="Blocking" CommandTimeOut="" AlarmTimeout="">
      <States>
         <Equation>S_NOTBLOCKING[1]::MSC1207 == 1</Equation>
         <Equation>S_BLOCKING[2]::MSC1207 == 0</Equation>
      </States>
      <Requisites>
         <Equation>PREP_SBC1207[PREP_SBC]::PREP_SBC12==0</Equation>
         <Equation>PREP_SUC1207[PREP_SUC]::PREP_SUC12==0</Equation>
         <Equation>CONF_SBC1207[CONF_SBC]::1</Equation>
         <Equation>CONF_SUC1207[CONF_SUC]::1</Equation>
      </Requisites>
      <CommandResults>
         <Equation>PREP_SBC1207[PREP_SBC_RES]::PREP_SBC12==1</Equation>
         <Equation>PREP_SUC1207[PREP_SUC_RES]::PREP_SUC12==1</Equation>
         <Equation>CONF_SBC1207[CONF_SBC_RES]::MSC1207== 0</Equation>
         <Equation>CONF_SUC1207[CONF_SUC_RES]::MSC1207== 1</Equation>
      </CommandResults>
   </Equipment>
   <Equipment name="S1207" type="Signal" flavor="Automatic" CommandTimeOut="" AlarmTimeout="">
      <States>
         <Equation>1::RL1207_1211_D==0 &amp;&amp; RL1207_1213_D==0</Equation>
         <Equation>2::S_SEL1207 == 1 &amp;&amp; RL1207_1211_D==0 &amp;&amp; RL1207_1213_D==0</Equation>
         <Equation>3::RL1207_1211_D==1 || RL1207_1213_D==1</Equation>
      </States>
   </Equipment>
   <Equipment name="S1207" type="Signal" flavor="Release" CommandTimeOut="" AlarmTimeout="">
      <States>
         <Equation>1::S_REL1207 == 0 &amp;&amp; (RL1207_1211_D==0 &amp;&amp; RL1207_1213_D==0)</Equation>
         <Equation>2::S_REL1207 == 0 &amp;&amp; (RL1207_1211_D==1 || RL1207_1213_D==1)</Equation>
         <Equation>3::S_REL1207 == 1 &amp;&amp; (RL1207_1211_D==1 || RL1207_1213_D==1)</Equation>
      </States>
   </Equipment>
   <Equipment name="S1207" type="Signal" flavor="Lamp" CommandTimeOut="" AlarmTimeout="">
      <States>
         <Equation>1::SPLS1207 == 0</Equation>
         <Equation>2::SPLS1207 == 1</Equation>
      </States>
      <StateAlarms>
         <Equation>S_RED_FAILURE[1]::SPLS1207==0 &amp;&amp; S1207_OFF==0</Equation>
         <Equation>S_WHITE_FAILURE[2]::SPLS1207==0 &amp;&amp; S1207_OFF==1</Equation>
      </StateAlarms>
   </Equipment>
   <Equipment name="S1207" type="Signal" flavor="Detection" CommandTimeOut="" AlarmTimeout="">
      <States>
         <Equation>S_STOP[0]::S1207_OFF == 0</Equation>
         <Equation>S_PERMISSIVE[1]::S1207_OFF == 1</Equation>
      </States>
   </Equipment>
   <Equipment name="S1207" type="Signal" flavor="HMI" CommandTimeOut="" AlarmTimeout="">
      <States>
         <Equation>NOEVENT[0]:: 1==1</Equation>
      </States>
   </Equipment>
</SignallingRules>