<?xml version="1.0" encoding="UTF-8"?>
<SignallingRules xmlns:xsi="http://www.w3.org/2001/XMLSchema-instance"
                 xmlns:sys="http://www.systerel.fr/Alstom/IDP"
                 Project="CCL"
                 Generation_Date="XXXX-XX-XX"
                 xsi:noNamespaceSchemaLocation="SigRules.xsd">
   <Versions>
         <Version Name="ICONIS_IDP#SyAD_Configuration-CCL"
               Value="830F-ATS-0895_1E &amp; 830F-ATS-0402-1G"/>
         <Version Name="ICONIS_IDP#Product_Version" Value="SW_IDP_CCL_1.6.6"/>
         <Version Name="Project#System_Database_Version" Value="1.0.0"/>
         <Version Name="Project#ATS_Parameter_Version" Value=""/>
      </Versions>
   <Equipment name="S0902" type="Signal" flavor="Detection" CommandTimeOut="" AlarmTimeout="">
      <States>
         <Equation>S_STOP[0]::S0902_OFF == 0</Equation>
         <Equation>S_PERMISSIVE[1]::S0902_OFF == 1</Equation>
      </States>
   </Equipment>
   <Equipment name="S0902" type="Signal" flavor="ALS" CommandTimeOut="" AlarmTimeout="">
      <States>
         <Equation>S_APPROACH_FREE[1]::ALS0902 == 1</Equation>
         <Equation>S_APPROACH_LOCKED[2]::ALS0902 == 0</Equation>
         <Equation>NOEVENT[0]::1 == 1</Equation>
      </States>
   </Equipment>
   <Equipment name="S0902" type="Signal" flavor="HMI" CommandTimeOut="" AlarmTimeout="">
      <States>
         <Equation>1::S0902_OFF == 1 &amp;&amp; ALS0902 ==1</Equation>
         <Equation>2::S0902_OFF == 0 &amp;&amp; ALS0902 ==1</Equation>
         <Equation>3::S0902_OFF == 0 &amp;&amp; ALS0902 == 0</Equation>
         <Equation>4::S0902_OFF == 1 &amp;&amp; ALS0902 == 0</Equation>
         <Equation>0::1==1</Equation>
      </States>
   </Equipment>
   <Equipment name="S0902" type="Signal" flavor="Blocking" CommandTimeOut="" AlarmTimeout="">
      <States>
         <Equation>S_NOTBLOCKING[1]::MSC0902 == 1</Equation>
         <Equation>S_BLOCKING[2]::MSC0902 == 0</Equation>
      </States>
      <Requisites>
         <Equation>PREP_SBC0902[PREP_SBC]::PREP_SBC09==0</Equation>
         <Equation>PREP_SUC0902[PREP_SUC]::PREP_SUC09==0</Equation>
         <Equation>CONF_SBC0902[CONF_SBC]::1</Equation>
         <Equation>CONF_SUC0902[CONF_SUC]::1</Equation>
      </Requisites>
      <CommandResults>
         <Equation>PREP_SBC0902[PREP_SBC_RES]::PREP_SBC09==1</Equation>
         <Equation>PREP_SUC0902[PREP_SUC_RES]::PREP_SUC09==1</Equation>
         <Equation>CONF_SBC0902[CONF_SBC_RES]::MSC0902== 0</Equation>
         <Equation>CONF_SUC0902[CONF_SUC_RES]::MSC0902== 1</Equation>
      </CommandResults>
   </Equipment>
   <Equipment name="S0902" type="Signal" flavor="Automatic" CommandTimeOut="" AlarmTimeout="">
      <States>
         <Equation>1::RL0902_0814_D==0</Equation>
         <Equation>2::S_SEL0902 == 1 &amp;&amp; RL0902_0814_D==0</Equation>
         <Equation>3::RL0902_0814_D==1</Equation>
      </States>
   </Equipment>
   <Equipment name="S0902" type="Signal" flavor="Release" CommandTimeOut="" AlarmTimeout="">
      <States>
         <Equation>1::S_REL0902 == 0 &amp;&amp; (RL0902_0814_D==0)</Equation>
         <Equation>2::S_REL0902 == 0 &amp;&amp; (RL0902_0814_D==1)</Equation>
         <Equation>3::S_REL0902 == 1 &amp;&amp; (RL0902_0814_D==1)</Equation>
      </States>
   </Equipment>
   <Equipment name="S0902" type="Signal" flavor="Lamp" CommandTimeOut="" AlarmTimeout="">
      <States>
         <Equation>1::SPLS0902 == 0</Equation>
         <Equation>2::SPLS0902 == 1</Equation>
      </States>
      <StateAlarms>
         <Equation>S_RED_FAILURE[1]::SPLS0902==0 &amp;&amp; S0902_OFF==0</Equation>
         <Equation>S_WHITE_FAILURE[2]::SPLS0902==0 &amp;&amp; S0902_OFF==1</Equation>
      </StateAlarms>
   </Equipment>
   <Equipment name="S0902" type="Signal" flavor="Detection" CommandTimeOut="" AlarmTimeout="">
      <States>
         <Equation>S_STOP[0]::S0902_OFF == 0</Equation>
         <Equation>S_PERMISSIVE[1]::S0902_OFF == 1</Equation>
      </States>
   </Equipment>
   <Equipment name="S0902" type="Signal" flavor="HMI" CommandTimeOut="" AlarmTimeout="">
      <States>
         <Equation>NOEVENT[0]:: 1==1</Equation>
      </States>
   </Equipment>
   <Equipment name="S0906" type="Signal" flavor="Lamp" CommandTimeOut="" AlarmTimeout="">
      <States>
         <Equation>1::SPLS0906 == 0</Equation>
         <Equation>2::SPLS0906 == 1</Equation>
      </States>
      <StateAlarms>
         <Equation>S_RED_FAILURE[1]::SPLS0906==0 &amp;&amp; S0906_OFF==0</Equation>
         <Equation>S_WHITE_FAILURE[2]::SPLS0906==0 &amp;&amp; S0906_OFF==1</Equation>
      </StateAlarms>
   </Equipment>
   <Equipment name="S0906" type="Signal" flavor="Detection" CommandTimeOut="" AlarmTimeout="">
      <States>
         <Equation>S_STOP[0]::S0906_OFF == 0</Equation>
         <Equation>S_PERMISSIVE[1]::S0906_OFF == 1</Equation>
      </States>
   </Equipment>
   <Equipment name="S0906" type="Signal" flavor="HMI" CommandTimeOut="" AlarmTimeout="">
      <States>
         <Equation>NOEVENT[0]:: 1==1</Equation>
      </States>
   </Equipment>
   <Equipment name="S0910" type="Signal" flavor="Detection" CommandTimeOut="" AlarmTimeout="">
      <States>
         <Equation>S_STOP[0]::S0910_OFF == 0</Equation>
         <Equation>S_PERMISSIVE[1]::S0910_OFF == 1</Equation>
      </States>
   </Equipment>
   <Equipment name="S0910" type="Signal" flavor="ALS" CommandTimeOut="" AlarmTimeout="">
      <States>
         <Equation>S_APPROACH_FREE[1]::ALS0910 == 1</Equation>
         <Equation>S_APPROACH_LOCKED[2]::ALS0910 == 0</Equation>
         <Equation>NOEVENT[0]::1 == 1</Equation>
      </States>
   </Equipment>
   <Equipment name="S0910" type="Signal" flavor="HMI" CommandTimeOut="" AlarmTimeout="">
      <States>
         <Equation>1::S0910_OFF == 1 &amp;&amp; ALS0910 ==1</Equation>
         <Equation>2::S0910_OFF == 0 &amp;&amp; ALS0910 ==1</Equation>
         <Equation>3::S0910_OFF == 0 &amp;&amp; ALS0910 == 0</Equation>
         <Equation>4::S0910_OFF == 1 &amp;&amp; ALS0910 == 0</Equation>
         <Equation>0::1==1</Equation>
      </States>
   </Equipment>
   <Equipment name="S0910" type="Signal" flavor="Blocking" CommandTimeOut="" AlarmTimeout="">
      <States>
         <Equation>S_NOTBLOCKING[1]::MSC0910 == 1</Equation>
         <Equation>S_BLOCKING[2]::MSC0910 == 0</Equation>
      </States>
      <Requisites>
         <Equation>PREP_SBC0910[PREP_SBC]::PREP_SBC09==0</Equation>
         <Equation>PREP_SUC0910[PREP_SUC]::PREP_SUC09==0</Equation>
         <Equation>CONF_SBC0910[CONF_SBC]::1</Equation>
         <Equation>CONF_SUC0910[CONF_SUC]::1</Equation>
      </Requisites>
      <CommandResults>
         <Equation>PREP_SBC0910[PREP_SBC_RES]::PREP_SBC09==1</Equation>
         <Equation>PREP_SUC0910[PREP_SUC_RES]::PREP_SUC09==1</Equation>
         <Equation>CONF_SBC0910[CONF_SBC_RES]::MSC0910== 0</Equation>
         <Equation>CONF_SUC0910[CONF_SUC_RES]::MSC0910== 1</Equation>
      </CommandResults>
   </Equipment>
   <Equipment name="S0910" type="Signal" flavor="Automatic" CommandTimeOut="" AlarmTimeout="">
      <States>
         <Equation>1::RL0910_0902_D==0</Equation>
         <Equation>2::S_SEL0910 == 1 &amp;&amp; RL0910_0902_D==0</Equation>
         <Equation>3::RL0910_0902_D==1</Equation>
      </States>
   </Equipment>
   <Equipment name="S0910" type="Signal" flavor="Release" CommandTimeOut="" AlarmTimeout="">
      <States>
         <Equation>1::S_REL0910 == 0 &amp;&amp; (RL0910_0902_D==0)</Equation>
         <Equation>2::S_REL0910 == 0 &amp;&amp; (RL0910_0902_D==1)</Equation>
         <Equation>3::S_REL0910 == 1 &amp;&amp; (RL0910_0902_D==1)</Equation>
      </States>
   </Equipment>
   <Equipment name="S0910" type="Signal" flavor="Lamp" CommandTimeOut="" AlarmTimeout="">
      <States>
         <Equation>1::SPLS0910 == 0</Equation>
         <Equation>2::SPLS0910 == 1</Equation>
      </States>
      <StateAlarms>
         <Equation>S_RED_FAILURE[1]::SPLS0910==0 &amp;&amp; S0910_OFF==0</Equation>
         <Equation>S_WHITE_FAILURE[2]::SPLS0910==0 &amp;&amp; S0910_OFF==1</Equation>
      </StateAlarms>
   </Equipment>
   <Equipment name="S0910" type="Signal" flavor="Detection" CommandTimeOut="" AlarmTimeout="">
      <States>
         <Equation>S_STOP[0]::S0910_OFF == 0</Equation>
         <Equation>S_PERMISSIVE[1]::S0910_OFF == 1</Equation>
      </States>
   </Equipment>
   <Equipment name="S0910" type="Signal" flavor="HMI" CommandTimeOut="" AlarmTimeout="">
      <States>
         <Equation>NOEVENT[0]:: 1==1</Equation>
      </States>
   </Equipment>
   <Equipment name="S0916" type="Signal" flavor="Detection" CommandTimeOut="" AlarmTimeout="">
      <States>
         <Equation>S_STOP[0]::S0916_OFF == 0</Equation>
         <Equation>S_PERMISSIVE[1]::S0916_OFF == 1</Equation>
      </States>
   </Equipment>
   <Equipment name="S0916" type="Signal" flavor="ALS" CommandTimeOut="" AlarmTimeout="">
      <States>
         <Equation>S_APPROACH_FREE[1]::ALS0916 == 1</Equation>
         <Equation>S_APPROACH_LOCKED[2]::ALS0916 == 0</Equation>
         <Equation>NOEVENT[0]::1 == 1</Equation>
      </States>
   </Equipment>
   <Equipment name="S0916" type="Signal" flavor="HMI" CommandTimeOut="" AlarmTimeout="">
      <States>
         <Equation>1::S0916_OFF == 1 &amp;&amp; ALS0916 ==1</Equation>
         <Equation>2::S0916_OFF == 0 &amp;&amp; ALS0916 ==1</Equation>
         <Equation>3::S0916_OFF == 0 &amp;&amp; ALS0916 == 0</Equation>
         <Equation>4::S0916_OFF == 1 &amp;&amp; ALS0916 == 0</Equation>
         <Equation>0::1==1</Equation>
      </States>
   </Equipment>
   <Equipment name="S0916" type="Signal" flavor="Blocking" CommandTimeOut="" AlarmTimeout="">
      <States>
         <Equation>S_NOTBLOCKING[1]::MSC0916 == 1</Equation>
         <Equation>S_BLOCKING[2]::MSC0916 == 0</Equation>
      </States>
      <Requisites>
         <Equation>PREP_SBC0916[PREP_SBC]::PREP_SBC09==0</Equation>
         <Equation>PREP_SUC0916[PREP_SUC]::PREP_SUC09==0</Equation>
         <Equation>CONF_SBC0916[CONF_SBC]::1</Equation>
         <Equation>CONF_SUC0916[CONF_SUC]::1</Equation>
      </Requisites>
      <CommandResults>
         <Equation>PREP_SBC0916[PREP_SBC_RES]::PREP_SBC09==1</Equation>
         <Equation>PREP_SUC0916[PREP_SUC_RES]::PREP_SUC09==1</Equation>
         <Equation>CONF_SBC0916[CONF_SBC_RES]::MSC0916== 0</Equation>
         <Equation>CONF_SUC0916[CONF_SUC_RES]::MSC0916== 1</Equation>
      </CommandResults>
   </Equipment>
   <Equipment name="S0916" type="Signal" flavor="Automatic" CommandTimeOut="" AlarmTimeout="">
      <States>
         <Equation>1::RL0916_0910_D==0 &amp;&amp; RL0916_0912_D==0</Equation>
         <Equation>2::S_SEL0916 == 1 &amp;&amp; RL0916_0910_D==0 &amp;&amp; RL0916_0912_D==0</Equation>
         <Equation>3::RL0916_0910_D==1 || RL0916_0912_D==1</Equation>
      </States>
   </Equipment>
   <Equipment name="S0916" type="Signal" flavor="Release" CommandTimeOut="" AlarmTimeout="">
      <States>
         <Equation>1::S_REL0916 == 0 &amp;&amp; (RL0916_0910_D==0 &amp;&amp; RL0916_0912_D==0)</Equation>
         <Equation>2::S_REL0916 == 0 &amp;&amp; (RL0916_0910_D==1 || RL0916_0912_D==1)</Equation>
         <Equation>3::S_REL0916 == 1 &amp;&amp; (RL0916_0910_D==1 || RL0916_0912_D==1)</Equation>
      </States>
   </Equipment>
   <Equipment name="S0916" type="Signal" flavor="Lamp" CommandTimeOut="" AlarmTimeout="">
      <States>
         <Equation>1::SPLS0916 == 0</Equation>
         <Equation>2::SPLS0916 == 1</Equation>
      </States>
      <StateAlarms>
         <Equation>S_RED_FAILURE[1]::SPLS0916==0 &amp;&amp; S0916_OFF==0</Equation>
         <Equation>S_WHITE_FAILURE[2]::SPLS0916==0 &amp;&amp; S0916_OFF==1</Equation>
      </StateAlarms>
   </Equipment>
   <Equipment name="S0916" type="Signal" flavor="Detection" CommandTimeOut="" AlarmTimeout="">
      <States>
         <Equation>S_STOP[0]::S0916_OFF == 0</Equation>
         <Equation>S_PERMISSIVE[1]::S0916_OFF == 1</Equation>
      </States>
   </Equipment>
   <Equipment name="S0916" type="Signal" flavor="HMI" CommandTimeOut="" AlarmTimeout="">
      <States>
         <Equation>NOEVENT[0]:: 1==1</Equation>
      </States>
   </Equipment>
   <Equipment name="S0900" type="Signal" flavor="Detection" CommandTimeOut="" AlarmTimeout="">
      <States>
         <Equation>S_STOP[0]::S0900_OFF == 0</Equation>
         <Equation>S_PERMISSIVE[1]::S0900_OFF == 1</Equation>
      </States>
   </Equipment>
   <Equipment name="S0900" type="Signal" flavor="ALS" CommandTimeOut="" AlarmTimeout="">
      <States>
         <Equation>S_APPROACH_FREE[1]::ALS0900 == 1</Equation>
         <Equation>S_APPROACH_LOCKED[2]::ALS0900 == 0</Equation>
         <Equation>NOEVENT[0]::1 == 1</Equation>
      </States>
   </Equipment>
   <Equipment name="S0900" type="Signal" flavor="HMI" CommandTimeOut="" AlarmTimeout="">
      <States>
         <Equation>1::S0900_OFF == 1 &amp;&amp; ALS0900 ==1</Equation>
         <Equation>2::S0900_OFF == 0 &amp;&amp; ALS0900 ==1</Equation>
         <Equation>3::S0900_OFF == 0 &amp;&amp; ALS0900 == 0</Equation>
         <Equation>4::S0900_OFF == 1 &amp;&amp; ALS0900 == 0</Equation>
         <Equation>0::1==1</Equation>
      </States>
   </Equipment>
   <Equipment name="S0900" type="Signal" flavor="Blocking" CommandTimeOut="" AlarmTimeout="">
      <States>
         <Equation>S_NOTBLOCKING[1]::MSC0900 == 1</Equation>
         <Equation>S_BLOCKING[2]::MSC0900 == 0</Equation>
      </States>
      <Requisites>
         <Equation>PREP_SBC0900[PREP_SBC]::PREP_SBC09==0</Equation>
         <Equation>PREP_SUC0900[PREP_SUC]::PREP_SUC09==0</Equation>
         <Equation>CONF_SBC0900[CONF_SBC]::1</Equation>
         <Equation>CONF_SUC0900[CONF_SUC]::1</Equation>
      </Requisites>
      <CommandResults>
         <Equation>PREP_SBC0900[PREP_SBC_RES]::PREP_SBC09==1</Equation>
         <Equation>PREP_SUC0900[PREP_SUC_RES]::PREP_SUC09==1</Equation>
         <Equation>CONF_SBC0900[CONF_SBC_RES]::MSC0900== 0</Equation>
         <Equation>CONF_SUC0900[CONF_SUC_RES]::MSC0900== 1</Equation>
      </CommandResults>
   </Equipment>
   <Equipment name="S0900" type="Signal" flavor="Automatic" CommandTimeOut="" AlarmTimeout="">
      <States>
         <Equation>1::RL0900_0810_D==0</Equation>
         <Equation>2::S_SEL0900 == 1 &amp;&amp; RL0900_0810_D==0</Equation>
         <Equation>3::RL0900_0810_D==1</Equation>
      </States>
   </Equipment>
   <Equipment name="S0900" type="Signal" flavor="Release" CommandTimeOut="" AlarmTimeout="">
      <States>
         <Equation>1::S_REL0900 == 0 &amp;&amp; (RL0900_0810_D==0)</Equation>
         <Equation>2::S_REL0900 == 0 &amp;&amp; (RL0900_0810_D==1)</Equation>
         <Equation>3::S_REL0900 == 1 &amp;&amp; (RL0900_0810_D==1)</Equation>
      </States>
   </Equipment>
   <Equipment name="S0900" type="Signal" flavor="Lamp" CommandTimeOut="" AlarmTimeout="">
      <States>
         <Equation>1::SPLS0900 == 0</Equation>
         <Equation>2::SPLS0900 == 1</Equation>
      </States>
      <StateAlarms>
         <Equation>S_RED_FAILURE[1]::SPLS0900==0 &amp;&amp; S0900_OFF==0</Equation>
         <Equation>S_WHITE_FAILURE[2]::SPLS0900==0 &amp;&amp; S0900_OFF==1</Equation>
      </StateAlarms>
   </Equipment>
   <Equipment name="S0900" type="Signal" flavor="Fleet">
      <States>
         <Equation>2::AR0900_0810==0</Equation>
         <Equation>3::RL0900_0810_D==1&amp;&amp;AR0900_0810==1</Equation>
      </States>
   </Equipment>
   <Equipment name="S0900" type="Signal" flavor="Detection" CommandTimeOut="" AlarmTimeout="">
      <States>
         <Equation>S_STOP[0]::S0900_OFF == 0</Equation>
         <Equation>S_PERMISSIVE[1]::S0900_OFF == 1</Equation>
      </States>
   </Equipment>
   <Equipment name="S0900" type="Signal" flavor="HMI" CommandTimeOut="" AlarmTimeout="">
      <States>
         <Equation>NOEVENT[0]:: 1==1</Equation>
      </States>
   </Equipment>
   <Equipment name="S0904" type="Signal" flavor="Lamp" CommandTimeOut="" AlarmTimeout="">
      <States>
         <Equation>1::SPLS0904 == 0</Equation>
         <Equation>2::SPLS0904 == 1</Equation>
      </States>
      <StateAlarms>
         <Equation>S_RED_FAILURE[1]::SPLS0904==0 &amp;&amp; S0904_OFF==0</Equation>
         <Equation>S_WHITE_FAILURE[2]::SPLS0904==0 &amp;&amp; S0904_OFF==1</Equation>
      </StateAlarms>
   </Equipment>
   <Equipment name="S0904" type="Signal" flavor="Detection" CommandTimeOut="" AlarmTimeout="">
      <States>
         <Equation>S_STOP[0]::S0904_OFF == 0</Equation>
         <Equation>S_PERMISSIVE[1]::S0904_OFF == 1</Equation>
      </States>
   </Equipment>
   <Equipment name="S0904" type="Signal" flavor="HMI" CommandTimeOut="" AlarmTimeout="">
      <States>
         <Equation>NOEVENT[0]:: 1==1</Equation>
      </States>
   </Equipment>
   <Equipment name="S0908" type="Signal" flavor="Detection" CommandTimeOut="" AlarmTimeout="">
      <States>
         <Equation>S_STOP[0]::S0908_OFF == 0</Equation>
         <Equation>S_PERMISSIVE[1]::S0908_OFF == 1</Equation>
      </States>
   </Equipment>
   <Equipment name="S0908" type="Signal" flavor="ALS" CommandTimeOut="" AlarmTimeout="">
      <States>
         <Equation>S_APPROACH_FREE[1]::ALS0908 == 1</Equation>
         <Equation>S_APPROACH_LOCKED[2]::ALS0908 == 0</Equation>
         <Equation>NOEVENT[0]::1 == 1</Equation>
      </States>
   </Equipment>
   <Equipment name="S0908" type="Signal" flavor="HMI" CommandTimeOut="" AlarmTimeout="">
      <States>
         <Equation>1::S0908_OFF == 1 &amp;&amp; ALS0908 ==1</Equation>
         <Equation>2::S0908_OFF == 0 &amp;&amp; ALS0908 ==1</Equation>
         <Equation>3::S0908_OFF == 0 &amp;&amp; ALS0908 == 0</Equation>
         <Equation>4::S0908_OFF == 1 &amp;&amp; ALS0908 == 0</Equation>
         <Equation>0::1==1</Equation>
      </States>
   </Equipment>
   <Equipment name="S0908" type="Signal" flavor="Blocking" CommandTimeOut="" AlarmTimeout="">
      <States>
         <Equation>S_NOTBLOCKING[1]::MSC0908 == 1</Equation>
         <Equation>S_BLOCKING[2]::MSC0908 == 0</Equation>
      </States>
      <Requisites>
         <Equation>PREP_SBC0908[PREP_SBC]::PREP_SBC09==0</Equation>
         <Equation>PREP_SUC0908[PREP_SUC]::PREP_SUC09==0</Equation>
         <Equation>CONF_SBC0908[CONF_SBC]::1</Equation>
         <Equation>CONF_SUC0908[CONF_SUC]::1</Equation>
      </Requisites>
      <CommandResults>
         <Equation>PREP_SBC0908[PREP_SBC_RES]::PREP_SBC09==1</Equation>
         <Equation>PREP_SUC0908[PREP_SUC_RES]::PREP_SUC09==1</Equation>
         <Equation>CONF_SBC0908[CONF_SBC_RES]::MSC0908== 0</Equation>
         <Equation>CONF_SUC0908[CONF_SUC_RES]::MSC0908== 1</Equation>
      </CommandResults>
   </Equipment>
   <Equipment name="S0908" type="Signal" flavor="Automatic" CommandTimeOut="" AlarmTimeout="">
      <States>
         <Equation>1::RL0908_0900_D==0</Equation>
         <Equation>2::S_SEL0908 == 1 &amp;&amp; RL0908_0900_D==0</Equation>
         <Equation>3::RL0908_0900_D==1</Equation>
      </States>
   </Equipment>
   <Equipment name="S0908" type="Signal" flavor="Release" CommandTimeOut="" AlarmTimeout="">
      <States>
         <Equation>1::S_REL0908 == 0 &amp;&amp; (RL0908_0900_D==0)</Equation>
         <Equation>2::S_REL0908 == 0 &amp;&amp; (RL0908_0900_D==1)</Equation>
         <Equation>3::S_REL0908 == 1 &amp;&amp; (RL0908_0900_D==1)</Equation>
      </States>
   </Equipment>
   <Equipment name="S0908" type="Signal" flavor="Lamp" CommandTimeOut="" AlarmTimeout="">
      <States>
         <Equation>1::SPLS0908 == 0</Equation>
         <Equation>2::SPLS0908 == 1</Equation>
      </States>
      <StateAlarms>
         <Equation>S_RED_FAILURE[1]::SPLS0908==0 &amp;&amp; S0908_OFF==0</Equation>
         <Equation>S_WHITE_FAILURE[2]::SPLS0908==0 &amp;&amp; S0908_OFF==1</Equation>
      </StateAlarms>
   </Equipment>
   <Equipment name="S0908" type="Signal" flavor="Fleet">
      <States>
         <Equation>2::AR0908_0900==0</Equation>
         <Equation>3::RL0908_0900_D==1&amp;&amp;AR0908_0900==1</Equation>
      </States>
   </Equipment>
   <Equipment name="S0908" type="Signal" flavor="Detection" CommandTimeOut="" AlarmTimeout="">
      <States>
         <Equation>S_STOP[0]::S0908_OFF == 0</Equation>
         <Equation>S_PERMISSIVE[1]::S0908_OFF == 1</Equation>
      </States>
   </Equipment>
   <Equipment name="S0908" type="Signal" flavor="HMI" CommandTimeOut="" AlarmTimeout="">
      <States>
         <Equation>NOEVENT[0]:: 1==1</Equation>
      </States>
   </Equipment>
   <Equipment name="S0914" type="Signal" flavor="Detection" CommandTimeOut="" AlarmTimeout="">
      <States>
         <Equation>S_STOP[0]::S0914_OFF == 0</Equation>
         <Equation>S_PERMISSIVE[1]::S0914_OFF == 1</Equation>
      </States>
   </Equipment>
   <Equipment name="S0914" type="Signal" flavor="ALS" CommandTimeOut="" AlarmTimeout="">
      <States>
         <Equation>S_APPROACH_FREE[1]::ALS0914 == 1</Equation>
         <Equation>S_APPROACH_LOCKED[2]::ALS0914 == 0</Equation>
         <Equation>NOEVENT[0]::1 == 1</Equation>
      </States>
   </Equipment>
   <Equipment name="S0914" type="Signal" flavor="HMI" CommandTimeOut="" AlarmTimeout="">
      <States>
         <Equation>1::S0914_OFF == 1 &amp;&amp; ALS0914 ==1</Equation>
         <Equation>2::S0914_OFF == 0 &amp;&amp; ALS0914 ==1</Equation>
         <Equation>3::S0914_OFF == 0 &amp;&amp; ALS0914 == 0</Equation>
         <Equation>4::S0914_OFF == 1 &amp;&amp; ALS0914 == 0</Equation>
         <Equation>0::1==1</Equation>
      </States>
   </Equipment>
   <Equipment name="S0914" type="Signal" flavor="Blocking" CommandTimeOut="" AlarmTimeout="">
      <States>
         <Equation>S_NOTBLOCKING[1]::MSC0914 == 1</Equation>
         <Equation>S_BLOCKING[2]::MSC0914 == 0</Equation>
      </States>
      <Requisites>
         <Equation>PREP_SBC0914[PREP_SBC]::PREP_SBC09==0</Equation>
         <Equation>PREP_SUC0914[PREP_SUC]::PREP_SUC09==0</Equation>
         <Equation>CONF_SBC0914[CONF_SBC]::1</Equation>
         <Equation>CONF_SUC0914[CONF_SUC]::1</Equation>
      </Requisites>
      <CommandResults>
         <Equation>PREP_SBC0914[PREP_SBC_RES]::PREP_SBC09==1</Equation>
         <Equation>PREP_SUC0914[PREP_SUC_RES]::PREP_SUC09==1</Equation>
         <Equation>CONF_SBC0914[CONF_SBC_RES]::MSC0914== 0</Equation>
         <Equation>CONF_SUC0914[CONF_SUC_RES]::MSC0914== 1</Equation>
      </CommandResults>
   </Equipment>
   <Equipment name="S0914" type="Signal" flavor="Automatic" CommandTimeOut="" AlarmTimeout="">
      <States>
         <Equation>1::RL0914_0908_D==0 &amp;&amp; RL0914_0912_D==0</Equation>
         <Equation>2::S_SEL0914 == 1 &amp;&amp; RL0914_0908_D==0 &amp;&amp; RL0914_0912_D==0</Equation>
         <Equation>3::RL0914_0908_D==1 || RL0914_0912_D==1</Equation>
      </States>
   </Equipment>
   <Equipment name="S0914" type="Signal" flavor="Release" CommandTimeOut="" AlarmTimeout="">
      <States>
         <Equation>1::S_REL0914 == 0 &amp;&amp; (RL0914_0908_D==0 &amp;&amp; RL0914_0912_D==0)</Equation>
         <Equation>2::S_REL0914 == 0 &amp;&amp; (RL0914_0908_D==1 || RL0914_0912_D==1)</Equation>
         <Equation>3::S_REL0914 == 1 &amp;&amp; (RL0914_0908_D==1 || RL0914_0912_D==1)</Equation>
      </States>
   </Equipment>
   <Equipment name="S0914" type="Signal" flavor="Lamp" CommandTimeOut="" AlarmTimeout="">
      <States>
         <Equation>1::SPLS0914 == 0</Equation>
         <Equation>2::SPLS0914 == 1</Equation>
      </States>
      <StateAlarms>
         <Equation>S_RED_FAILURE[1]::SPLS0914==0 &amp;&amp; S0914_OFF==0</Equation>
         <Equation>S_WHITE_FAILURE[2]::SPLS0914==0 &amp;&amp; S0914_OFF==1</Equation>
      </StateAlarms>
   </Equipment>
   <Equipment name="S0914" type="Signal" flavor="Fleet">
      <States>
         <Equation>2::AR0914_0908==0</Equation>
         <Equation>3::RL0914_0908_D==1&amp;&amp;AR0914_0908==1</Equation>
      </States>
   </Equipment>
   <Equipment name="S0914" type="Signal" flavor="Detection" CommandTimeOut="" AlarmTimeout="">
      <States>
         <Equation>S_STOP[0]::S0914_OFF == 0</Equation>
         <Equation>S_PERMISSIVE[1]::S0914_OFF == 1</Equation>
      </States>
   </Equipment>
   <Equipment name="S0914" type="Signal" flavor="HMI" CommandTimeOut="" AlarmTimeout="">
      <States>
         <Equation>NOEVENT[0]:: 1==1</Equation>
      </States>
   </Equipment>
   <Equipment name="S0912" type="Signal" flavor="Detection" CommandTimeOut="" AlarmTimeout="">
      <States>
         <Equation>S_STOP[0]::S0912_OFF == 0</Equation>
         <Equation>S_PERMISSIVE[1]::S0912_OFF == 1</Equation>
      </States>
   </Equipment>
   <Equipment name="S0912" type="Signal" flavor="ALS" CommandTimeOut="" AlarmTimeout="">
      <States>
         <Equation>S_APPROACH_FREE[1]::ALS0912 == 1</Equation>
         <Equation>S_APPROACH_LOCKED[2]::ALS0912 == 0</Equation>
         <Equation>NOEVENT[0]::1 == 1</Equation>
      </States>
   </Equipment>
   <Equipment name="S0912" type="Signal" flavor="HMI" CommandTimeOut="" AlarmTimeout="">
      <States>
         <Equation>1::S0912_OFF == 1 &amp;&amp; ALS0912 ==1</Equation>
         <Equation>2::S0912_OFF == 0 &amp;&amp; ALS0912 ==1</Equation>
         <Equation>3::S0912_OFF == 0 &amp;&amp; ALS0912 == 0</Equation>
         <Equation>4::S0912_OFF == 1 &amp;&amp; ALS0912 == 0</Equation>
         <Equation>0::1==1</Equation>
      </States>
   </Equipment>
   <Equipment name="S0912" type="Signal" flavor="Blocking" CommandTimeOut="" AlarmTimeout="">
      <States>
         <Equation>S_NOTBLOCKING[1]::MSC0912 == 1</Equation>
         <Equation>S_BLOCKING[2]::MSC0912 == 0</Equation>
      </States>
      <Requisites>
         <Equation>PREP_SBC0912[PREP_SBC]::PREP_SBC09==0</Equation>
         <Equation>PREP_SUC0912[PREP_SUC]::PREP_SUC09==0</Equation>
         <Equation>CONF_SBC0912[CONF_SBC]::1</Equation>
         <Equation>CONF_SUC0912[CONF_SUC]::1</Equation>
      </Requisites>
      <CommandResults>
         <Equation>PREP_SBC0912[PREP_SBC_RES]::PREP_SBC09==1</Equation>
         <Equation>PREP_SUC0912[PREP_SUC_RES]::PREP_SUC09==1</Equation>
         <Equation>CONF_SBC0912[CONF_SBC_RES]::MSC0912== 0</Equation>
         <Equation>CONF_SUC0912[CONF_SUC_RES]::MSC0912== 1</Equation>
      </CommandResults>
   </Equipment>
   <Equipment name="S0912" type="Signal" flavor="Automatic" CommandTimeOut="" AlarmTimeout="">
      <States>
         <Equation>1::RL0912_0900_D==0 &amp;&amp; RL0912_0902_D==0</Equation>
         <Equation>2::S_SEL0912 == 1 &amp;&amp; RL0912_0900_D==0 &amp;&amp; RL0912_0902_D==0</Equation>
         <Equation>3::RL0912_0900_D==1 || RL0912_0902_D==1</Equation>
      </States>
   </Equipment>
   <Equipment name="S0912" type="Signal" flavor="Release" CommandTimeOut="" AlarmTimeout="">
      <States>
         <Equation>1::S_REL0912 == 0 &amp;&amp; (RL0912_0900_D==0 &amp;&amp; RL0912_0902_D==0)</Equation>
         <Equation>2::S_REL0912 == 0 &amp;&amp; (RL0912_0900_D==1 || RL0912_0902_D==1)</Equation>
         <Equation>3::S_REL0912 == 1 &amp;&amp; (RL0912_0900_D==1 || RL0912_0902_D==1)</Equation>
      </States>
   </Equipment>
   <Equipment name="S0912" type="Signal" flavor="Lamp" CommandTimeOut="" AlarmTimeout="">
      <States>
         <Equation>1::SPLS0912 == 0</Equation>
         <Equation>2::SPLS0912 == 1</Equation>
      </States>
      <StateAlarms>
         <Equation>S_RED_FAILURE[1]::SPLS0912==0 &amp;&amp; S0912_OFF==0</Equation>
         <Equation>S_WHITE_FAILURE[2]::SPLS0912==0 &amp;&amp; S0912_OFF==1</Equation>
      </StateAlarms>
   </Equipment>
   <Equipment name="S0912" type="Signal" flavor="Detection" CommandTimeOut="" AlarmTimeout="">
      <States>
         <Equation>S_STOP[0]::S0912_OFF == 0</Equation>
         <Equation>S_PERMISSIVE[1]::S0912_OFF == 1</Equation>
      </States>
   </Equipment>
   <Equipment name="S0912" type="Signal" flavor="HMI" CommandTimeOut="" AlarmTimeout="">
      <States>
         <Equation>NOEVENT[0]:: 1==1</Equation>
      </States>
   </Equipment>
   <Equipment name="S0901" type="Signal" flavor="Lamp" CommandTimeOut="" AlarmTimeout="">
      <States>
         <Equation>1::SPLS0901 == 0</Equation>
         <Equation>2::SPLS0901 == 1</Equation>
      </States>
      <StateAlarms>
         <Equation>S_RED_FAILURE[1]::SPLS0901==0 &amp;&amp; S0901_OFF==0</Equation>
         <Equation>S_WHITE_FAILURE[2]::SPLS0901==0 &amp;&amp; S0901_OFF==1</Equation>
      </StateAlarms>
   </Equipment>
   <Equipment name="S0901" type="Signal" flavor="Detection" CommandTimeOut="" AlarmTimeout="">
      <States>
         <Equation>S_STOP[0]::S0901_OFF == 0</Equation>
         <Equation>S_PERMISSIVE[1]::S0901_OFF == 1</Equation>
      </States>
   </Equipment>
   <Equipment name="S0901" type="Signal" flavor="HMI" CommandTimeOut="" AlarmTimeout="">
      <States>
         <Equation>NOEVENT[0]:: 1==1</Equation>
      </States>
   </Equipment>
   <Equipment name="S0905" type="Signal" flavor="Detection" CommandTimeOut="" AlarmTimeout="">
      <States>
         <Equation>S_STOP[0]::S0905_OFF == 0</Equation>
         <Equation>S_PERMISSIVE[1]::S0905_OFF == 1</Equation>
      </States>
   </Equipment>
   <Equipment name="S0905" type="Signal" flavor="ALS" CommandTimeOut="" AlarmTimeout="">
      <States>
         <Equation>S_APPROACH_FREE[1]::ALS0905 == 1</Equation>
         <Equation>S_APPROACH_LOCKED[2]::ALS0905 == 0</Equation>
         <Equation>NOEVENT[0]::1 == 1</Equation>
      </States>
   </Equipment>
   <Equipment name="S0905" type="Signal" flavor="HMI" CommandTimeOut="" AlarmTimeout="">
      <States>
         <Equation>1::S0905_OFF == 1 &amp;&amp; ALS0905 ==1</Equation>
         <Equation>2::S0905_OFF == 0 &amp;&amp; ALS0905 ==1</Equation>
         <Equation>3::S0905_OFF == 0 &amp;&amp; ALS0905 == 0</Equation>
         <Equation>4::S0905_OFF == 1 &amp;&amp; ALS0905 == 0</Equation>
         <Equation>0::1==1</Equation>
      </States>
   </Equipment>
   <Equipment name="S0905" type="Signal" flavor="Blocking" CommandTimeOut="" AlarmTimeout="">
      <States>
         <Equation>S_NOTBLOCKING[1]::MSC0905 == 1</Equation>
         <Equation>S_BLOCKING[2]::MSC0905 == 0</Equation>
      </States>
      <Requisites>
         <Equation>PREP_SBC0905[PREP_SBC]::PREP_SBC09==0</Equation>
         <Equation>PREP_SUC0905[PREP_SUC]::PREP_SUC09==0</Equation>
         <Equation>CONF_SBC0905[CONF_SBC]::1</Equation>
         <Equation>CONF_SUC0905[CONF_SUC]::1</Equation>
      </Requisites>
      <CommandResults>
         <Equation>PREP_SBC0905[PREP_SBC_RES]::PREP_SBC09==1</Equation>
         <Equation>PREP_SUC0905[PREP_SUC_RES]::PREP_SUC09==1</Equation>
         <Equation>CONF_SBC0905[CONF_SBC_RES]::MSC0905== 0</Equation>
         <Equation>CONF_SUC0905[CONF_SUC_RES]::MSC0905== 1</Equation>
      </CommandResults>
   </Equipment>
   <Equipment name="S0905" type="Signal" flavor="Automatic" CommandTimeOut="" AlarmTimeout="">
      <States>
         <Equation>1::RL0905_0909_D==0 &amp;&amp; RL0905_0913_D==0</Equation>
         <Equation>2::S_SEL0905 == 1 &amp;&amp; RL0905_0909_D==0 &amp;&amp; RL0905_0913_D==0</Equation>
         <Equation>3::RL0905_0909_D==1 || RL0905_0913_D==1</Equation>
      </States>
   </Equipment>
   <Equipment name="S0905" type="Signal" flavor="Release" CommandTimeOut="" AlarmTimeout="">
      <States>
         <Equation>1::S_REL0905 == 0 &amp;&amp; (RL0905_0909_D==0 &amp;&amp; RL0905_0913_D==0)</Equation>
         <Equation>2::S_REL0905 == 0 &amp;&amp; (RL0905_0909_D==1 || RL0905_0913_D==1)</Equation>
         <Equation>3::S_REL0905 == 1 &amp;&amp; (RL0905_0909_D==1 || RL0905_0913_D==1)</Equation>
      </States>
   </Equipment>
   <Equipment name="S0905" type="Signal" flavor="Lamp" CommandTimeOut="" AlarmTimeout="">
      <States>
         <Equation>1::SPLS0905 == 0</Equation>
         <Equation>2::SPLS0905 == 1</Equation>
      </States>
      <StateAlarms>
         <Equation>S_RED_FAILURE[1]::SPLS0905==0 &amp;&amp; S0905_OFF==0</Equation>
         <Equation>S_WHITE_FAILURE[2]::SPLS0905==0 &amp;&amp; S0905_OFF==1</Equation>
      </StateAlarms>
   </Equipment>
   <Equipment name="S0905" type="Signal" flavor="Fleet">
      <States>
         <Equation>2::AR0905_0909==0</Equation>
         <Equation>3::RL0905_0909_D==1&amp;&amp;AR0905_0909==1</Equation>
      </States>
   </Equipment>
   <Equipment name="S0905" type="Signal" flavor="Detection" CommandTimeOut="" AlarmTimeout="">
      <States>
         <Equation>S_STOP[0]::S0905_OFF == 0</Equation>
         <Equation>S_PERMISSIVE[1]::S0905_OFF == 1</Equation>
      </States>
   </Equipment>
   <Equipment name="S0905" type="Signal" flavor="HMI" CommandTimeOut="" AlarmTimeout="">
      <States>
         <Equation>NOEVENT[0]:: 1==1</Equation>
      </States>
   </Equipment>
   <Equipment name="S0909" type="Signal" flavor="Detection" CommandTimeOut="" AlarmTimeout="">
      <States>
         <Equation>S_STOP[0]::S0909_OFF == 0</Equation>
         <Equation>S_PERMISSIVE[1]::S0909_OFF == 1</Equation>
      </States>
   </Equipment>
   <Equipment name="S0909" type="Signal" flavor="ALS" CommandTimeOut="" AlarmTimeout="">
      <States>
         <Equation>S_APPROACH_FREE[1]::ALS0909 == 1</Equation>
         <Equation>S_APPROACH_LOCKED[2]::ALS0909 == 0</Equation>
         <Equation>NOEVENT[0]::1 == 1</Equation>
      </States>
   </Equipment>
   <Equipment name="S0909" type="Signal" flavor="HMI" CommandTimeOut="" AlarmTimeout="">
      <States>
         <Equation>1::S0909_OFF == 1 &amp;&amp; ALS0909 ==1</Equation>
         <Equation>2::S0909_OFF == 0 &amp;&amp; ALS0909 ==1</Equation>
         <Equation>3::S0909_OFF == 0 &amp;&amp; ALS0909 == 0</Equation>
         <Equation>4::S0909_OFF == 1 &amp;&amp; ALS0909 == 0</Equation>
         <Equation>0::1==1</Equation>
      </States>
   </Equipment>
   <Equipment name="S0909" type="Signal" flavor="Blocking" CommandTimeOut="" AlarmTimeout="">
      <States>
         <Equation>S_NOTBLOCKING[1]::MSC0909 == 1</Equation>
         <Equation>S_BLOCKING[2]::MSC0909 == 0</Equation>
      </States>
      <Requisites>
         <Equation>PREP_SBC0909[PREP_SBC]::PREP_SBC09==0</Equation>
         <Equation>PREP_SUC0909[PREP_SUC]::PREP_SUC09==0</Equation>
         <Equation>CONF_SBC0909[CONF_SBC]::1</Equation>
         <Equation>CONF_SUC0909[CONF_SUC]::1</Equation>
      </Requisites>
      <CommandResults>
         <Equation>PREP_SBC0909[PREP_SBC_RES]::PREP_SBC09==1</Equation>
         <Equation>PREP_SUC0909[PREP_SUC_RES]::PREP_SUC09==1</Equation>
         <Equation>CONF_SBC0909[CONF_SBC_RES]::MSC0909== 0</Equation>
         <Equation>CONF_SUC0909[CONF_SUC_RES]::MSC0909== 1</Equation>
      </CommandResults>
   </Equipment>
   <Equipment name="S0909" type="Signal" flavor="Automatic" CommandTimeOut="" AlarmTimeout="">
      <States>
         <Equation>1::RL0909_1005_D==0</Equation>
         <Equation>2::S_SEL0909 == 1 &amp;&amp; RL0909_1005_D==0</Equation>
         <Equation>3::RL0909_1005_D==1</Equation>
      </States>
   </Equipment>
   <Equipment name="S0909" type="Signal" flavor="Release" CommandTimeOut="" AlarmTimeout="">
      <States>
         <Equation>1::S_REL0909 == 0 &amp;&amp; (RL0909_1005_D==0)</Equation>
         <Equation>2::S_REL0909 == 0 &amp;&amp; (RL0909_1005_D==1)</Equation>
         <Equation>3::S_REL0909 == 1 &amp;&amp; (RL0909_1005_D==1)</Equation>
      </States>
   </Equipment>
   <Equipment name="S0909" type="Signal" flavor="Lamp" CommandTimeOut="" AlarmTimeout="">
      <States>
         <Equation>1::SPLS0909 == 0</Equation>
         <Equation>2::SPLS0909 == 1</Equation>
      </States>
      <StateAlarms>
         <Equation>S_RED_FAILURE[1]::SPLS0909==0 &amp;&amp; S0909_OFF==0</Equation>
         <Equation>S_WHITE_FAILURE[2]::SPLS0909==0 &amp;&amp; S0909_OFF==1</Equation>
      </StateAlarms>
   </Equipment>
   <Equipment name="S0909" type="Signal" flavor="Fleet">
      <States>
         <Equation>2::AR0909_1005==0</Equation>
         <Equation>3::RL0909_1005_D==1&amp;&amp;AR0909_1005==1</Equation>
      </States>
   </Equipment>
   <Equipment name="S0909" type="Signal" flavor="Detection" CommandTimeOut="" AlarmTimeout="">
      <States>
         <Equation>S_STOP[0]::S0909_OFF == 0</Equation>
         <Equation>S_PERMISSIVE[1]::S0909_OFF == 1</Equation>
      </States>
   </Equipment>
   <Equipment name="S0909" type="Signal" flavor="HMI" CommandTimeOut="" AlarmTimeout="">
      <States>
         <Equation>NOEVENT[0]:: 1==1</Equation>
      </States>
   </Equipment>
   <Equipment name="S0903" type="Signal" flavor="Lamp" CommandTimeOut="" AlarmTimeout="">
      <States>
         <Equation>1::SPLS0903 == 0</Equation>
         <Equation>2::SPLS0903 == 1</Equation>
      </States>
      <StateAlarms>
         <Equation>S_RED_FAILURE[1]::SPLS0903==0 &amp;&amp; S0903_OFF==0</Equation>
         <Equation>S_WHITE_FAILURE[2]::SPLS0903==0 &amp;&amp; S0903_OFF==1</Equation>
      </StateAlarms>
   </Equipment>
   <Equipment name="S0903" type="Signal" flavor="Detection" CommandTimeOut="" AlarmTimeout="">
      <States>
         <Equation>S_STOP[0]::S0903_OFF == 0</Equation>
         <Equation>S_PERMISSIVE[1]::S0903_OFF == 1</Equation>
      </States>
   </Equipment>
   <Equipment name="S0903" type="Signal" flavor="HMI" CommandTimeOut="" AlarmTimeout="">
      <States>
         <Equation>NOEVENT[0]:: 1==1</Equation>
      </States>
   </Equipment>
   <Equipment name="S0907" type="Signal" flavor="Detection" CommandTimeOut="" AlarmTimeout="">
      <States>
         <Equation>S_STOP[0]::S0907_OFF == 0</Equation>
         <Equation>S_PERMISSIVE[1]::S0907_OFF == 1</Equation>
      </States>
   </Equipment>
   <Equipment name="S0907" type="Signal" flavor="ALS" CommandTimeOut="" AlarmTimeout="">
      <States>
         <Equation>S_APPROACH_FREE[1]::ALS0907 == 1</Equation>
         <Equation>S_APPROACH_LOCKED[2]::ALS0907 == 0</Equation>
         <Equation>NOEVENT[0]::1 == 1</Equation>
      </States>
   </Equipment>
   <Equipment name="S0907" type="Signal" flavor="HMI" CommandTimeOut="" AlarmTimeout="">
      <States>
         <Equation>1::S0907_OFF == 1 &amp;&amp; ALS0907 ==1</Equation>
         <Equation>2::S0907_OFF == 0 &amp;&amp; ALS0907 ==1</Equation>
         <Equation>3::S0907_OFF == 0 &amp;&amp; ALS0907 == 0</Equation>
         <Equation>4::S0907_OFF == 1 &amp;&amp; ALS0907 == 0</Equation>
         <Equation>0::1==1</Equation>
      </States>
   </Equipment>
   <Equipment name="S0907" type="Signal" flavor="Blocking" CommandTimeOut="" AlarmTimeout="">
      <States>
         <Equation>S_NOTBLOCKING[1]::MSC0907 == 1</Equation>
         <Equation>S_BLOCKING[2]::MSC0907 == 0</Equation>
      </States>
      <Requisites>
         <Equation>PREP_SBC0907[PREP_SBC]::PREP_SBC09==0</Equation>
         <Equation>PREP_SUC0907[PREP_SUC]::PREP_SUC09==0</Equation>
         <Equation>CONF_SBC0907[CONF_SBC]::1</Equation>
         <Equation>CONF_SUC0907[CONF_SUC]::1</Equation>
      </Requisites>
      <CommandResults>
         <Equation>PREP_SBC0907[PREP_SBC_RES]::PREP_SBC09==1</Equation>
         <Equation>PREP_SUC0907[PREP_SUC_RES]::PREP_SUC09==1</Equation>
         <Equation>CONF_SBC0907[CONF_SBC_RES]::MSC0907== 0</Equation>
         <Equation>CONF_SUC0907[CONF_SUC_RES]::MSC0907== 1</Equation>
      </CommandResults>
   </Equipment>
   <Equipment name="S0907" type="Signal" flavor="Automatic" CommandTimeOut="" AlarmTimeout="">
      <States>
         <Equation>1::RL0907_0911_D==0 &amp;&amp; RL0907_0913_D==0</Equation>
         <Equation>2::S_SEL0907 == 1 &amp;&amp; RL0907_0911_D==0 &amp;&amp; RL0907_0913_D==0</Equation>
         <Equation>3::RL0907_0911_D==1 || RL0907_0913_D==1</Equation>
      </States>
   </Equipment>
   <Equipment name="S0907" type="Signal" flavor="Release" CommandTimeOut="" AlarmTimeout="">
      <States>
         <Equation>1::S_REL0907 == 0 &amp;&amp; (RL0907_0911_D==0 &amp;&amp; RL0907_0913_D==0)</Equation>
         <Equation>2::S_REL0907 == 0 &amp;&amp; (RL0907_0911_D==1 || RL0907_0913_D==1)</Equation>
         <Equation>3::S_REL0907 == 1 &amp;&amp; (RL0907_0911_D==1 || RL0907_0913_D==1)</Equation>
      </States>
   </Equipment>
   <Equipment name="S0907" type="Signal" flavor="Lamp" CommandTimeOut="" AlarmTimeout="">
      <States>
         <Equation>1::SPLS0907 == 0</Equation>
         <Equation>2::SPLS0907 == 1</Equation>
      </States>
      <StateAlarms>
         <Equation>S_RED_FAILURE[1]::SPLS0907==0 &amp;&amp; S0907_OFF==0</Equation>
         <Equation>S_WHITE_FAILURE[2]::SPLS0907==0 &amp;&amp; S0907_OFF==1</Equation>
      </StateAlarms>
   </Equipment>
   <Equipment name="S0907" type="Signal" flavor="Detection" CommandTimeOut="" AlarmTimeout="">
      <States>
         <Equation>S_STOP[0]::S0907_OFF == 0</Equation>
         <Equation>S_PERMISSIVE[1]::S0907_OFF == 1</Equation>
      </States>
   </Equipment>
   <Equipment name="S0907" type="Signal" flavor="HMI" CommandTimeOut="" AlarmTimeout="">
      <States>
         <Equation>NOEVENT[0]:: 1==1</Equation>
      </States>
   </Equipment>
   <Equipment name="S0911" type="Signal" flavor="Detection" CommandTimeOut="" AlarmTimeout="">
      <States>
         <Equation>S_STOP[0]::S0911_OFF == 0</Equation>
         <Equation>S_PERMISSIVE[1]::S0911_OFF == 1</Equation>
      </States>
   </Equipment>
   <Equipment name="S0911" type="Signal" flavor="ALS" CommandTimeOut="" AlarmTimeout="">
      <States>
         <Equation>S_APPROACH_FREE[1]::ALS0911 == 1</Equation>
         <Equation>S_APPROACH_LOCKED[2]::ALS0911 == 0</Equation>
         <Equation>NOEVENT[0]::1 == 1</Equation>
      </States>
   </Equipment>
   <Equipment name="S0911" type="Signal" flavor="HMI" CommandTimeOut="" AlarmTimeout="">
      <States>
         <Equation>1::S0911_OFF == 1 &amp;&amp; ALS0911 ==1</Equation>
         <Equation>2::S0911_OFF == 0 &amp;&amp; ALS0911 ==1</Equation>
         <Equation>3::S0911_OFF == 0 &amp;&amp; ALS0911 == 0</Equation>
         <Equation>4::S0911_OFF == 1 &amp;&amp; ALS0911 == 0</Equation>
         <Equation>0::1==1</Equation>
      </States>
   </Equipment>
   <Equipment name="S0911" type="Signal" flavor="Blocking" CommandTimeOut="" AlarmTimeout="">
      <States>
         <Equation>S_NOTBLOCKING[1]::MSC0911 == 1</Equation>
         <Equation>S_BLOCKING[2]::MSC0911 == 0</Equation>
      </States>
      <Requisites>
         <Equation>PREP_SBC0911[PREP_SBC]::PREP_SBC09==0</Equation>
         <Equation>PREP_SUC0911[PREP_SUC]::PREP_SUC09==0</Equation>
         <Equation>CONF_SBC0911[CONF_SBC]::1</Equation>
         <Equation>CONF_SUC0911[CONF_SUC]::1</Equation>
      </Requisites>
      <CommandResults>
         <Equation>PREP_SBC0911[PREP_SBC_RES]::PREP_SBC09==1</Equation>
         <Equation>PREP_SUC0911[PREP_SUC_RES]::PREP_SUC09==1</Equation>
         <Equation>CONF_SBC0911[CONF_SBC_RES]::MSC0911== 0</Equation>
         <Equation>CONF_SUC0911[CONF_SUC_RES]::MSC0911== 1</Equation>
      </CommandResults>
   </Equipment>
   <Equipment name="S0911" type="Signal" flavor="Automatic" CommandTimeOut="" AlarmTimeout="">
      <States>
         <Equation>1::RL0911_1007_D==0</Equation>
         <Equation>2::S_SEL0911 == 1 &amp;&amp; RL0911_1007_D==0</Equation>
         <Equation>3::RL0911_1007_D==1</Equation>
      </States>
   </Equipment>
   <Equipment name="S0911" type="Signal" flavor="Release" CommandTimeOut="" AlarmTimeout="">
      <States>
         <Equation>1::S_REL0911 == 0 &amp;&amp; (RL0911_1007_D==0)</Equation>
         <Equation>2::S_REL0911 == 0 &amp;&amp; (RL0911_1007_D==1)</Equation>
         <Equation>3::S_REL0911 == 1 &amp;&amp; (RL0911_1007_D==1)</Equation>
      </States>
   </Equipment>
   <Equipment name="S0911" type="Signal" flavor="Lamp" CommandTimeOut="" AlarmTimeout="">
      <States>
         <Equation>1::SPLS0911 == 0</Equation>
         <Equation>2::SPLS0911 == 1</Equation>
      </States>
      <StateAlarms>
         <Equation>S_RED_FAILURE[1]::SPLS0911==0 &amp;&amp; S0911_OFF==0</Equation>
         <Equation>S_WHITE_FAILURE[2]::SPLS0911==0 &amp;&amp; S0911_OFF==1</Equation>
      </StateAlarms>
   </Equipment>
   <Equipment name="S0911" type="Signal" flavor="Detection" CommandTimeOut="" AlarmTimeout="">
      <States>
         <Equation>S_STOP[0]::S0911_OFF == 0</Equation>
         <Equation>S_PERMISSIVE[1]::S0911_OFF == 1</Equation>
      </States>
   </Equipment>
   <Equipment name="S0911" type="Signal" flavor="HMI" CommandTimeOut="" AlarmTimeout="">
      <States>
         <Equation>NOEVENT[0]:: 1==1</Equation>
      </States>
   </Equipment>
   <Equipment name="S0913" type="Signal" flavor="Detection" CommandTimeOut="" AlarmTimeout="">
      <States>
         <Equation>S_STOP[0]::S0913_OFF == 0</Equation>
         <Equation>S_PERMISSIVE[1]::S0913_OFF == 1</Equation>
      </States>
   </Equipment>
   <Equipment name="S0913" type="Signal" flavor="ALS" CommandTimeOut="" AlarmTimeout="">
      <States>
         <Equation>S_APPROACH_FREE[1]::ALS0913 == 1</Equation>
         <Equation>S_APPROACH_LOCKED[2]::ALS0913 == 0</Equation>
         <Equation>NOEVENT[0]::1 == 1</Equation>
      </States>
   </Equipment>
   <Equipment name="S0913" type="Signal" flavor="HMI" CommandTimeOut="" AlarmTimeout="">
      <States>
         <Equation>1::S0913_OFF == 1 &amp;&amp; ALS0913 ==1</Equation>
         <Equation>2::S0913_OFF == 0 &amp;&amp; ALS0913 ==1</Equation>
         <Equation>3::S0913_OFF == 0 &amp;&amp; ALS0913 == 0</Equation>
         <Equation>4::S0913_OFF == 1 &amp;&amp; ALS0913 == 0</Equation>
         <Equation>0::1==1</Equation>
      </States>
   </Equipment>
   <Equipment name="S0913" type="Signal" flavor="Blocking" CommandTimeOut="" AlarmTimeout="">
      <States>
         <Equation>S_NOTBLOCKING[1]::MSC0913 == 1</Equation>
         <Equation>S_BLOCKING[2]::MSC0913 == 0</Equation>
      </States>
      <Requisites>
         <Equation>PREP_SBC0913[PREP_SBC]::PREP_SBC09==0</Equation>
         <Equation>PREP_SUC0913[PREP_SUC]::PREP_SUC09==0</Equation>
         <Equation>CONF_SBC0913[CONF_SBC]::1</Equation>
         <Equation>CONF_SUC0913[CONF_SUC]::1</Equation>
      </Requisites>
      <CommandResults>
         <Equation>PREP_SBC0913[PREP_SBC_RES]::PREP_SBC09==1</Equation>
         <Equation>PREP_SUC0913[PREP_SUC_RES]::PREP_SUC09==1</Equation>
         <Equation>CONF_SBC0913[CONF_SBC_RES]::MSC0913== 0</Equation>
         <Equation>CONF_SUC0913[CONF_SUC_RES]::MSC0913== 1</Equation>
      </CommandResults>
   </Equipment>
   <Equipment name="S0913" type="Signal" flavor="Automatic" CommandTimeOut="" AlarmTimeout="">
      <States>
         <Equation>1::RL0913_1005_D==0 &amp;&amp; RL0913_1007_D==0</Equation>
         <Equation>2::S_SEL0913 == 1 &amp;&amp; RL0913_1005_D==0 &amp;&amp; RL0913_1007_D==0</Equation>
         <Equation>3::RL0913_1005_D==1 || RL0913_1007_D==1</Equation>
      </States>
   </Equipment>
   <Equipment name="S0913" type="Signal" flavor="Release" CommandTimeOut="" AlarmTimeout="">
      <States>
         <Equation>1::S_REL0913 == 0 &amp;&amp; (RL0913_1005_D==0 &amp;&amp; RL0913_1007_D==0)</Equation>
         <Equation>2::S_REL0913 == 0 &amp;&amp; (RL0913_1005_D==1 || RL0913_1007_D==1)</Equation>
         <Equation>3::S_REL0913 == 1 &amp;&amp; (RL0913_1005_D==1 || RL0913_1007_D==1)</Equation>
      </States>
   </Equipment>
   <Equipment name="S0913" type="Signal" flavor="Lamp" CommandTimeOut="" AlarmTimeout="">
      <States>
         <Equation>1::SPLS0913 == 0</Equation>
         <Equation>2::SPLS0913 == 1</Equation>
      </States>
      <StateAlarms>
         <Equation>S_RED_FAILURE[1]::SPLS0913==0 &amp;&amp; S0913_OFF==0</Equation>
         <Equation>S_WHITE_FAILURE[2]::SPLS0913==0 &amp;&amp; S0913_OFF==1</Equation>
      </StateAlarms>
   </Equipment>
   <Equipment name="S0913" type="Signal" flavor="Detection" CommandTimeOut="" AlarmTimeout="">
      <States>
         <Equation>S_STOP[0]::S0913_OFF == 0</Equation>
         <Equation>S_PERMISSIVE[1]::S0913_OFF == 1</Equation>
      </States>
   </Equipment>
   <Equipment name="S0913" type="Signal" flavor="HMI" CommandTimeOut="" AlarmTimeout="">
      <States>
         <Equation>NOEVENT[0]:: 1==1</Equation>
      </States>
   </Equipment>
</SignallingRules>