<?xml version="1.0" encoding="UTF-8"?>
<SignallingRules xmlns:xsi="http://www.w3.org/2001/XMLSchema-instance"
                 xmlns:sys="http://www.systerel.fr/Alstom/IDP"
                 Project="CCL"
                 Generation_Date="XXXX-XX-XX"
                 xsi:noNamespaceSchemaLocation="SigRules.xsd">
   <Versions>
         <Version Name="ICONIS_IDP#SyAD_Configuration-CCL"
               Value="830F-ATS-0895_1E &amp; 830F-ATS-0402-1G"/>
         <Version Name="ICONIS_IDP#Product_Version" Value="SW_IDP_CCL_1.6.6"/>
         <Version Name="Project#System_Database_Version" Value="1.0.0"/>
         <Version Name="Project#ATS_Parameter_Version" Value=""/>
      </Versions>
   <Equipment name="S0802" type="Signal" flavor="Lamp" CommandTimeOut="" AlarmTimeout="">
      <States>
         <Equation>1::SPLS0802 == 0</Equation>
         <Equation>2::SPLS0802 == 1</Equation>
      </States>
      <StateAlarms>
         <Equation>S_RED_FAILURE[1]::SPLS0802==0 &amp;&amp; S0802_OFF==0</Equation>
         <Equation>S_WHITE_FAILURE[2]::SPLS0802==0 &amp;&amp; S0802_OFF==1</Equation>
      </StateAlarms>
   </Equipment>
   <Equipment name="S0802" type="Signal" flavor="Detection" CommandTimeOut="" AlarmTimeout="">
      <States>
         <Equation>S_STOP[0]::S0802_OFF == 0</Equation>
         <Equation>S_PERMISSIVE[1]::S0802_OFF == 1</Equation>
      </States>
   </Equipment>
   <Equipment name="S0802" type="Signal" flavor="HMI" CommandTimeOut="" AlarmTimeout="">
      <States>
         <Equation>NOEVENT[0]:: 1==1</Equation>
      </States>
   </Equipment>
   <Equipment name="S0806" type="Signal" flavor="Lamp" CommandTimeOut="" AlarmTimeout="">
      <States>
         <Equation>1::SPLS0806 == 0</Equation>
         <Equation>2::SPLS0806 == 1</Equation>
      </States>
      <StateAlarms>
         <Equation>S_RED_FAILURE[1]::SPLS0806==0 &amp;&amp; S0806_OFF==0</Equation>
         <Equation>S_WHITE_FAILURE[2]::SPLS0806==0 &amp;&amp; S0806_OFF==1</Equation>
      </StateAlarms>
   </Equipment>
   <Equipment name="S0806" type="Signal" flavor="Detection" CommandTimeOut="" AlarmTimeout="">
      <States>
         <Equation>S_STOP[0]::S0806_OFF == 0</Equation>
         <Equation>S_PERMISSIVE[1]::S0806_OFF == 1</Equation>
      </States>
   </Equipment>
   <Equipment name="S0806" type="Signal" flavor="HMI" CommandTimeOut="" AlarmTimeout="">
      <States>
         <Equation>NOEVENT[0]:: 1==1</Equation>
      </States>
   </Equipment>
   <Equipment name="S0812" type="Signal" flavor="Detection" CommandTimeOut="" AlarmTimeout="">
      <States>
         <Equation>S_STOP[0]::S0812_OFF == 0</Equation>
         <Equation>S_PERMISSIVE[1]::S0812_OFF == 1</Equation>
      </States>
   </Equipment>
   <Equipment name="S0812" type="Signal" flavor="ALS" CommandTimeOut="" AlarmTimeout="">
      <States>
         <Equation>S_APPROACH_FREE[1]::ALS0812 == 1</Equation>
         <Equation>S_APPROACH_LOCKED[2]::ALS0812 == 0</Equation>
         <Equation>NOEVENT[0]::1 == 1</Equation>
      </States>
   </Equipment>
   <Equipment name="S0812" type="Signal" flavor="HMI" CommandTimeOut="" AlarmTimeout="">
      <States>
         <Equation>1::S0812_OFF == 1 &amp;&amp; ALS0812 ==1</Equation>
         <Equation>2::S0812_OFF == 0 &amp;&amp; ALS0812 ==1</Equation>
         <Equation>3::S0812_OFF == 0 &amp;&amp; ALS0812 == 0</Equation>
         <Equation>4::S0812_OFF == 1 &amp;&amp; ALS0812 == 0</Equation>
         <Equation>0::1==1</Equation>
      </States>
   </Equipment>
   <Equipment name="S0812" type="Signal" flavor="Blocking" CommandTimeOut="" AlarmTimeout="">
      <States>
         <Equation>S_NOTBLOCKING[1]::MSC0812 == 1</Equation>
         <Equation>S_BLOCKING[2]::MSC0812 == 0</Equation>
      </States>
      <Requisites>
         <Equation>PREP_SBC0812[PREP_SBC]::PREP_SBC08==0</Equation>
         <Equation>PREP_SUC0812[PREP_SUC]::PREP_SUC08==0</Equation>
         <Equation>CONF_SBC0812[CONF_SBC]::1</Equation>
         <Equation>CONF_SUC0812[CONF_SUC]::1</Equation>
      </Requisites>
      <CommandResults>
         <Equation>PREP_SBC0812[PREP_SBC_RES]::PREP_SBC08==1</Equation>
         <Equation>PREP_SUC0812[PREP_SUC_RES]::PREP_SUC08==1</Equation>
         <Equation>CONF_SBC0812[CONF_SBC_RES]::MSC0812== 0</Equation>
         <Equation>CONF_SUC0812[CONF_SUC_RES]::MSC0812== 1</Equation>
      </CommandResults>
   </Equipment>
   <Equipment name="S0812" type="Signal" flavor="Automatic" CommandTimeOut="" AlarmTimeout="">
      <States>
         <Equation>1::RL0812_0714_D==0 &amp;&amp; RL0812_0808_D==0</Equation>
         <Equation>2::S_SEL0812 == 1 &amp;&amp; RL0812_0714_D==0 &amp;&amp; RL0812_0808_D==0</Equation>
         <Equation>3::RL0812_0714_D==1 || RL0812_0808_D==1</Equation>
      </States>
   </Equipment>
   <Equipment name="S0812" type="Signal" flavor="Release" CommandTimeOut="" AlarmTimeout="">
      <States>
         <Equation>1::S_REL0812 == 0 &amp;&amp; (RL0812_0714_D==0 &amp;&amp; RL0812_0808_D==0)</Equation>
         <Equation>2::S_REL0812 == 0 &amp;&amp; (RL0812_0714_D==1 || RL0812_0808_D==1)</Equation>
         <Equation>3::S_REL0812 == 1 &amp;&amp; (RL0812_0714_D==1 || RL0812_0808_D==1)</Equation>
      </States>
   </Equipment>
   <Equipment name="S0812" type="Signal" flavor="Lamp" CommandTimeOut="" AlarmTimeout="">
      <States>
         <Equation>1::SPLS0812 == 0</Equation>
         <Equation>2::SPLS0812 == 1</Equation>
      </States>
      <StateAlarms>
         <Equation>S_RED_FAILURE[1]::SPLS0812==0 &amp;&amp; S0812_OFF==0</Equation>
         <Equation>S_WHITE_FAILURE[2]::SPLS0812==0 &amp;&amp; S0812_OFF==1</Equation>
      </StateAlarms>
   </Equipment>
   <Equipment name="S0812" type="Signal" flavor="Detection" CommandTimeOut="" AlarmTimeout="">
      <States>
         <Equation>S_STOP[0]::S0812_OFF == 0</Equation>
         <Equation>S_PERMISSIVE[1]::S0812_OFF == 1</Equation>
      </States>
   </Equipment>
   <Equipment name="S0812" type="Signal" flavor="HMI" CommandTimeOut="" AlarmTimeout="">
      <States>
         <Equation>NOEVENT[0]:: 1==1</Equation>
      </States>
   </Equipment>
   <Equipment name="S0814" type="Signal" flavor="Detection" CommandTimeOut="" AlarmTimeout="">
      <States>
         <Equation>S_STOP[0]::S0814_OFF == 0</Equation>
         <Equation>S_PERMISSIVE[1]::S0814_OFF == 1</Equation>
      </States>
   </Equipment>
   <Equipment name="S0814" type="Signal" flavor="ALS" CommandTimeOut="" AlarmTimeout="">
      <States>
         <Equation>S_APPROACH_FREE[1]::ALS0814 == 1</Equation>
         <Equation>S_APPROACH_LOCKED[2]::ALS0814 == 0</Equation>
         <Equation>NOEVENT[0]::1 == 1</Equation>
      </States>
   </Equipment>
   <Equipment name="S0814" type="Signal" flavor="HMI" CommandTimeOut="" AlarmTimeout="">
      <States>
         <Equation>1::S0814_OFF == 1 &amp;&amp; ALS0814 ==1</Equation>
         <Equation>2::S0814_OFF == 0 &amp;&amp; ALS0814 ==1</Equation>
         <Equation>3::S0814_OFF == 0 &amp;&amp; ALS0814 == 0</Equation>
         <Equation>4::S0814_OFF == 1 &amp;&amp; ALS0814 == 0</Equation>
         <Equation>0::1==1</Equation>
      </States>
   </Equipment>
   <Equipment name="S0814" type="Signal" flavor="Blocking" CommandTimeOut="" AlarmTimeout="">
      <States>
         <Equation>S_NOTBLOCKING[1]::MSC0814 == 1</Equation>
         <Equation>S_BLOCKING[2]::MSC0814 == 0</Equation>
      </States>
      <Requisites>
         <Equation>PREP_SBC0814[PREP_SBC]::PREP_SBC08==0</Equation>
         <Equation>PREP_SUC0814[PREP_SUC]::PREP_SUC08==0</Equation>
         <Equation>CONF_SBC0814[CONF_SBC]::1</Equation>
         <Equation>CONF_SUC0814[CONF_SUC]::1</Equation>
      </Requisites>
      <CommandResults>
         <Equation>PREP_SBC0814[PREP_SBC_RES]::PREP_SBC08==1</Equation>
         <Equation>PREP_SUC0814[PREP_SUC_RES]::PREP_SUC08==1</Equation>
         <Equation>CONF_SBC0814[CONF_SBC_RES]::MSC0814== 0</Equation>
         <Equation>CONF_SUC0814[CONF_SUC_RES]::MSC0814== 1</Equation>
      </CommandResults>
   </Equipment>
   <Equipment name="S0814" type="Signal" flavor="Automatic" CommandTimeOut="" AlarmTimeout="">
      <States>
         <Equation>1::RL0814_0812_D==0</Equation>
         <Equation>2::S_SEL0814 == 1 &amp;&amp; RL0814_0812_D==0</Equation>
         <Equation>3::RL0814_0812_D==1</Equation>
      </States>
   </Equipment>
   <Equipment name="S0814" type="Signal" flavor="Release" CommandTimeOut="" AlarmTimeout="">
      <States>
         <Equation>1::S_REL0814 == 0 &amp;&amp; (RL0814_0812_D==0)</Equation>
         <Equation>2::S_REL0814 == 0 &amp;&amp; (RL0814_0812_D==1)</Equation>
         <Equation>3::S_REL0814 == 1 &amp;&amp; (RL0814_0812_D==1)</Equation>
      </States>
   </Equipment>
   <Equipment name="S0814" type="Signal" flavor="Lamp" CommandTimeOut="" AlarmTimeout="">
      <States>
         <Equation>1::SPLS0814 == 0</Equation>
         <Equation>2::SPLS0814 == 1</Equation>
      </States>
      <StateAlarms>
         <Equation>S_RED_FAILURE[1]::SPLS0814==0 &amp;&amp; S0814_OFF==0</Equation>
         <Equation>S_WHITE_FAILURE[2]::SPLS0814==0 &amp;&amp; S0814_OFF==1</Equation>
      </StateAlarms>
   </Equipment>
   <Equipment name="S0814" type="Signal" flavor="Detection" CommandTimeOut="" AlarmTimeout="">
      <States>
         <Equation>S_STOP[0]::S0814_OFF == 0</Equation>
         <Equation>S_PERMISSIVE[1]::S0814_OFF == 1</Equation>
      </States>
   </Equipment>
   <Equipment name="S0814" type="Signal" flavor="HMI" CommandTimeOut="" AlarmTimeout="">
      <States>
         <Equation>NOEVENT[0]:: 1==1</Equation>
      </States>
   </Equipment>
   <Equipment name="S0800" type="Signal" flavor="Lamp" CommandTimeOut="" AlarmTimeout="">
      <States>
         <Equation>1::SPLS0800 == 0</Equation>
         <Equation>2::SPLS0800 == 1</Equation>
      </States>
      <StateAlarms>
         <Equation>S_RED_FAILURE[1]::SPLS0800==0 &amp;&amp; S0800_OFF==0</Equation>
         <Equation>S_WHITE_FAILURE[2]::SPLS0800==0 &amp;&amp; S0800_OFF==1</Equation>
      </StateAlarms>
   </Equipment>
   <Equipment name="S0800" type="Signal" flavor="Detection" CommandTimeOut="" AlarmTimeout="">
      <States>
         <Equation>S_STOP[0]::S0800_OFF == 0</Equation>
         <Equation>S_PERMISSIVE[1]::S0800_OFF == 1</Equation>
      </States>
   </Equipment>
   <Equipment name="S0800" type="Signal" flavor="HMI" CommandTimeOut="" AlarmTimeout="">
      <States>
         <Equation>NOEVENT[0]:: 1==1</Equation>
      </States>
   </Equipment>
   <Equipment name="S0804" type="Signal" flavor="Lamp" CommandTimeOut="" AlarmTimeout="">
      <States>
         <Equation>1::SPLS0804 == 0</Equation>
         <Equation>2::SPLS0804 == 1</Equation>
      </States>
      <StateAlarms>
         <Equation>S_RED_FAILURE[1]::SPLS0804==0 &amp;&amp; S0804_OFF==0</Equation>
         <Equation>S_WHITE_FAILURE[2]::SPLS0804==0 &amp;&amp; S0804_OFF==1</Equation>
      </StateAlarms>
   </Equipment>
   <Equipment name="S0804" type="Signal" flavor="Detection" CommandTimeOut="" AlarmTimeout="">
      <States>
         <Equation>S_STOP[0]::S0804_OFF == 0</Equation>
         <Equation>S_PERMISSIVE[1]::S0804_OFF == 1</Equation>
      </States>
   </Equipment>
   <Equipment name="S0804" type="Signal" flavor="HMI" CommandTimeOut="" AlarmTimeout="">
      <States>
         <Equation>NOEVENT[0]:: 1==1</Equation>
      </States>
   </Equipment>
   <Equipment name="S0808" type="Signal" flavor="Detection" CommandTimeOut="" AlarmTimeout="">
      <States>
         <Equation>S_STOP[0]::S0808_OFF == 0</Equation>
         <Equation>S_PERMISSIVE[1]::S0808_OFF == 1</Equation>
      </States>
   </Equipment>
   <Equipment name="S0808" type="Signal" flavor="ALS" CommandTimeOut="" AlarmTimeout="">
      <States>
         <Equation>S_APPROACH_FREE[1]::ALS0808 == 1</Equation>
         <Equation>S_APPROACH_LOCKED[2]::ALS0808 == 0</Equation>
         <Equation>NOEVENT[0]::1 == 1</Equation>
      </States>
   </Equipment>
   <Equipment name="S0808" type="Signal" flavor="HMI" CommandTimeOut="" AlarmTimeout="">
      <States>
         <Equation>1::S0808_OFF == 1 &amp;&amp; ALS0808 ==1</Equation>
         <Equation>2::S0808_OFF == 0 &amp;&amp; ALS0808 ==1</Equation>
         <Equation>3::S0808_OFF == 0 &amp;&amp; ALS0808 == 0</Equation>
         <Equation>4::S0808_OFF == 1 &amp;&amp; ALS0808 == 0</Equation>
         <Equation>0::1==1</Equation>
      </States>
   </Equipment>
   <Equipment name="S0808" type="Signal" flavor="Blocking" CommandTimeOut="" AlarmTimeout="">
      <States>
         <Equation>S_NOTBLOCKING[1]::MSC0808 == 1</Equation>
         <Equation>S_BLOCKING[2]::MSC0808 == 0</Equation>
      </States>
      <Requisites>
         <Equation>PREP_SBC0808[PREP_SBC]::PREP_SBC08==0</Equation>
         <Equation>PREP_SUC0808[PREP_SUC]::PREP_SUC08==0</Equation>
         <Equation>CONF_SBC0808[CONF_SBC]::1</Equation>
         <Equation>CONF_SUC0808[CONF_SUC]::1</Equation>
      </Requisites>
      <CommandResults>
         <Equation>PREP_SBC0808[PREP_SBC_RES]::PREP_SBC08==1</Equation>
         <Equation>PREP_SUC0808[PREP_SUC_RES]::PREP_SUC08==1</Equation>
         <Equation>CONF_SBC0808[CONF_SBC_RES]::MSC0808== 0</Equation>
         <Equation>CONF_SUC0808[CONF_SUC_RES]::MSC0808== 1</Equation>
      </CommandResults>
   </Equipment>
   <Equipment name="S0808" type="Signal" flavor="Automatic" CommandTimeOut="" AlarmTimeout="">
      <States>
         <Equation>1::RL0808_0718_D==0</Equation>
         <Equation>2::S_SEL0808 == 1 &amp;&amp; RL0808_0718_D==0</Equation>
         <Equation>3::RL0808_0718_D==1</Equation>
      </States>
   </Equipment>
   <Equipment name="S0808" type="Signal" flavor="Release" CommandTimeOut="" AlarmTimeout="">
      <States>
         <Equation>1::S_REL0808 == 0 &amp;&amp; (RL0808_0718_D==0)</Equation>
         <Equation>2::S_REL0808 == 0 &amp;&amp; (RL0808_0718_D==1)</Equation>
         <Equation>3::S_REL0808 == 1 &amp;&amp; (RL0808_0718_D==1)</Equation>
      </States>
   </Equipment>
   <Equipment name="S0808" type="Signal" flavor="Lamp" CommandTimeOut="" AlarmTimeout="">
      <States>
         <Equation>1::SPLS0808 == 0</Equation>
         <Equation>2::SPLS0808 == 1</Equation>
      </States>
      <StateAlarms>
         <Equation>S_RED_FAILURE[1]::SPLS0808==0 &amp;&amp; S0808_OFF==0</Equation>
         <Equation>S_WHITE_FAILURE[2]::SPLS0808==0 &amp;&amp; S0808_OFF==1</Equation>
      </StateAlarms>
   </Equipment>
   <Equipment name="S0808" type="Signal" flavor="Fleet">
      <States>
         <Equation>2::AR0808_0718==0</Equation>
         <Equation>3::RL0808_0718_D==1&amp;&amp;AR0808_0718==1</Equation>
      </States>
   </Equipment>
   <Equipment name="S0808" type="Signal" flavor="Detection" CommandTimeOut="" AlarmTimeout="">
      <States>
         <Equation>S_STOP[0]::S0808_OFF == 0</Equation>
         <Equation>S_PERMISSIVE[1]::S0808_OFF == 1</Equation>
      </States>
   </Equipment>
   <Equipment name="S0808" type="Signal" flavor="HMI" CommandTimeOut="" AlarmTimeout="">
      <States>
         <Equation>NOEVENT[0]:: 1==1</Equation>
      </States>
   </Equipment>
   <Equipment name="S0810" type="Signal" flavor="Detection" CommandTimeOut="" AlarmTimeout="">
      <States>
         <Equation>S_STOP[0]::S0810_OFF == 0</Equation>
         <Equation>S_PERMISSIVE[1]::S0810_OFF == 1</Equation>
      </States>
   </Equipment>
   <Equipment name="S0810" type="Signal" flavor="ALS" CommandTimeOut="" AlarmTimeout="">
      <States>
         <Equation>S_APPROACH_FREE[1]::ALS0810 == 1</Equation>
         <Equation>S_APPROACH_LOCKED[2]::ALS0810 == 0</Equation>
         <Equation>NOEVENT[0]::1 == 1</Equation>
      </States>
   </Equipment>
   <Equipment name="S0810" type="Signal" flavor="HMI" CommandTimeOut="" AlarmTimeout="">
      <States>
         <Equation>1::S0810_OFF == 1 &amp;&amp; ALS0810 ==1</Equation>
         <Equation>2::S0810_OFF == 0 &amp;&amp; ALS0810 ==1</Equation>
         <Equation>3::S0810_OFF == 0 &amp;&amp; ALS0810 == 0</Equation>
         <Equation>4::S0810_OFF == 1 &amp;&amp; ALS0810 == 0</Equation>
         <Equation>0::1==1</Equation>
      </States>
   </Equipment>
   <Equipment name="S0810" type="Signal" flavor="Blocking" CommandTimeOut="" AlarmTimeout="">
      <States>
         <Equation>S_NOTBLOCKING[1]::MSC0810 == 1</Equation>
         <Equation>S_BLOCKING[2]::MSC0810 == 0</Equation>
      </States>
      <Requisites>
         <Equation>PREP_SBC0810[PREP_SBC]::PREP_SBC08==0</Equation>
         <Equation>PREP_SUC0810[PREP_SUC]::PREP_SUC08==0</Equation>
         <Equation>CONF_SBC0810[CONF_SBC]::1</Equation>
         <Equation>CONF_SUC0810[CONF_SUC]::1</Equation>
      </Requisites>
      <CommandResults>
         <Equation>PREP_SBC0810[PREP_SBC_RES]::PREP_SBC08==1</Equation>
         <Equation>PREP_SUC0810[PREP_SUC_RES]::PREP_SUC08==1</Equation>
         <Equation>CONF_SBC0810[CONF_SBC_RES]::MSC0810== 0</Equation>
         <Equation>CONF_SUC0810[CONF_SUC_RES]::MSC0810== 1</Equation>
      </CommandResults>
   </Equipment>
   <Equipment name="S0810" type="Signal" flavor="Automatic" CommandTimeOut="" AlarmTimeout="">
      <States>
         <Equation>1::RL0810_0808_D==0</Equation>
         <Equation>2::S_SEL0810 == 1 &amp;&amp; RL0810_0808_D==0</Equation>
         <Equation>3::RL0810_0808_D==1</Equation>
      </States>
   </Equipment>
   <Equipment name="S0810" type="Signal" flavor="Release" CommandTimeOut="" AlarmTimeout="">
      <States>
         <Equation>1::S_REL0810 == 0 &amp;&amp; (RL0810_0808_D==0)</Equation>
         <Equation>2::S_REL0810 == 0 &amp;&amp; (RL0810_0808_D==1)</Equation>
         <Equation>3::S_REL0810 == 1 &amp;&amp; (RL0810_0808_D==1)</Equation>
      </States>
   </Equipment>
   <Equipment name="S0810" type="Signal" flavor="Lamp" CommandTimeOut="" AlarmTimeout="">
      <States>
         <Equation>1::SPLS0810 == 0</Equation>
         <Equation>2::SPLS0810 == 1</Equation>
      </States>
      <StateAlarms>
         <Equation>S_RED_FAILURE[1]::SPLS0810==0 &amp;&amp; S0810_OFF==0</Equation>
         <Equation>S_WHITE_FAILURE[2]::SPLS0810==0 &amp;&amp; S0810_OFF==1</Equation>
      </StateAlarms>
   </Equipment>
   <Equipment name="S0810" type="Signal" flavor="Fleet">
      <States>
         <Equation>2::AR0810_0808==0</Equation>
         <Equation>3::RL0810_0808_D==1&amp;&amp;AR0810_0808==1</Equation>
      </States>
   </Equipment>
   <Equipment name="S0810" type="Signal" flavor="Detection" CommandTimeOut="" AlarmTimeout="">
      <States>
         <Equation>S_STOP[0]::S0810_OFF == 0</Equation>
         <Equation>S_PERMISSIVE[1]::S0810_OFF == 1</Equation>
      </States>
   </Equipment>
   <Equipment name="S0810" type="Signal" flavor="HMI" CommandTimeOut="" AlarmTimeout="">
      <States>
         <Equation>NOEVENT[0]:: 1==1</Equation>
      </States>
   </Equipment>
   <Equipment name="S0801" type="Signal" flavor="Lamp" CommandTimeOut="" AlarmTimeout="">
      <States>
         <Equation>1::SPLS0801 == 0</Equation>
         <Equation>2::SPLS0801 == 1</Equation>
      </States>
      <StateAlarms>
         <Equation>S_RED_FAILURE[1]::SPLS0801==0 &amp;&amp; S0801_OFF==0</Equation>
         <Equation>S_WHITE_FAILURE[2]::SPLS0801==0 &amp;&amp; S0801_OFF==1</Equation>
      </StateAlarms>
   </Equipment>
   <Equipment name="S0801" type="Signal" flavor="Detection" CommandTimeOut="" AlarmTimeout="">
      <States>
         <Equation>S_STOP[0]::S0801_OFF == 0</Equation>
         <Equation>S_PERMISSIVE[1]::S0801_OFF == 1</Equation>
      </States>
   </Equipment>
   <Equipment name="S0801" type="Signal" flavor="HMI" CommandTimeOut="" AlarmTimeout="">
      <States>
         <Equation>NOEVENT[0]:: 1==1</Equation>
      </States>
   </Equipment>
   <Equipment name="S0805" type="Signal" flavor="Lamp" CommandTimeOut="" AlarmTimeout="">
      <States>
         <Equation>1::SPLS0805 == 0</Equation>
         <Equation>2::SPLS0805 == 1</Equation>
      </States>
      <StateAlarms>
         <Equation>S_RED_FAILURE[1]::SPLS0805==0 &amp;&amp; S0805_OFF==0</Equation>
         <Equation>S_WHITE_FAILURE[2]::SPLS0805==0 &amp;&amp; S0805_OFF==1</Equation>
      </StateAlarms>
   </Equipment>
   <Equipment name="S0805" type="Signal" flavor="Detection" CommandTimeOut="" AlarmTimeout="">
      <States>
         <Equation>S_STOP[0]::S0805_OFF == 0</Equation>
         <Equation>S_PERMISSIVE[1]::S0805_OFF == 1</Equation>
      </States>
   </Equipment>
   <Equipment name="S0805" type="Signal" flavor="HMI" CommandTimeOut="" AlarmTimeout="">
      <States>
         <Equation>NOEVENT[0]:: 1==1</Equation>
      </States>
   </Equipment>
   <Equipment name="S0809" type="Signal" flavor="Detection" CommandTimeOut="" AlarmTimeout="">
      <States>
         <Equation>S_STOP[0]::S0809_OFF == 0</Equation>
         <Equation>S_PERMISSIVE[1]::S0809_OFF == 1</Equation>
      </States>
   </Equipment>
   <Equipment name="S0809" type="Signal" flavor="ALS" CommandTimeOut="" AlarmTimeout="">
      <States>
         <Equation>S_APPROACH_FREE[1]::ALS0809 == 1</Equation>
         <Equation>S_APPROACH_LOCKED[2]::ALS0809 == 0</Equation>
         <Equation>NOEVENT[0]::1 == 1</Equation>
      </States>
   </Equipment>
   <Equipment name="S0809" type="Signal" flavor="HMI" CommandTimeOut="" AlarmTimeout="">
      <States>
         <Equation>1::S0809_OFF == 1 &amp;&amp; ALS0809 ==1</Equation>
         <Equation>2::S0809_OFF == 0 &amp;&amp; ALS0809 ==1</Equation>
         <Equation>3::S0809_OFF == 0 &amp;&amp; ALS0809 == 0</Equation>
         <Equation>4::S0809_OFF == 1 &amp;&amp; ALS0809 == 0</Equation>
         <Equation>0::1==1</Equation>
      </States>
   </Equipment>
   <Equipment name="S0809" type="Signal" flavor="Blocking" CommandTimeOut="" AlarmTimeout="">
      <States>
         <Equation>S_NOTBLOCKING[1]::MSC0809 == 1</Equation>
         <Equation>S_BLOCKING[2]::MSC0809 == 0</Equation>
      </States>
      <Requisites>
         <Equation>PREP_SBC0809[PREP_SBC]::PREP_SBC08==0</Equation>
         <Equation>PREP_SUC0809[PREP_SUC]::PREP_SUC08==0</Equation>
         <Equation>CONF_SBC0809[CONF_SBC]::1</Equation>
         <Equation>CONF_SUC0809[CONF_SUC]::1</Equation>
      </Requisites>
      <CommandResults>
         <Equation>PREP_SBC0809[PREP_SBC_RES]::PREP_SBC08==1</Equation>
         <Equation>PREP_SUC0809[PREP_SUC_RES]::PREP_SUC08==1</Equation>
         <Equation>CONF_SBC0809[CONF_SBC_RES]::MSC0809== 0</Equation>
         <Equation>CONF_SUC0809[CONF_SUC_RES]::MSC0809== 1</Equation>
      </CommandResults>
   </Equipment>
   <Equipment name="S0809" type="Signal" flavor="Automatic" CommandTimeOut="" AlarmTimeout="">
      <States>
         <Equation>1::RL0809_0813_D==0</Equation>
         <Equation>2::S_SEL0809 == 1 &amp;&amp; RL0809_0813_D==0</Equation>
         <Equation>3::RL0809_0813_D==1</Equation>
      </States>
   </Equipment>
   <Equipment name="S0809" type="Signal" flavor="Release" CommandTimeOut="" AlarmTimeout="">
      <States>
         <Equation>1::S_REL0809 == 0 &amp;&amp; (RL0809_0813_D==0)</Equation>
         <Equation>2::S_REL0809 == 0 &amp;&amp; (RL0809_0813_D==1)</Equation>
         <Equation>3::S_REL0809 == 1 &amp;&amp; (RL0809_0813_D==1)</Equation>
      </States>
   </Equipment>
   <Equipment name="S0809" type="Signal" flavor="Lamp" CommandTimeOut="" AlarmTimeout="">
      <States>
         <Equation>1::SPLS0809 == 0</Equation>
         <Equation>2::SPLS0809 == 1</Equation>
      </States>
      <StateAlarms>
         <Equation>S_RED_FAILURE[1]::SPLS0809==0 &amp;&amp; S0809_OFF==0</Equation>
         <Equation>S_WHITE_FAILURE[2]::SPLS0809==0 &amp;&amp; S0809_OFF==1</Equation>
      </StateAlarms>
   </Equipment>
   <Equipment name="S0809" type="Signal" flavor="Fleet">
      <States>
         <Equation>2::AR0809_0813==0</Equation>
         <Equation>3::RL0809_0813_D==1&amp;&amp;AR0809_0813==1</Equation>
      </States>
   </Equipment>
   <Equipment name="S0809" type="Signal" flavor="Detection" CommandTimeOut="" AlarmTimeout="">
      <States>
         <Equation>S_STOP[0]::S0809_OFF == 0</Equation>
         <Equation>S_PERMISSIVE[1]::S0809_OFF == 1</Equation>
      </States>
   </Equipment>
   <Equipment name="S0809" type="Signal" flavor="HMI" CommandTimeOut="" AlarmTimeout="">
      <States>
         <Equation>NOEVENT[0]:: 1==1</Equation>
      </States>
   </Equipment>
   <Equipment name="S0813" type="Signal" flavor="Detection" CommandTimeOut="" AlarmTimeout="">
      <States>
         <Equation>S_STOP[0]::S0813_OFF == 0</Equation>
         <Equation>S_PERMISSIVE[1]::S0813_OFF == 1</Equation>
      </States>
   </Equipment>
   <Equipment name="S0813" type="Signal" flavor="ALS" CommandTimeOut="" AlarmTimeout="">
      <States>
         <Equation>S_APPROACH_FREE[1]::ALS0813 == 1</Equation>
         <Equation>S_APPROACH_LOCKED[2]::ALS0813 == 0</Equation>
         <Equation>NOEVENT[0]::1 == 1</Equation>
      </States>
   </Equipment>
   <Equipment name="S0813" type="Signal" flavor="HMI" CommandTimeOut="" AlarmTimeout="">
      <States>
         <Equation>1::S0813_OFF == 1 &amp;&amp; ALS0813 ==1</Equation>
         <Equation>2::S0813_OFF == 0 &amp;&amp; ALS0813 ==1</Equation>
         <Equation>3::S0813_OFF == 0 &amp;&amp; ALS0813 == 0</Equation>
         <Equation>4::S0813_OFF == 1 &amp;&amp; ALS0813 == 0</Equation>
         <Equation>0::1==1</Equation>
      </States>
   </Equipment>
   <Equipment name="S0813" type="Signal" flavor="Blocking" CommandTimeOut="" AlarmTimeout="">
      <States>
         <Equation>S_NOTBLOCKING[1]::MSC0813 == 1</Equation>
         <Equation>S_BLOCKING[2]::MSC0813 == 0</Equation>
      </States>
      <Requisites>
         <Equation>PREP_SBC0813[PREP_SBC]::PREP_SBC08==0</Equation>
         <Equation>PREP_SUC0813[PREP_SUC]::PREP_SUC08==0</Equation>
         <Equation>CONF_SBC0813[CONF_SBC]::1</Equation>
         <Equation>CONF_SUC0813[CONF_SUC]::1</Equation>
      </Requisites>
      <CommandResults>
         <Equation>PREP_SBC0813[PREP_SBC_RES]::PREP_SBC08==1</Equation>
         <Equation>PREP_SUC0813[PREP_SUC_RES]::PREP_SUC08==1</Equation>
         <Equation>CONF_SBC0813[CONF_SBC_RES]::MSC0813== 0</Equation>
         <Equation>CONF_SUC0813[CONF_SUC_RES]::MSC0813== 1</Equation>
      </CommandResults>
   </Equipment>
   <Equipment name="S0813" type="Signal" flavor="Automatic" CommandTimeOut="" AlarmTimeout="">
      <States>
         <Equation>1::RL0813_0905_D==0</Equation>
         <Equation>2::S_SEL0813 == 1 &amp;&amp; RL0813_0905_D==0</Equation>
         <Equation>3::RL0813_0905_D==1</Equation>
      </States>
   </Equipment>
   <Equipment name="S0813" type="Signal" flavor="Release" CommandTimeOut="" AlarmTimeout="">
      <States>
         <Equation>1::S_REL0813 == 0 &amp;&amp; (RL0813_0905_D==0)</Equation>
         <Equation>2::S_REL0813 == 0 &amp;&amp; (RL0813_0905_D==1)</Equation>
         <Equation>3::S_REL0813 == 1 &amp;&amp; (RL0813_0905_D==1)</Equation>
      </States>
   </Equipment>
   <Equipment name="S0813" type="Signal" flavor="Lamp" CommandTimeOut="" AlarmTimeout="">
      <States>
         <Equation>1::SPLS0813 == 0</Equation>
         <Equation>2::SPLS0813 == 1</Equation>
      </States>
      <StateAlarms>
         <Equation>S_RED_FAILURE[1]::SPLS0813==0 &amp;&amp; S0813_OFF==0</Equation>
         <Equation>S_WHITE_FAILURE[2]::SPLS0813==0 &amp;&amp; S0813_OFF==1</Equation>
      </StateAlarms>
   </Equipment>
   <Equipment name="S0813" type="Signal" flavor="Fleet">
      <States>
         <Equation>2::AR0813_0905==0</Equation>
         <Equation>3::RL0813_0905_D==1&amp;&amp;AR0813_0905==1</Equation>
      </States>
   </Equipment>
   <Equipment name="S0813" type="Signal" flavor="Detection" CommandTimeOut="" AlarmTimeout="">
      <States>
         <Equation>S_STOP[0]::S0813_OFF == 0</Equation>
         <Equation>S_PERMISSIVE[1]::S0813_OFF == 1</Equation>
      </States>
   </Equipment>
   <Equipment name="S0813" type="Signal" flavor="HMI" CommandTimeOut="" AlarmTimeout="">
      <States>
         <Equation>NOEVENT[0]:: 1==1</Equation>
      </States>
   </Equipment>
   <Equipment name="S0817" type="Signal" flavor="Lamp" CommandTimeOut="" AlarmTimeout="">
      <States>
         <Equation>1::SPLS0817 == 0</Equation>
         <Equation>2::SPLS0817 == 1</Equation>
      </States>
      <StateAlarms>
         <Equation>S_RED_FAILURE[1]::SPLS0817==0 &amp;&amp; S0817_OFF==0</Equation>
         <Equation>S_WHITE_FAILURE[2]::SPLS0817==0 &amp;&amp; S0817_OFF==1</Equation>
      </StateAlarms>
   </Equipment>
   <Equipment name="S0803" type="Signal" flavor="Lamp" CommandTimeOut="" AlarmTimeout="">
      <States>
         <Equation>1::SPLS0803 == 0</Equation>
         <Equation>2::SPLS0803 == 1</Equation>
      </States>
      <StateAlarms>
         <Equation>S_RED_FAILURE[1]::SPLS0803==0 &amp;&amp; S0803_OFF==0</Equation>
         <Equation>S_WHITE_FAILURE[2]::SPLS0803==0 &amp;&amp; S0803_OFF==1</Equation>
      </StateAlarms>
   </Equipment>
   <Equipment name="S0803" type="Signal" flavor="Detection" CommandTimeOut="" AlarmTimeout="">
      <States>
         <Equation>S_STOP[0]::S0803_OFF == 0</Equation>
         <Equation>S_PERMISSIVE[1]::S0803_OFF == 1</Equation>
      </States>
   </Equipment>
   <Equipment name="S0803" type="Signal" flavor="HMI" CommandTimeOut="" AlarmTimeout="">
      <States>
         <Equation>NOEVENT[0]:: 1==1</Equation>
      </States>
   </Equipment>
   <Equipment name="S0807" type="Signal" flavor="Lamp" CommandTimeOut="" AlarmTimeout="">
      <States>
         <Equation>1::SPLS0807 == 0</Equation>
         <Equation>2::SPLS0807 == 1</Equation>
      </States>
      <StateAlarms>
         <Equation>S_RED_FAILURE[1]::SPLS0807==0 &amp;&amp; S0807_OFF==0</Equation>
         <Equation>S_WHITE_FAILURE[2]::SPLS0807==0 &amp;&amp; S0807_OFF==1</Equation>
      </StateAlarms>
   </Equipment>
   <Equipment name="S0807" type="Signal" flavor="Detection" CommandTimeOut="" AlarmTimeout="">
      <States>
         <Equation>S_STOP[0]::S0807_OFF == 0</Equation>
         <Equation>S_PERMISSIVE[1]::S0807_OFF == 1</Equation>
      </States>
   </Equipment>
   <Equipment name="S0807" type="Signal" flavor="HMI" CommandTimeOut="" AlarmTimeout="">
      <States>
         <Equation>NOEVENT[0]:: 1==1</Equation>
      </States>
   </Equipment>
   <Equipment name="S0811" type="Signal" flavor="Detection" CommandTimeOut="" AlarmTimeout="">
      <States>
         <Equation>S_STOP[0]::S0811_OFF == 0</Equation>
         <Equation>S_PERMISSIVE[1]::S0811_OFF == 1</Equation>
      </States>
   </Equipment>
   <Equipment name="S0811" type="Signal" flavor="ALS" CommandTimeOut="" AlarmTimeout="">
      <States>
         <Equation>S_APPROACH_FREE[1]::ALS0811 == 1</Equation>
         <Equation>S_APPROACH_LOCKED[2]::ALS0811 == 0</Equation>
         <Equation>NOEVENT[0]::1 == 1</Equation>
      </States>
   </Equipment>
   <Equipment name="S0811" type="Signal" flavor="HMI" CommandTimeOut="" AlarmTimeout="">
      <States>
         <Equation>1::S0811_OFF == 1 &amp;&amp; ALS0811 ==1</Equation>
         <Equation>2::S0811_OFF == 0 &amp;&amp; ALS0811 ==1</Equation>
         <Equation>3::S0811_OFF == 0 &amp;&amp; ALS0811 == 0</Equation>
         <Equation>4::S0811_OFF == 1 &amp;&amp; ALS0811 == 0</Equation>
         <Equation>0::1==1</Equation>
      </States>
   </Equipment>
   <Equipment name="S0811" type="Signal" flavor="Blocking" CommandTimeOut="" AlarmTimeout="">
      <States>
         <Equation>S_NOTBLOCKING[1]::MSC0811 == 1</Equation>
         <Equation>S_BLOCKING[2]::MSC0811 == 0</Equation>
      </States>
      <Requisites>
         <Equation>PREP_SBC0811[PREP_SBC]::PREP_SBC08==0</Equation>
         <Equation>PREP_SUC0811[PREP_SUC]::PREP_SUC08==0</Equation>
         <Equation>CONF_SBC0811[CONF_SBC]::1</Equation>
         <Equation>CONF_SUC0811[CONF_SUC]::1</Equation>
      </Requisites>
      <CommandResults>
         <Equation>PREP_SBC0811[PREP_SBC_RES]::PREP_SBC08==1</Equation>
         <Equation>PREP_SUC0811[PREP_SUC_RES]::PREP_SUC08==1</Equation>
         <Equation>CONF_SBC0811[CONF_SBC_RES]::MSC0811== 0</Equation>
         <Equation>CONF_SUC0811[CONF_SUC_RES]::MSC0811== 1</Equation>
      </CommandResults>
   </Equipment>
   <Equipment name="S0811" type="Signal" flavor="Automatic" CommandTimeOut="" AlarmTimeout="">
      <States>
         <Equation>1::RL0811_0813_D==0 &amp;&amp; RL0811_0907_D==0</Equation>
         <Equation>2::S_SEL0811 == 1 &amp;&amp; RL0811_0813_D==0 &amp;&amp; RL0811_0907_D==0</Equation>
         <Equation>3::RL0811_0813_D==1 || RL0811_0907_D==1</Equation>
      </States>
   </Equipment>
   <Equipment name="S0811" type="Signal" flavor="Release" CommandTimeOut="" AlarmTimeout="">
      <States>
         <Equation>1::S_REL0811 == 0 &amp;&amp; (RL0811_0813_D==0 &amp;&amp; RL0811_0907_D==0)</Equation>
         <Equation>2::S_REL0811 == 0 &amp;&amp; (RL0811_0813_D==1 || RL0811_0907_D==1)</Equation>
         <Equation>3::S_REL0811 == 1 &amp;&amp; (RL0811_0813_D==1 || RL0811_0907_D==1)</Equation>
      </States>
   </Equipment>
   <Equipment name="S0811" type="Signal" flavor="Lamp" CommandTimeOut="" AlarmTimeout="">
      <States>
         <Equation>1::SPLS0811 == 0</Equation>
         <Equation>2::SPLS0811 == 1</Equation>
      </States>
      <StateAlarms>
         <Equation>S_RED_FAILURE[1]::SPLS0811==0 &amp;&amp; S0811_OFF==0</Equation>
         <Equation>S_WHITE_FAILURE[2]::SPLS0811==0 &amp;&amp; S0811_OFF==1</Equation>
      </StateAlarms>
   </Equipment>
   <Equipment name="S0811" type="Signal" flavor="Detection" CommandTimeOut="" AlarmTimeout="">
      <States>
         <Equation>S_STOP[0]::S0811_OFF == 0</Equation>
         <Equation>S_PERMISSIVE[1]::S0811_OFF == 1</Equation>
      </States>
   </Equipment>
   <Equipment name="S0811" type="Signal" flavor="HMI" CommandTimeOut="" AlarmTimeout="">
      <States>
         <Equation>NOEVENT[0]:: 1==1</Equation>
      </States>
   </Equipment>
   <Equipment name="S0815" type="Signal" flavor="Lamp" CommandTimeOut="" AlarmTimeout="">
      <States>
         <Equation>1::SPLS0815 == 0</Equation>
         <Equation>2::SPLS0815 == 1</Equation>
      </States>
      <StateAlarms>
         <Equation>S_RED_FAILURE[1]::SPLS0815==0 &amp;&amp; S0815_OFF==0</Equation>
         <Equation>S_WHITE_FAILURE[2]::SPLS0815==0 &amp;&amp; S0815_OFF==1</Equation>
      </StateAlarms>
   </Equipment>
</SignallingRules>