<?xml version="1.0" encoding="UTF-8"?>
<SignallingRules xmlns:xsi="http://www.w3.org/2001/XMLSchema-instance"
                 xmlns:sys="http://www.systerel.fr/Alstom/IDP"
                 Project="CCL"
                 Generation_Date="XXXX-XX-XX"
                 xsi:noNamespaceSchemaLocation="SigRules.xsd">
   <Versions>
         <Version Name="ICONIS_IDP#SyAD_Configuration-CCL"
               Value="830F-ATS-0895_1E &amp; 830F-ATS-0402-1G"/>
         <Version Name="ICONIS_IDP#Product_Version" Value="SW_IDP_CCL_1.6.6"/>
         <Version Name="Project#System_Database_Version" Value="1.0.0"/>
         <Version Name="Project#ATS_Parameter_Version" Value=""/>
      </Versions>
   <Equipment name="S0302" type="Signal" flavor="Detection" CommandTimeOut="" AlarmTimeout="">
      <States>
         <Equation>S_STOP[0]::S0302_OFF == 0</Equation>
         <Equation>S_PERMISSIVE[1]::S0302_OFF == 1</Equation>
      </States>
   </Equipment>
   <Equipment name="S0302" type="Signal" flavor="ALS" CommandTimeOut="" AlarmTimeout="">
      <States>
         <Equation>S_APPROACH_FREE[1]::ALS0302 == 1</Equation>
         <Equation>S_APPROACH_LOCKED[2]::ALS0302 == 0</Equation>
         <Equation>NOEVENT[0]::1 == 1</Equation>
      </States>
   </Equipment>
   <Equipment name="S0302" type="Signal" flavor="HMI" CommandTimeOut="" AlarmTimeout="">
      <States>
         <Equation>1::S0302_OFF == 1 &amp;&amp; ALS0302 ==1</Equation>
         <Equation>2::S0302_OFF == 0 &amp;&amp; ALS0302 ==1</Equation>
         <Equation>3::S0302_OFF == 0 &amp;&amp; ALS0302 == 0</Equation>
         <Equation>4::S0302_OFF == 1 &amp;&amp; ALS0302 == 0</Equation>
         <Equation>0::1==1</Equation>
      </States>
   </Equipment>
   <Equipment name="S0302" type="Signal" flavor="Blocking" CommandTimeOut="" AlarmTimeout="">
      <States>
         <Equation>S_NOTBLOCKING[1]::MSC0302 == 1</Equation>
         <Equation>S_BLOCKING[2]::MSC0302 == 0</Equation>
      </States>
      <Requisites>
         <Equation>PREP_SBC0302[PREP_SBC]::PREP_SBC03==0</Equation>
         <Equation>PREP_SUC0302[PREP_SUC]::PREP_SUC03==0</Equation>
         <Equation>CONF_SBC0302[CONF_SBC]::1</Equation>
         <Equation>CONF_SUC0302[CONF_SUC]::1</Equation>
      </Requisites>
      <CommandResults>
         <Equation>PREP_SBC0302[PREP_SBC_RES]::PREP_SBC03==1</Equation>
         <Equation>PREP_SUC0302[PREP_SUC_RES]::PREP_SUC03==1</Equation>
         <Equation>CONF_SBC0302[CONF_SBC_RES]::MSC0302== 0</Equation>
         <Equation>CONF_SUC0302[CONF_SUC_RES]::MSC0302== 1</Equation>
      </CommandResults>
   </Equipment>
   <Equipment name="S0302" type="Signal" flavor="Automatic" CommandTimeOut="" AlarmTimeout="">
      <States>
         <Equation>1::RL0302_0212_D==0</Equation>
         <Equation>2::S_SEL0302 == 1 &amp;&amp; RL0302_0212_D==0</Equation>
         <Equation>3::RL0302_0212_D==1</Equation>
      </States>
   </Equipment>
   <Equipment name="S0302" type="Signal" flavor="Release" CommandTimeOut="" AlarmTimeout="">
      <States>
         <Equation>1::S_REL0302 == 0 &amp;&amp; (RL0302_0212_D==0)</Equation>
         <Equation>2::S_REL0302 == 0 &amp;&amp; (RL0302_0212_D==1)</Equation>
         <Equation>3::S_REL0302 == 1 &amp;&amp; (RL0302_0212_D==1)</Equation>
      </States>
   </Equipment>
   <Equipment name="S0302" type="Signal" flavor="Lamp" CommandTimeOut="" AlarmTimeout="">
      <States>
         <Equation>1::SPLS0302 == 0</Equation>
         <Equation>2::SPLS0302 == 1</Equation>
      </States>
      <StateAlarms>
         <Equation>S_RED_FAILURE[1]::SPLS0302==0 &amp;&amp; S0302_OFF==0</Equation>
         <Equation>S_WHITE_FAILURE[2]::SPLS0302==0 &amp;&amp; S0302_OFF==1</Equation>
      </StateAlarms>
   </Equipment>
   <Equipment name="S0302" type="Signal" flavor="Detection" CommandTimeOut="" AlarmTimeout="">
      <States>
         <Equation>S_STOP[0]::S0302_OFF == 0</Equation>
         <Equation>S_PERMISSIVE[1]::S0302_OFF == 1</Equation>
      </States>
   </Equipment>
   <Equipment name="S0302" type="Signal" flavor="HMI" CommandTimeOut="" AlarmTimeout="">
      <States>
         <Equation>NOEVENT[0]:: 1==1</Equation>
      </States>
   </Equipment>
   <Equipment name="S0306" type="Signal" flavor="Lamp" CommandTimeOut="" AlarmTimeout="">
      <States>
         <Equation>1::SPLS0306 == 0</Equation>
         <Equation>2::SPLS0306 == 1</Equation>
      </States>
      <StateAlarms>
         <Equation>S_RED_FAILURE[1]::SPLS0306==0 &amp;&amp; S0306_OFF==0</Equation>
         <Equation>S_WHITE_FAILURE[2]::SPLS0306==0 &amp;&amp; S0306_OFF==1</Equation>
      </StateAlarms>
   </Equipment>
   <Equipment name="S0306" type="Signal" flavor="Detection" CommandTimeOut="" AlarmTimeout="">
      <States>
         <Equation>S_STOP[0]::S0306_OFF == 0</Equation>
         <Equation>S_PERMISSIVE[1]::S0306_OFF == 1</Equation>
      </States>
   </Equipment>
   <Equipment name="S0306" type="Signal" flavor="HMI" CommandTimeOut="" AlarmTimeout="">
      <States>
         <Equation>NOEVENT[0]:: 1==1</Equation>
      </States>
   </Equipment>
   <Equipment name="S0310" type="Signal" flavor="Lamp" CommandTimeOut="" AlarmTimeout="">
      <States>
         <Equation>1::SPLS0310 == 0</Equation>
         <Equation>2::SPLS0310 == 1</Equation>
      </States>
      <StateAlarms>
         <Equation>S_RED_FAILURE[1]::SPLS0310==0 &amp;&amp; S0310_OFF==0</Equation>
         <Equation>S_WHITE_FAILURE[2]::SPLS0310==0 &amp;&amp; S0310_OFF==1</Equation>
      </StateAlarms>
   </Equipment>
   <Equipment name="S0310" type="Signal" flavor="Detection" CommandTimeOut="" AlarmTimeout="">
      <States>
         <Equation>S_STOP[0]::S0310_OFF == 0</Equation>
         <Equation>S_PERMISSIVE[1]::S0310_OFF == 1</Equation>
      </States>
   </Equipment>
   <Equipment name="S0310" type="Signal" flavor="HMI" CommandTimeOut="" AlarmTimeout="">
      <States>
         <Equation>NOEVENT[0]:: 1==1</Equation>
      </States>
   </Equipment>
   <Equipment name="S0314" type="Signal" flavor="Lamp" CommandTimeOut="" AlarmTimeout="">
      <States>
         <Equation>1::SPLS0314 == 0</Equation>
         <Equation>2::SPLS0314 == 1</Equation>
      </States>
      <StateAlarms>
         <Equation>S_RED_FAILURE[1]::SPLS0314==0 &amp;&amp; S0314_OFF==0</Equation>
         <Equation>S_WHITE_FAILURE[2]::SPLS0314==0 &amp;&amp; S0314_OFF==1</Equation>
      </StateAlarms>
   </Equipment>
   <Equipment name="S0314" type="Signal" flavor="Detection" CommandTimeOut="" AlarmTimeout="">
      <States>
         <Equation>S_STOP[0]::S0314_OFF == 0</Equation>
         <Equation>S_PERMISSIVE[1]::S0314_OFF == 1</Equation>
      </States>
   </Equipment>
   <Equipment name="S0314" type="Signal" flavor="HMI" CommandTimeOut="" AlarmTimeout="">
      <States>
         <Equation>NOEVENT[0]:: 1==1</Equation>
      </States>
   </Equipment>
   <Equipment name="S0322" type="Signal" flavor="Detection" CommandTimeOut="" AlarmTimeout="">
      <States>
         <Equation>S_STOP[0]::S0322_OFF == 0</Equation>
         <Equation>S_PERMISSIVE[1]::S0322_OFF == 1</Equation>
      </States>
   </Equipment>
   <Equipment name="S0322" type="Signal" flavor="ALS" CommandTimeOut="" AlarmTimeout="">
      <States>
         <Equation>S_APPROACH_FREE[1]::ALS0322 == 1</Equation>
         <Equation>S_APPROACH_LOCKED[2]::ALS0322 == 0</Equation>
         <Equation>NOEVENT[0]::1 == 1</Equation>
      </States>
   </Equipment>
   <Equipment name="S0322" type="Signal" flavor="HMI" CommandTimeOut="" AlarmTimeout="">
      <States>
         <Equation>1::S0322_OFF == 1 &amp;&amp; ALS0322 ==1</Equation>
         <Equation>2::S0322_OFF == 0 &amp;&amp; ALS0322 ==1</Equation>
         <Equation>3::S0322_OFF == 0 &amp;&amp; ALS0322 == 0</Equation>
         <Equation>4::S0322_OFF == 1 &amp;&amp; ALS0322 == 0</Equation>
         <Equation>0::1==1</Equation>
      </States>
   </Equipment>
   <Equipment name="S0322" type="Signal" flavor="Blocking" CommandTimeOut="" AlarmTimeout="">
      <States>
         <Equation>S_NOTBLOCKING[1]::MSC0322 == 1</Equation>
         <Equation>S_BLOCKING[2]::MSC0322 == 0</Equation>
      </States>
      <Requisites>
         <Equation>PREP_SBC0322[PREP_SBC]::PREP_SBC03==0</Equation>
         <Equation>PREP_SUC0322[PREP_SUC]::PREP_SUC03==0</Equation>
         <Equation>CONF_SBC0322[CONF_SBC]::1</Equation>
         <Equation>CONF_SUC0322[CONF_SUC]::1</Equation>
      </Requisites>
      <CommandResults>
         <Equation>PREP_SBC0322[PREP_SBC_RES]::PREP_SBC03==1</Equation>
         <Equation>PREP_SUC0322[PREP_SUC_RES]::PREP_SUC03==1</Equation>
         <Equation>CONF_SBC0322[CONF_SBC_RES]::MSC0322== 0</Equation>
         <Equation>CONF_SUC0322[CONF_SUC_RES]::MSC0322== 1</Equation>
      </CommandResults>
   </Equipment>
   <Equipment name="S0322" type="Signal" flavor="Automatic" CommandTimeOut="" AlarmTimeout="">
      <States>
         <Equation>1::RL0322_0302_D==0 &amp;&amp; RL0322_0318_D==0</Equation>
         <Equation>2::S_SEL0322 == 1 &amp;&amp; RL0322_0302_D==0 &amp;&amp; RL0322_0318_D==0</Equation>
         <Equation>3::RL0322_0302_D==1 || RL0322_0318_D==1</Equation>
      </States>
   </Equipment>
   <Equipment name="S0322" type="Signal" flavor="Release" CommandTimeOut="" AlarmTimeout="">
      <States>
         <Equation>1::S_REL0322 == 0 &amp;&amp; (RL0322_0302_D==0 &amp;&amp; RL0322_0318_D==0)</Equation>
         <Equation>2::S_REL0322 == 0 &amp;&amp; (RL0322_0302_D==1 || RL0322_0318_D==1)</Equation>
         <Equation>3::S_REL0322 == 1 &amp;&amp; (RL0322_0302_D==1 || RL0322_0318_D==1)</Equation>
      </States>
   </Equipment>
   <Equipment name="S0322" type="Signal" flavor="Lamp" CommandTimeOut="" AlarmTimeout="">
      <States>
         <Equation>1::SPLS0322 == 0</Equation>
         <Equation>2::SPLS0322 == 1</Equation>
      </States>
      <StateAlarms>
         <Equation>S_RED_FAILURE[1]::SPLS0322==0 &amp;&amp; S0322_OFF==0</Equation>
         <Equation>S_WHITE_FAILURE[2]::SPLS0322==0 &amp;&amp; S0322_OFF==1</Equation>
      </StateAlarms>
   </Equipment>
   <Equipment name="S0322" type="Signal" flavor="Detection" CommandTimeOut="" AlarmTimeout="">
      <States>
         <Equation>S_STOP[0]::S0322_OFF == 0</Equation>
         <Equation>S_PERMISSIVE[1]::S0322_OFF == 1</Equation>
      </States>
   </Equipment>
   <Equipment name="S0322" type="Signal" flavor="HMI" CommandTimeOut="" AlarmTimeout="">
      <States>
         <Equation>NOEVENT[0]:: 1==1</Equation>
      </States>
   </Equipment>
   <Equipment name="S0300" type="Signal" flavor="Detection" CommandTimeOut="" AlarmTimeout="">
      <States>
         <Equation>S_STOP[0]::S0300_OFF == 0</Equation>
         <Equation>S_PERMISSIVE[1]::S0300_OFF == 1</Equation>
      </States>
   </Equipment>
   <Equipment name="S0300" type="Signal" flavor="ALS" CommandTimeOut="" AlarmTimeout="">
      <States>
         <Equation>S_APPROACH_FREE[1]::ALS0300 == 1</Equation>
         <Equation>S_APPROACH_LOCKED[2]::ALS0300 == 0</Equation>
         <Equation>NOEVENT[0]::1 == 1</Equation>
      </States>
   </Equipment>
   <Equipment name="S0300" type="Signal" flavor="HMI" CommandTimeOut="" AlarmTimeout="">
      <States>
         <Equation>1::S0300_OFF == 1 &amp;&amp; ALS0300 ==1</Equation>
         <Equation>2::S0300_OFF == 0 &amp;&amp; ALS0300 ==1</Equation>
         <Equation>3::S0300_OFF == 0 &amp;&amp; ALS0300 == 0</Equation>
         <Equation>4::S0300_OFF == 1 &amp;&amp; ALS0300 == 0</Equation>
         <Equation>0::1==1</Equation>
      </States>
   </Equipment>
   <Equipment name="S0300" type="Signal" flavor="Blocking" CommandTimeOut="" AlarmTimeout="">
      <States>
         <Equation>S_NOTBLOCKING[1]::MSC0300 == 1</Equation>
         <Equation>S_BLOCKING[2]::MSC0300 == 0</Equation>
      </States>
      <Requisites>
         <Equation>PREP_SBC0300[PREP_SBC]::PREP_SBC03==0</Equation>
         <Equation>PREP_SUC0300[PREP_SUC]::PREP_SUC03==0</Equation>
         <Equation>CONF_SBC0300[CONF_SBC]::1</Equation>
         <Equation>CONF_SUC0300[CONF_SUC]::1</Equation>
      </Requisites>
      <CommandResults>
         <Equation>PREP_SBC0300[PREP_SBC_RES]::PREP_SBC03==1</Equation>
         <Equation>PREP_SUC0300[PREP_SUC_RES]::PREP_SUC03==1</Equation>
         <Equation>CONF_SBC0300[CONF_SBC_RES]::MSC0300== 0</Equation>
         <Equation>CONF_SUC0300[CONF_SUC_RES]::MSC0300== 1</Equation>
      </CommandResults>
   </Equipment>
   <Equipment name="S0300" type="Signal" flavor="Automatic" CommandTimeOut="" AlarmTimeout="">
      <States>
         <Equation>1::RL0300_0210_D==0</Equation>
         <Equation>2::S_SEL0300 == 1 &amp;&amp; RL0300_0210_D==0</Equation>
         <Equation>3::RL0300_0210_D==1</Equation>
      </States>
   </Equipment>
   <Equipment name="S0300" type="Signal" flavor="Release" CommandTimeOut="" AlarmTimeout="">
      <States>
         <Equation>1::S_REL0300 == 0 &amp;&amp; (RL0300_0210_D==0)</Equation>
         <Equation>2::S_REL0300 == 0 &amp;&amp; (RL0300_0210_D==1)</Equation>
         <Equation>3::S_REL0300 == 1 &amp;&amp; (RL0300_0210_D==1)</Equation>
      </States>
   </Equipment>
   <Equipment name="S0300" type="Signal" flavor="Lamp" CommandTimeOut="" AlarmTimeout="">
      <States>
         <Equation>1::SPLS0300 == 0</Equation>
         <Equation>2::SPLS0300 == 1</Equation>
      </States>
      <StateAlarms>
         <Equation>S_RED_FAILURE[1]::SPLS0300==0 &amp;&amp; S0300_OFF==0</Equation>
         <Equation>S_WHITE_FAILURE[2]::SPLS0300==0 &amp;&amp; S0300_OFF==1</Equation>
      </StateAlarms>
   </Equipment>
   <Equipment name="S0300" type="Signal" flavor="Fleet">
      <States>
         <Equation>2::AR0300_0210==0</Equation>
         <Equation>3::RL0300_0210_D==1&amp;&amp;AR0300_0210==1</Equation>
      </States>
   </Equipment>
   <Equipment name="S0300" type="Signal" flavor="Detection" CommandTimeOut="" AlarmTimeout="">
      <States>
         <Equation>S_STOP[0]::S0300_OFF == 0</Equation>
         <Equation>S_PERMISSIVE[1]::S0300_OFF == 1</Equation>
      </States>
   </Equipment>
   <Equipment name="S0300" type="Signal" flavor="HMI" CommandTimeOut="" AlarmTimeout="">
      <States>
         <Equation>NOEVENT[0]:: 1==1</Equation>
      </States>
   </Equipment>
   <Equipment name="S0304" type="Signal" flavor="Lamp" CommandTimeOut="" AlarmTimeout="">
      <States>
         <Equation>1::SPLS0304 == 0</Equation>
         <Equation>2::SPLS0304 == 1</Equation>
      </States>
      <StateAlarms>
         <Equation>S_RED_FAILURE[1]::SPLS0304==0 &amp;&amp; S0304_OFF==0</Equation>
         <Equation>S_WHITE_FAILURE[2]::SPLS0304==0 &amp;&amp; S0304_OFF==1</Equation>
      </StateAlarms>
   </Equipment>
   <Equipment name="S0304" type="Signal" flavor="Detection" CommandTimeOut="" AlarmTimeout="">
      <States>
         <Equation>S_STOP[0]::S0304_OFF == 0</Equation>
         <Equation>S_PERMISSIVE[1]::S0304_OFF == 1</Equation>
      </States>
   </Equipment>
   <Equipment name="S0304" type="Signal" flavor="HMI" CommandTimeOut="" AlarmTimeout="">
      <States>
         <Equation>NOEVENT[0]:: 1==1</Equation>
      </States>
   </Equipment>
   <Equipment name="S0308" type="Signal" flavor="Lamp" CommandTimeOut="" AlarmTimeout="">
      <States>
         <Equation>1::SPLS0308 == 0</Equation>
         <Equation>2::SPLS0308 == 1</Equation>
      </States>
      <StateAlarms>
         <Equation>S_RED_FAILURE[1]::SPLS0308==0 &amp;&amp; S0308_OFF==0</Equation>
         <Equation>S_WHITE_FAILURE[2]::SPLS0308==0 &amp;&amp; S0308_OFF==1</Equation>
      </StateAlarms>
   </Equipment>
   <Equipment name="S0308" type="Signal" flavor="Detection" CommandTimeOut="" AlarmTimeout="">
      <States>
         <Equation>S_STOP[0]::S0308_OFF == 0</Equation>
         <Equation>S_PERMISSIVE[1]::S0308_OFF == 1</Equation>
      </States>
   </Equipment>
   <Equipment name="S0308" type="Signal" flavor="HMI" CommandTimeOut="" AlarmTimeout="">
      <States>
         <Equation>NOEVENT[0]:: 1==1</Equation>
      </States>
   </Equipment>
   <Equipment name="S0312" type="Signal" flavor="Lamp" CommandTimeOut="" AlarmTimeout="">
      <States>
         <Equation>1::SPLS0312 == 0</Equation>
         <Equation>2::SPLS0312 == 1</Equation>
      </States>
      <StateAlarms>
         <Equation>S_RED_FAILURE[1]::SPLS0312==0 &amp;&amp; S0312_OFF==0</Equation>
         <Equation>S_WHITE_FAILURE[2]::SPLS0312==0 &amp;&amp; S0312_OFF==1</Equation>
      </StateAlarms>
   </Equipment>
   <Equipment name="S0312" type="Signal" flavor="Detection" CommandTimeOut="" AlarmTimeout="">
      <States>
         <Equation>S_STOP[0]::S0312_OFF == 0</Equation>
         <Equation>S_PERMISSIVE[1]::S0312_OFF == 1</Equation>
      </States>
   </Equipment>
   <Equipment name="S0312" type="Signal" flavor="HMI" CommandTimeOut="" AlarmTimeout="">
      <States>
         <Equation>NOEVENT[0]:: 1==1</Equation>
      </States>
   </Equipment>
   <Equipment name="S0320" type="Signal" flavor="Detection" CommandTimeOut="" AlarmTimeout="">
      <States>
         <Equation>S_STOP[0]::S0320_OFF == 0</Equation>
         <Equation>S_PERMISSIVE[1]::S0320_OFF == 1</Equation>
      </States>
   </Equipment>
   <Equipment name="S0320" type="Signal" flavor="ALS" CommandTimeOut="" AlarmTimeout="">
      <States>
         <Equation>S_APPROACH_FREE[1]::ALS0320 == 1</Equation>
         <Equation>S_APPROACH_LOCKED[2]::ALS0320 == 0</Equation>
         <Equation>NOEVENT[0]::1 == 1</Equation>
      </States>
   </Equipment>
   <Equipment name="S0320" type="Signal" flavor="HMI" CommandTimeOut="" AlarmTimeout="">
      <States>
         <Equation>1::S0320_OFF == 1 &amp;&amp; ALS0320 ==1</Equation>
         <Equation>2::S0320_OFF == 0 &amp;&amp; ALS0320 ==1</Equation>
         <Equation>3::S0320_OFF == 0 &amp;&amp; ALS0320 == 0</Equation>
         <Equation>4::S0320_OFF == 1 &amp;&amp; ALS0320 == 0</Equation>
         <Equation>0::1==1</Equation>
      </States>
   </Equipment>
   <Equipment name="S0320" type="Signal" flavor="Blocking" CommandTimeOut="" AlarmTimeout="">
      <States>
         <Equation>S_NOTBLOCKING[1]::MSC0320 == 1</Equation>
         <Equation>S_BLOCKING[2]::MSC0320 == 0</Equation>
      </States>
      <Requisites>
         <Equation>PREP_SBC0320[PREP_SBC]::PREP_SBC03==0</Equation>
         <Equation>PREP_SUC0320[PREP_SUC]::PREP_SUC03==0</Equation>
         <Equation>CONF_SBC0320[CONF_SBC]::1</Equation>
         <Equation>CONF_SUC0320[CONF_SUC]::1</Equation>
      </Requisites>
      <CommandResults>
         <Equation>PREP_SBC0320[PREP_SBC_RES]::PREP_SBC03==1</Equation>
         <Equation>PREP_SUC0320[PREP_SUC_RES]::PREP_SUC03==1</Equation>
         <Equation>CONF_SBC0320[CONF_SBC_RES]::MSC0320== 0</Equation>
         <Equation>CONF_SUC0320[CONF_SUC_RES]::MSC0320== 1</Equation>
      </CommandResults>
   </Equipment>
   <Equipment name="S0320" type="Signal" flavor="Automatic" CommandTimeOut="" AlarmTimeout="">
      <States>
         <Equation>1::RL0320_0300_D==0 &amp;&amp; RL0320_0318_D==0</Equation>
         <Equation>2::S_SEL0320 == 1 &amp;&amp; RL0320_0300_D==0 &amp;&amp; RL0320_0318_D==0</Equation>
         <Equation>3::RL0320_0300_D==1 || RL0320_0318_D==1</Equation>
      </States>
   </Equipment>
   <Equipment name="S0320" type="Signal" flavor="Release" CommandTimeOut="" AlarmTimeout="">
      <States>
         <Equation>1::S_REL0320 == 0 &amp;&amp; (RL0320_0300_D==0 &amp;&amp; RL0320_0318_D==0)</Equation>
         <Equation>2::S_REL0320 == 0 &amp;&amp; (RL0320_0300_D==1 || RL0320_0318_D==1)</Equation>
         <Equation>3::S_REL0320 == 1 &amp;&amp; (RL0320_0300_D==1 || RL0320_0318_D==1)</Equation>
      </States>
   </Equipment>
   <Equipment name="S0320" type="Signal" flavor="Lamp" CommandTimeOut="" AlarmTimeout="">
      <States>
         <Equation>1::SPLS0320 == 0</Equation>
         <Equation>2::SPLS0320 == 1</Equation>
      </States>
      <StateAlarms>
         <Equation>S_RED_FAILURE[1]::SPLS0320==0 &amp;&amp; S0320_OFF==0</Equation>
         <Equation>S_WHITE_FAILURE[2]::SPLS0320==0 &amp;&amp; S0320_OFF==1</Equation>
      </StateAlarms>
   </Equipment>
   <Equipment name="S0320" type="Signal" flavor="Fleet">
      <States>
         <Equation>2::AR0320_0300==0</Equation>
         <Equation>3::RL0320_0300_D==1&amp;&amp;AR0320_0300==1</Equation>
      </States>
   </Equipment>
   <Equipment name="S0320" type="Signal" flavor="Detection" CommandTimeOut="" AlarmTimeout="">
      <States>
         <Equation>S_STOP[0]::S0320_OFF == 0</Equation>
         <Equation>S_PERMISSIVE[1]::S0320_OFF == 1</Equation>
      </States>
   </Equipment>
   <Equipment name="S0320" type="Signal" flavor="HMI" CommandTimeOut="" AlarmTimeout="">
      <States>
         <Equation>NOEVENT[0]:: 1==1</Equation>
      </States>
   </Equipment>
   <Equipment name="S0316" type="Signal" flavor="Lamp" CommandTimeOut="" AlarmTimeout="">
      <States>
         <Equation>1::SPLS0316 == 0</Equation>
         <Equation>2::SPLS0316 == 1</Equation>
      </States>
      <StateAlarms>
         <Equation>S_RED_FAILURE[1]::SPLS0316==0 &amp;&amp; S0316_OFF==0</Equation>
         <Equation>S_WHITE_FAILURE[2]::SPLS0316==0 &amp;&amp; S0316_OFF==1</Equation>
      </StateAlarms>
   </Equipment>
   <Equipment name="S0318" type="Signal" flavor="Detection" CommandTimeOut="" AlarmTimeout="">
      <States>
         <Equation>S_STOP[0]::S0318_OFF == 0</Equation>
         <Equation>S_PERMISSIVE[1]::S0318_OFF == 1</Equation>
      </States>
   </Equipment>
   <Equipment name="S0318" type="Signal" flavor="ALS" CommandTimeOut="" AlarmTimeout="">
      <States>
         <Equation>S_APPROACH_FREE[1]::ALS0318 == 1</Equation>
         <Equation>S_APPROACH_LOCKED[2]::ALS0318 == 0</Equation>
         <Equation>NOEVENT[0]::1 == 1</Equation>
      </States>
   </Equipment>
   <Equipment name="S0318" type="Signal" flavor="HMI" CommandTimeOut="" AlarmTimeout="">
      <States>
         <Equation>1::S0318_OFF == 1 &amp;&amp; ALS0318 ==1</Equation>
         <Equation>2::S0318_OFF == 0 &amp;&amp; ALS0318 ==1</Equation>
         <Equation>3::S0318_OFF == 0 &amp;&amp; ALS0318 == 0</Equation>
         <Equation>4::S0318_OFF == 1 &amp;&amp; ALS0318 == 0</Equation>
         <Equation>0::1==1</Equation>
      </States>
   </Equipment>
   <Equipment name="S0318" type="Signal" flavor="Blocking" CommandTimeOut="" AlarmTimeout="">
      <States>
         <Equation>S_NOTBLOCKING[1]::MSC0318 == 1</Equation>
         <Equation>S_BLOCKING[2]::MSC0318 == 0</Equation>
      </States>
      <Requisites>
         <Equation>PREP_SBC0318[PREP_SBC]::PREP_SBC03==0</Equation>
         <Equation>PREP_SUC0318[PREP_SUC]::PREP_SUC03==0</Equation>
         <Equation>CONF_SBC0318[CONF_SBC]::1</Equation>
         <Equation>CONF_SUC0318[CONF_SUC]::1</Equation>
      </Requisites>
      <CommandResults>
         <Equation>PREP_SBC0318[PREP_SBC_RES]::PREP_SBC03==1</Equation>
         <Equation>PREP_SUC0318[PREP_SUC_RES]::PREP_SUC03==1</Equation>
         <Equation>CONF_SBC0318[CONF_SBC_RES]::MSC0318== 0</Equation>
         <Equation>CONF_SUC0318[CONF_SUC_RES]::MSC0318== 1</Equation>
      </CommandResults>
   </Equipment>
   <Equipment name="S0318" type="Signal" flavor="Automatic" CommandTimeOut="" AlarmTimeout="">
      <States>
         <Equation>1::RL0318_0316_D==0</Equation>
         <Equation>2::S_SEL0318 == 1 &amp;&amp; RL0318_0316_D==0</Equation>
         <Equation>3::RL0318_0316_D==1</Equation>
      </States>
   </Equipment>
   <Equipment name="S0318" type="Signal" flavor="Release" CommandTimeOut="" AlarmTimeout="">
      <States>
         <Equation>1::S_REL0318 == 0 &amp;&amp; (RL0318_0316_D==0)</Equation>
         <Equation>2::S_REL0318 == 0 &amp;&amp; (RL0318_0316_D==1)</Equation>
         <Equation>3::S_REL0318 == 1 &amp;&amp; (RL0318_0316_D==1)</Equation>
      </States>
   </Equipment>
   <Equipment name="S0318" type="Signal" flavor="Lamp" CommandTimeOut="" AlarmTimeout="">
      <States>
         <Equation>1::SPLS0318 == 0</Equation>
         <Equation>2::SPLS0318 == 1</Equation>
      </States>
      <StateAlarms>
         <Equation>S_RED_FAILURE[1]::SPLS0318==0 &amp;&amp; S0318_OFF==0</Equation>
         <Equation>S_WHITE_FAILURE[2]::SPLS0318==0 &amp;&amp; S0318_OFF==1</Equation>
      </StateAlarms>
   </Equipment>
   <Equipment name="S0318" type="Signal" flavor="Detection" CommandTimeOut="" AlarmTimeout="">
      <States>
         <Equation>S_STOP[0]::S0318_OFF == 0</Equation>
         <Equation>S_PERMISSIVE[1]::S0318_OFF == 1</Equation>
      </States>
   </Equipment>
   <Equipment name="S0318" type="Signal" flavor="HMI" CommandTimeOut="" AlarmTimeout="">
      <States>
         <Equation>NOEVENT[0]:: 1==1</Equation>
      </States>
   </Equipment>
   <Equipment name="S0301" type="Signal" flavor="Lamp" CommandTimeOut="" AlarmTimeout="">
      <States>
         <Equation>1::SPLS0301 == 0</Equation>
         <Equation>2::SPLS0301 == 1</Equation>
      </States>
      <StateAlarms>
         <Equation>S_RED_FAILURE[1]::SPLS0301==0 &amp;&amp; S0301_OFF==0</Equation>
         <Equation>S_WHITE_FAILURE[2]::SPLS0301==0 &amp;&amp; S0301_OFF==1</Equation>
      </StateAlarms>
   </Equipment>
   <Equipment name="S0301" type="Signal" flavor="Detection" CommandTimeOut="" AlarmTimeout="">
      <States>
         <Equation>S_STOP[0]::S0301_OFF == 0</Equation>
         <Equation>S_PERMISSIVE[1]::S0301_OFF == 1</Equation>
      </States>
   </Equipment>
   <Equipment name="S0301" type="Signal" flavor="HMI" CommandTimeOut="" AlarmTimeout="">
      <States>
         <Equation>NOEVENT[0]:: 1==1</Equation>
      </States>
   </Equipment>
   <Equipment name="S0305" type="Signal" flavor="Detection" CommandTimeOut="" AlarmTimeout="">
      <States>
         <Equation>S_STOP[0]::S0305_OFF == 0</Equation>
         <Equation>S_PERMISSIVE[1]::S0305_OFF == 1</Equation>
      </States>
   </Equipment>
   <Equipment name="S0305" type="Signal" flavor="ALS" CommandTimeOut="" AlarmTimeout="">
      <States>
         <Equation>S_APPROACH_FREE[1]::ALS0305 == 1</Equation>
         <Equation>S_APPROACH_LOCKED[2]::ALS0305 == 0</Equation>
         <Equation>NOEVENT[0]::1 == 1</Equation>
      </States>
   </Equipment>
   <Equipment name="S0305" type="Signal" flavor="HMI" CommandTimeOut="" AlarmTimeout="">
      <States>
         <Equation>1::S0305_OFF == 1 &amp;&amp; ALS0305 ==1</Equation>
         <Equation>2::S0305_OFF == 0 &amp;&amp; ALS0305 ==1</Equation>
         <Equation>3::S0305_OFF == 0 &amp;&amp; ALS0305 == 0</Equation>
         <Equation>4::S0305_OFF == 1 &amp;&amp; ALS0305 == 0</Equation>
         <Equation>0::1==1</Equation>
      </States>
   </Equipment>
   <Equipment name="S0305" type="Signal" flavor="Blocking" CommandTimeOut="" AlarmTimeout="">
      <States>
         <Equation>S_NOTBLOCKING[1]::MSC0305 == 1</Equation>
         <Equation>S_BLOCKING[2]::MSC0305 == 0</Equation>
      </States>
      <Requisites>
         <Equation>PREP_SBC0305[PREP_SBC]::PREP_SBC03==0</Equation>
         <Equation>PREP_SUC0305[PREP_SUC]::PREP_SUC03==0</Equation>
         <Equation>CONF_SBC0305[CONF_SBC]::1</Equation>
         <Equation>CONF_SUC0305[CONF_SUC]::1</Equation>
      </Requisites>
      <CommandResults>
         <Equation>PREP_SBC0305[PREP_SBC_RES]::PREP_SBC03==1</Equation>
         <Equation>PREP_SUC0305[PREP_SUC_RES]::PREP_SUC03==1</Equation>
         <Equation>CONF_SBC0305[CONF_SBC_RES]::MSC0305== 0</Equation>
         <Equation>CONF_SUC0305[CONF_SUC_RES]::MSC0305== 1</Equation>
      </CommandResults>
   </Equipment>
   <Equipment name="S0305" type="Signal" flavor="Automatic" CommandTimeOut="" AlarmTimeout="">
      <States>
         <Equation>1::RL0305_0319_D==0</Equation>
         <Equation>2::S_SEL0305 == 1 &amp;&amp; RL0305_0319_D==0</Equation>
         <Equation>3::RL0305_0319_D==1</Equation>
      </States>
   </Equipment>
   <Equipment name="S0305" type="Signal" flavor="Release" CommandTimeOut="" AlarmTimeout="">
      <States>
         <Equation>1::S_REL0305 == 0 &amp;&amp; (RL0305_0319_D==0)</Equation>
         <Equation>2::S_REL0305 == 0 &amp;&amp; (RL0305_0319_D==1)</Equation>
         <Equation>3::S_REL0305 == 1 &amp;&amp; (RL0305_0319_D==1)</Equation>
      </States>
   </Equipment>
   <Equipment name="S0305" type="Signal" flavor="Lamp" CommandTimeOut="" AlarmTimeout="">
      <States>
         <Equation>1::SPLS0305 == 0</Equation>
         <Equation>2::SPLS0305 == 1</Equation>
      </States>
      <StateAlarms>
         <Equation>S_RED_FAILURE[1]::SPLS0305==0 &amp;&amp; S0305_OFF==0</Equation>
         <Equation>S_WHITE_FAILURE[2]::SPLS0305==0 &amp;&amp; S0305_OFF==1</Equation>
      </StateAlarms>
   </Equipment>
   <Equipment name="S0305" type="Signal" flavor="Fleet">
      <States>
         <Equation>2::AR0305_0319==0</Equation>
         <Equation>3::RL0305_0319_D==1&amp;&amp;AR0305_0319==1</Equation>
      </States>
   </Equipment>
   <Equipment name="S0305" type="Signal" flavor="Detection" CommandTimeOut="" AlarmTimeout="">
      <States>
         <Equation>S_STOP[0]::S0305_OFF == 0</Equation>
         <Equation>S_PERMISSIVE[1]::S0305_OFF == 1</Equation>
      </States>
   </Equipment>
   <Equipment name="S0305" type="Signal" flavor="HMI" CommandTimeOut="" AlarmTimeout="">
      <States>
         <Equation>NOEVENT[0]:: 1==1</Equation>
      </States>
   </Equipment>
   <Equipment name="S0309" type="Signal" flavor="Lamp" CommandTimeOut="" AlarmTimeout="">
      <States>
         <Equation>1::SPLS0309 == 0</Equation>
         <Equation>2::SPLS0309 == 1</Equation>
      </States>
      <StateAlarms>
         <Equation>S_RED_FAILURE[1]::SPLS0309==0 &amp;&amp; S0309_OFF==0</Equation>
         <Equation>S_WHITE_FAILURE[2]::SPLS0309==0 &amp;&amp; S0309_OFF==1</Equation>
      </StateAlarms>
   </Equipment>
   <Equipment name="S0309" type="Signal" flavor="Detection" CommandTimeOut="" AlarmTimeout="">
      <States>
         <Equation>S_STOP[0]::S0309_OFF == 0</Equation>
         <Equation>S_PERMISSIVE[1]::S0309_OFF == 1</Equation>
      </States>
   </Equipment>
   <Equipment name="S0309" type="Signal" flavor="HMI" CommandTimeOut="" AlarmTimeout="">
      <States>
         <Equation>NOEVENT[0]:: 1==1</Equation>
      </States>
   </Equipment>
   <Equipment name="S0313" type="Signal" flavor="Lamp" CommandTimeOut="" AlarmTimeout="">
      <States>
         <Equation>1::SPLS0313 == 0</Equation>
         <Equation>2::SPLS0313 == 1</Equation>
      </States>
      <StateAlarms>
         <Equation>S_RED_FAILURE[1]::SPLS0313==0 &amp;&amp; S0313_OFF==0</Equation>
         <Equation>S_WHITE_FAILURE[2]::SPLS0313==0 &amp;&amp; S0313_OFF==1</Equation>
      </StateAlarms>
   </Equipment>
   <Equipment name="S0313" type="Signal" flavor="Detection" CommandTimeOut="" AlarmTimeout="">
      <States>
         <Equation>S_STOP[0]::S0313_OFF == 0</Equation>
         <Equation>S_PERMISSIVE[1]::S0313_OFF == 1</Equation>
      </States>
   </Equipment>
   <Equipment name="S0313" type="Signal" flavor="HMI" CommandTimeOut="" AlarmTimeout="">
      <States>
         <Equation>NOEVENT[0]:: 1==1</Equation>
      </States>
   </Equipment>
   <Equipment name="S0319" type="Signal" flavor="Detection" CommandTimeOut="" AlarmTimeout="">
      <States>
         <Equation>S_STOP[0]::S0319_OFF == 0</Equation>
         <Equation>S_PERMISSIVE[1]::S0319_OFF == 1</Equation>
      </States>
   </Equipment>
   <Equipment name="S0319" type="Signal" flavor="ALS" CommandTimeOut="" AlarmTimeout="">
      <States>
         <Equation>S_APPROACH_FREE[1]::ALS0319 == 1</Equation>
         <Equation>S_APPROACH_LOCKED[2]::ALS0319 == 0</Equation>
         <Equation>NOEVENT[0]::1 == 1</Equation>
      </States>
   </Equipment>
   <Equipment name="S0319" type="Signal" flavor="HMI" CommandTimeOut="" AlarmTimeout="">
      <States>
         <Equation>1::S0319_OFF == 1 &amp;&amp; ALS0319 ==1</Equation>
         <Equation>2::S0319_OFF == 0 &amp;&amp; ALS0319 ==1</Equation>
         <Equation>3::S0319_OFF == 0 &amp;&amp; ALS0319 == 0</Equation>
         <Equation>4::S0319_OFF == 1 &amp;&amp; ALS0319 == 0</Equation>
         <Equation>0::1==1</Equation>
      </States>
   </Equipment>
   <Equipment name="S0319" type="Signal" flavor="Blocking" CommandTimeOut="" AlarmTimeout="">
      <States>
         <Equation>S_NOTBLOCKING[1]::MSC0319 == 1</Equation>
         <Equation>S_BLOCKING[2]::MSC0319 == 0</Equation>
      </States>
      <Requisites>
         <Equation>PREP_SBC0319[PREP_SBC]::PREP_SBC03==0</Equation>
         <Equation>PREP_SUC0319[PREP_SUC]::PREP_SUC03==0</Equation>
         <Equation>CONF_SBC0319[CONF_SBC]::1</Equation>
         <Equation>CONF_SUC0319[CONF_SUC]::1</Equation>
      </Requisites>
      <CommandResults>
         <Equation>PREP_SBC0319[PREP_SBC_RES]::PREP_SBC03==1</Equation>
         <Equation>PREP_SUC0319[PREP_SUC_RES]::PREP_SUC03==1</Equation>
         <Equation>CONF_SBC0319[CONF_SBC_RES]::MSC0319== 0</Equation>
         <Equation>CONF_SUC0319[CONF_SUC_RES]::MSC0319== 1</Equation>
      </CommandResults>
   </Equipment>
   <Equipment name="S0319" type="Signal" flavor="Automatic" CommandTimeOut="" AlarmTimeout="">
      <States>
         <Equation>1::RL0319_0409_D==0</Equation>
         <Equation>2::S_SEL0319 == 1 &amp;&amp; RL0319_0409_D==0</Equation>
         <Equation>3::RL0319_0409_D==1</Equation>
      </States>
   </Equipment>
   <Equipment name="S0319" type="Signal" flavor="Release" CommandTimeOut="" AlarmTimeout="">
      <States>
         <Equation>1::S_REL0319 == 0 &amp;&amp; (RL0319_0409_D==0)</Equation>
         <Equation>2::S_REL0319 == 0 &amp;&amp; (RL0319_0409_D==1)</Equation>
         <Equation>3::S_REL0319 == 1 &amp;&amp; (RL0319_0409_D==1)</Equation>
      </States>
   </Equipment>
   <Equipment name="S0319" type="Signal" flavor="Lamp" CommandTimeOut="" AlarmTimeout="">
      <States>
         <Equation>1::SPLS0319 == 0</Equation>
         <Equation>2::SPLS0319 == 1</Equation>
      </States>
      <StateAlarms>
         <Equation>S_RED_FAILURE[1]::SPLS0319==0 &amp;&amp; S0319_OFF==0</Equation>
         <Equation>S_WHITE_FAILURE[2]::SPLS0319==0 &amp;&amp; S0319_OFF==1</Equation>
      </StateAlarms>
   </Equipment>
   <Equipment name="S0319" type="Signal" flavor="Fleet">
      <States>
         <Equation>2::AR0319_0409==0</Equation>
         <Equation>3::RL0319_0409_D==1&amp;&amp;AR0319_0409==1</Equation>
      </States>
   </Equipment>
   <Equipment name="S0319" type="Signal" flavor="Detection" CommandTimeOut="" AlarmTimeout="">
      <States>
         <Equation>S_STOP[0]::S0319_OFF == 0</Equation>
         <Equation>S_PERMISSIVE[1]::S0319_OFF == 1</Equation>
      </States>
   </Equipment>
   <Equipment name="S0319" type="Signal" flavor="HMI" CommandTimeOut="" AlarmTimeout="">
      <States>
         <Equation>NOEVENT[0]:: 1==1</Equation>
      </States>
   </Equipment>
   <Equipment name="S0303" type="Signal" flavor="Lamp" CommandTimeOut="" AlarmTimeout="">
      <States>
         <Equation>1::SPLS0303 == 0</Equation>
         <Equation>2::SPLS0303 == 1</Equation>
      </States>
      <StateAlarms>
         <Equation>S_RED_FAILURE[1]::SPLS0303==0 &amp;&amp; S0303_OFF==0</Equation>
         <Equation>S_WHITE_FAILURE[2]::SPLS0303==0 &amp;&amp; S0303_OFF==1</Equation>
      </StateAlarms>
   </Equipment>
   <Equipment name="S0303" type="Signal" flavor="Detection" CommandTimeOut="" AlarmTimeout="">
      <States>
         <Equation>S_STOP[0]::S0303_OFF == 0</Equation>
         <Equation>S_PERMISSIVE[1]::S0303_OFF == 1</Equation>
      </States>
   </Equipment>
   <Equipment name="S0303" type="Signal" flavor="HMI" CommandTimeOut="" AlarmTimeout="">
      <States>
         <Equation>NOEVENT[0]:: 1==1</Equation>
      </States>
   </Equipment>
   <Equipment name="S0307" type="Signal" flavor="Detection" CommandTimeOut="" AlarmTimeout="">
      <States>
         <Equation>S_STOP[0]::S0307_OFF == 0</Equation>
         <Equation>S_PERMISSIVE[1]::S0307_OFF == 1</Equation>
      </States>
   </Equipment>
   <Equipment name="S0307" type="Signal" flavor="ALS" CommandTimeOut="" AlarmTimeout="">
      <States>
         <Equation>S_APPROACH_FREE[1]::ALS0307 == 1</Equation>
         <Equation>S_APPROACH_LOCKED[2]::ALS0307 == 0</Equation>
         <Equation>NOEVENT[0]::1 == 1</Equation>
      </States>
   </Equipment>
   <Equipment name="S0307" type="Signal" flavor="HMI" CommandTimeOut="" AlarmTimeout="">
      <States>
         <Equation>1::S0307_OFF == 1 &amp;&amp; ALS0307 ==1</Equation>
         <Equation>2::S0307_OFF == 0 &amp;&amp; ALS0307 ==1</Equation>
         <Equation>3::S0307_OFF == 0 &amp;&amp; ALS0307 == 0</Equation>
         <Equation>4::S0307_OFF == 1 &amp;&amp; ALS0307 == 0</Equation>
         <Equation>0::1==1</Equation>
      </States>
   </Equipment>
   <Equipment name="S0307" type="Signal" flavor="Blocking" CommandTimeOut="" AlarmTimeout="">
      <States>
         <Equation>S_NOTBLOCKING[1]::MSC0307 == 1</Equation>
         <Equation>S_BLOCKING[2]::MSC0307 == 0</Equation>
      </States>
      <Requisites>
         <Equation>PREP_SBC0307[PREP_SBC]::PREP_SBC03==0</Equation>
         <Equation>PREP_SUC0307[PREP_SUC]::PREP_SUC03==0</Equation>
         <Equation>CONF_SBC0307[CONF_SBC]::1</Equation>
         <Equation>CONF_SUC0307[CONF_SUC]::1</Equation>
      </Requisites>
      <CommandResults>
         <Equation>PREP_SBC0307[PREP_SBC_RES]::PREP_SBC03==1</Equation>
         <Equation>PREP_SUC0307[PREP_SUC_RES]::PREP_SUC03==1</Equation>
         <Equation>CONF_SBC0307[CONF_SBC_RES]::MSC0307== 0</Equation>
         <Equation>CONF_SUC0307[CONF_SUC_RES]::MSC0307== 1</Equation>
      </CommandResults>
   </Equipment>
   <Equipment name="S0307" type="Signal" flavor="Automatic" CommandTimeOut="" AlarmTimeout="">
      <States>
         <Equation>1::RL0307_0323_D==0</Equation>
         <Equation>2::S_SEL0307 == 1 &amp;&amp; RL0307_0323_D==0</Equation>
         <Equation>3::RL0307_0323_D==1</Equation>
      </States>
   </Equipment>
   <Equipment name="S0307" type="Signal" flavor="Release" CommandTimeOut="" AlarmTimeout="">
      <States>
         <Equation>1::S_REL0307 == 0 &amp;&amp; (RL0307_0323_D==0)</Equation>
         <Equation>2::S_REL0307 == 0 &amp;&amp; (RL0307_0323_D==1)</Equation>
         <Equation>3::S_REL0307 == 1 &amp;&amp; (RL0307_0323_D==1)</Equation>
      </States>
   </Equipment>
   <Equipment name="S0307" type="Signal" flavor="Lamp" CommandTimeOut="" AlarmTimeout="">
      <States>
         <Equation>1::SPLS0307 == 0</Equation>
         <Equation>2::SPLS0307 == 1</Equation>
      </States>
      <StateAlarms>
         <Equation>S_RED_FAILURE[1]::SPLS0307==0 &amp;&amp; S0307_OFF==0</Equation>
         <Equation>S_WHITE_FAILURE[2]::SPLS0307==0 &amp;&amp; S0307_OFF==1</Equation>
      </StateAlarms>
   </Equipment>
   <Equipment name="S0307" type="Signal" flavor="Detection" CommandTimeOut="" AlarmTimeout="">
      <States>
         <Equation>S_STOP[0]::S0307_OFF == 0</Equation>
         <Equation>S_PERMISSIVE[1]::S0307_OFF == 1</Equation>
      </States>
   </Equipment>
   <Equipment name="S0307" type="Signal" flavor="HMI" CommandTimeOut="" AlarmTimeout="">
      <States>
         <Equation>NOEVENT[0]:: 1==1</Equation>
      </States>
   </Equipment>
   <Equipment name="S0311" type="Signal" flavor="Lamp" CommandTimeOut="" AlarmTimeout="">
      <States>
         <Equation>1::SPLS0311 == 0</Equation>
         <Equation>2::SPLS0311 == 1</Equation>
      </States>
      <StateAlarms>
         <Equation>S_RED_FAILURE[1]::SPLS0311==0 &amp;&amp; S0311_OFF==0</Equation>
         <Equation>S_WHITE_FAILURE[2]::SPLS0311==0 &amp;&amp; S0311_OFF==1</Equation>
      </StateAlarms>
   </Equipment>
   <Equipment name="S0311" type="Signal" flavor="Detection" CommandTimeOut="" AlarmTimeout="">
      <States>
         <Equation>S_STOP[0]::S0311_OFF == 0</Equation>
         <Equation>S_PERMISSIVE[1]::S0311_OFF == 1</Equation>
      </States>
   </Equipment>
   <Equipment name="S0311" type="Signal" flavor="HMI" CommandTimeOut="" AlarmTimeout="">
      <States>
         <Equation>NOEVENT[0]:: 1==1</Equation>
      </States>
   </Equipment>
   <Equipment name="S0315" type="Signal" flavor="Lamp" CommandTimeOut="" AlarmTimeout="">
      <States>
         <Equation>1::SPLS0315 == 0</Equation>
         <Equation>2::SPLS0315 == 1</Equation>
      </States>
      <StateAlarms>
         <Equation>S_RED_FAILURE[1]::SPLS0315==0 &amp;&amp; S0315_OFF==0</Equation>
         <Equation>S_WHITE_FAILURE[2]::SPLS0315==0 &amp;&amp; S0315_OFF==1</Equation>
      </StateAlarms>
   </Equipment>
   <Equipment name="S0315" type="Signal" flavor="Detection" CommandTimeOut="" AlarmTimeout="">
      <States>
         <Equation>S_STOP[0]::S0315_OFF == 0</Equation>
         <Equation>S_PERMISSIVE[1]::S0315_OFF == 1</Equation>
      </States>
   </Equipment>
   <Equipment name="S0315" type="Signal" flavor="HMI" CommandTimeOut="" AlarmTimeout="">
      <States>
         <Equation>NOEVENT[0]:: 1==1</Equation>
      </States>
   </Equipment>
   <Equipment name="S0323" type="Signal" flavor="Detection" CommandTimeOut="" AlarmTimeout="">
      <States>
         <Equation>S_STOP[0]::S0323_OFF == 0</Equation>
         <Equation>S_PERMISSIVE[1]::S0323_OFF == 1</Equation>
      </States>
   </Equipment>
   <Equipment name="S0323" type="Signal" flavor="ALS" CommandTimeOut="" AlarmTimeout="">
      <States>
         <Equation>S_APPROACH_FREE[1]::ALS0323 == 1</Equation>
         <Equation>S_APPROACH_LOCKED[2]::ALS0323 == 0</Equation>
         <Equation>NOEVENT[0]::1 == 1</Equation>
      </States>
   </Equipment>
   <Equipment name="S0323" type="Signal" flavor="HMI" CommandTimeOut="" AlarmTimeout="">
      <States>
         <Equation>1::S0323_OFF == 1 &amp;&amp; ALS0323 ==1</Equation>
         <Equation>2::S0323_OFF == 0 &amp;&amp; ALS0323 ==1</Equation>
         <Equation>3::S0323_OFF == 0 &amp;&amp; ALS0323 == 0</Equation>
         <Equation>4::S0323_OFF == 1 &amp;&amp; ALS0323 == 0</Equation>
         <Equation>0::1==1</Equation>
      </States>
   </Equipment>
   <Equipment name="S0323" type="Signal" flavor="Blocking" CommandTimeOut="" AlarmTimeout="">
      <States>
         <Equation>S_NOTBLOCKING[1]::MSC0323 == 1</Equation>
         <Equation>S_BLOCKING[2]::MSC0323 == 0</Equation>
      </States>
      <Requisites>
         <Equation>PREP_SBC0323[PREP_SBC]::PREP_SBC03==0</Equation>
         <Equation>PREP_SUC0323[PREP_SUC]::PREP_SUC03==0</Equation>
         <Equation>CONF_SBC0323[CONF_SBC]::1</Equation>
         <Equation>CONF_SUC0323[CONF_SUC]::1</Equation>
      </Requisites>
      <CommandResults>
         <Equation>PREP_SBC0323[PREP_SBC_RES]::PREP_SBC03==1</Equation>
         <Equation>PREP_SUC0323[PREP_SUC_RES]::PREP_SUC03==1</Equation>
         <Equation>CONF_SBC0323[CONF_SBC_RES]::MSC0323== 0</Equation>
         <Equation>CONF_SUC0323[CONF_SUC_RES]::MSC0323== 1</Equation>
      </CommandResults>
   </Equipment>
   <Equipment name="S0323" type="Signal" flavor="Automatic" CommandTimeOut="" AlarmTimeout="">
      <States>
         <Equation>1::RL0323_0411_D==0</Equation>
         <Equation>2::S_SEL0323 == 1 &amp;&amp; RL0323_0411_D==0</Equation>
         <Equation>3::RL0323_0411_D==1</Equation>
      </States>
   </Equipment>
   <Equipment name="S0323" type="Signal" flavor="Release" CommandTimeOut="" AlarmTimeout="">
      <States>
         <Equation>1::S_REL0323 == 0 &amp;&amp; (RL0323_0411_D==0)</Equation>
         <Equation>2::S_REL0323 == 0 &amp;&amp; (RL0323_0411_D==1)</Equation>
         <Equation>3::S_REL0323 == 1 &amp;&amp; (RL0323_0411_D==1)</Equation>
      </States>
   </Equipment>
   <Equipment name="S0323" type="Signal" flavor="Lamp" CommandTimeOut="" AlarmTimeout="">
      <States>
         <Equation>1::SPLS0323 == 0</Equation>
         <Equation>2::SPLS0323 == 1</Equation>
      </States>
      <StateAlarms>
         <Equation>S_RED_FAILURE[1]::SPLS0323==0 &amp;&amp; S0323_OFF==0</Equation>
         <Equation>S_WHITE_FAILURE[2]::SPLS0323==0 &amp;&amp; S0323_OFF==1</Equation>
      </StateAlarms>
   </Equipment>
   <Equipment name="S0323" type="Signal" flavor="Detection" CommandTimeOut="" AlarmTimeout="">
      <States>
         <Equation>S_STOP[0]::S0323_OFF == 0</Equation>
         <Equation>S_PERMISSIVE[1]::S0323_OFF == 1</Equation>
      </States>
   </Equipment>
   <Equipment name="S0323" type="Signal" flavor="HMI" CommandTimeOut="" AlarmTimeout="">
      <States>
         <Equation>NOEVENT[0]:: 1==1</Equation>
      </States>
   </Equipment>
   <Equipment name="S0317" type="Signal" flavor="Detection" CommandTimeOut="" AlarmTimeout="">
      <States>
         <Equation>S_STOP[0]::S0317_OFF == 0</Equation>
         <Equation>S_PERMISSIVE[1]::S0317_OFF == 1</Equation>
      </States>
   </Equipment>
   <Equipment name="S0317" type="Signal" flavor="ALS" CommandTimeOut="" AlarmTimeout="">
      <States>
         <Equation>S_APPROACH_FREE[1]::ALS0317 == 1</Equation>
         <Equation>S_APPROACH_LOCKED[2]::ALS0317 == 0</Equation>
         <Equation>NOEVENT[0]::1 == 1</Equation>
      </States>
   </Equipment>
   <Equipment name="S0317" type="Signal" flavor="HMI" CommandTimeOut="" AlarmTimeout="">
      <States>
         <Equation>1::S0317_OFF == 1 &amp;&amp; ALS0317 ==1</Equation>
         <Equation>2::S0317_OFF == 0 &amp;&amp; ALS0317 ==1</Equation>
         <Equation>3::S0317_OFF == 0 &amp;&amp; ALS0317 == 0</Equation>
         <Equation>4::S0317_OFF == 1 &amp;&amp; ALS0317 == 0</Equation>
         <Equation>0::1==1</Equation>
      </States>
   </Equipment>
   <Equipment name="S0317" type="Signal" flavor="Blocking" CommandTimeOut="" AlarmTimeout="">
      <States>
         <Equation>S_NOTBLOCKING[1]::MSC0317 == 1</Equation>
         <Equation>S_BLOCKING[2]::MSC0317 == 0</Equation>
      </States>
      <Requisites>
         <Equation>PREP_SBC0317[PREP_SBC]::PREP_SBC03==0</Equation>
         <Equation>PREP_SUC0317[PREP_SUC]::PREP_SUC03==0</Equation>
         <Equation>CONF_SBC0317[CONF_SBC]::1</Equation>
         <Equation>CONF_SUC0317[CONF_SUC]::1</Equation>
      </Requisites>
      <CommandResults>
         <Equation>PREP_SBC0317[PREP_SBC_RES]::PREP_SBC03==1</Equation>
         <Equation>PREP_SUC0317[PREP_SUC_RES]::PREP_SUC03==1</Equation>
         <Equation>CONF_SBC0317[CONF_SBC_RES]::MSC0317== 0</Equation>
         <Equation>CONF_SUC0317[CONF_SUC_RES]::MSC0317== 1</Equation>
      </CommandResults>
   </Equipment>
   <Equipment name="S0317" type="Signal" flavor="Automatic" CommandTimeOut="" AlarmTimeout="">
      <States>
         <Equation>1::RL0317_0321_D==0</Equation>
         <Equation>2::S_SEL0317 == 1 &amp;&amp; RL0317_0321_D==0</Equation>
         <Equation>3::RL0317_0321_D==1</Equation>
      </States>
   </Equipment>
   <Equipment name="S0317" type="Signal" flavor="Release" CommandTimeOut="" AlarmTimeout="">
      <States>
         <Equation>1::S_REL0317 == 0 &amp;&amp; (RL0317_0321_D==0)</Equation>
         <Equation>2::S_REL0317 == 0 &amp;&amp; (RL0317_0321_D==1)</Equation>
         <Equation>3::S_REL0317 == 1 &amp;&amp; (RL0317_0321_D==1)</Equation>
      </States>
   </Equipment>
   <Equipment name="S0317" type="Signal" flavor="Lamp" CommandTimeOut="" AlarmTimeout="">
      <States>
         <Equation>1::SPLS0317 == 0</Equation>
         <Equation>2::SPLS0317 == 1</Equation>
      </States>
      <StateAlarms>
         <Equation>S_RED_FAILURE[1]::SPLS0317==0 &amp;&amp; S0317_OFF==0</Equation>
         <Equation>S_WHITE_FAILURE[2]::SPLS0317==0 &amp;&amp; S0317_OFF==1</Equation>
      </StateAlarms>
   </Equipment>
   <Equipment name="S0317" type="Signal" flavor="Detection" CommandTimeOut="" AlarmTimeout="">
      <States>
         <Equation>S_STOP[0]::S0317_OFF == 0</Equation>
         <Equation>S_PERMISSIVE[1]::S0317_OFF == 1</Equation>
      </States>
   </Equipment>
   <Equipment name="S0317" type="Signal" flavor="HMI" CommandTimeOut="" AlarmTimeout="">
      <States>
         <Equation>NOEVENT[0]:: 1==1</Equation>
      </States>
   </Equipment>
   <Equipment name="S0321" type="Signal" flavor="Detection" CommandTimeOut="" AlarmTimeout="">
      <States>
         <Equation>S_STOP[0]::S0321_OFF == 0</Equation>
         <Equation>S_PERMISSIVE[1]::S0321_OFF == 1</Equation>
      </States>
   </Equipment>
   <Equipment name="S0321" type="Signal" flavor="ALS" CommandTimeOut="" AlarmTimeout="">
      <States>
         <Equation>S_APPROACH_FREE[1]::ALS0321 == 1</Equation>
         <Equation>S_APPROACH_LOCKED[2]::ALS0321 == 0</Equation>
         <Equation>NOEVENT[0]::1 == 1</Equation>
      </States>
   </Equipment>
   <Equipment name="S0321" type="Signal" flavor="HMI" CommandTimeOut="" AlarmTimeout="">
      <States>
         <Equation>1::S0321_OFF == 1 &amp;&amp; ALS0321 ==1</Equation>
         <Equation>2::S0321_OFF == 0 &amp;&amp; ALS0321 ==1</Equation>
         <Equation>3::S0321_OFF == 0 &amp;&amp; ALS0321 == 0</Equation>
         <Equation>4::S0321_OFF == 1 &amp;&amp; ALS0321 == 0</Equation>
         <Equation>0::1==1</Equation>
      </States>
   </Equipment>
   <Equipment name="S0321" type="Signal" flavor="Blocking" CommandTimeOut="" AlarmTimeout="">
      <States>
         <Equation>S_NOTBLOCKING[1]::MSC0321 == 1</Equation>
         <Equation>S_BLOCKING[2]::MSC0321 == 0</Equation>
      </States>
      <Requisites>
         <Equation>PREP_SBC0321[PREP_SBC]::PREP_SBC03==0</Equation>
         <Equation>PREP_SUC0321[PREP_SUC]::PREP_SUC03==0</Equation>
         <Equation>CONF_SBC0321[CONF_SBC]::1</Equation>
         <Equation>CONF_SUC0321[CONF_SUC]::1</Equation>
      </Requisites>
      <CommandResults>
         <Equation>PREP_SBC0321[PREP_SBC_RES]::PREP_SBC03==1</Equation>
         <Equation>PREP_SUC0321[PREP_SUC_RES]::PREP_SUC03==1</Equation>
         <Equation>CONF_SBC0321[CONF_SBC_RES]::MSC0321== 0</Equation>
         <Equation>CONF_SUC0321[CONF_SUC_RES]::MSC0321== 1</Equation>
      </CommandResults>
   </Equipment>
   <Equipment name="S0321" type="Signal" flavor="Automatic" CommandTimeOut="" AlarmTimeout="">
      <States>
         <Equation>1::RL0321_0409_D==0 &amp;&amp; RL0321_0411_D==0</Equation>
         <Equation>2::S_SEL0321 == 1 &amp;&amp; RL0321_0409_D==0 &amp;&amp; RL0321_0411_D==0</Equation>
         <Equation>3::RL0321_0409_D==1 || RL0321_0411_D==1</Equation>
      </States>
   </Equipment>
   <Equipment name="S0321" type="Signal" flavor="Release" CommandTimeOut="" AlarmTimeout="">
      <States>
         <Equation>1::S_REL0321 == 0 &amp;&amp; (RL0321_0409_D==0 &amp;&amp; RL0321_0411_D==0)</Equation>
         <Equation>2::S_REL0321 == 0 &amp;&amp; (RL0321_0409_D==1 || RL0321_0411_D==1)</Equation>
         <Equation>3::S_REL0321 == 1 &amp;&amp; (RL0321_0409_D==1 || RL0321_0411_D==1)</Equation>
      </States>
   </Equipment>
   <Equipment name="S0321" type="Signal" flavor="Lamp" CommandTimeOut="" AlarmTimeout="">
      <States>
         <Equation>1::SPLS0321 == 0</Equation>
         <Equation>2::SPLS0321 == 1</Equation>
      </States>
      <StateAlarms>
         <Equation>S_RED_FAILURE[1]::SPLS0321==0 &amp;&amp; S0321_OFF==0</Equation>
         <Equation>S_WHITE_FAILURE[2]::SPLS0321==0 &amp;&amp; S0321_OFF==1</Equation>
      </StateAlarms>
   </Equipment>
   <Equipment name="S0321" type="Signal" flavor="Detection" CommandTimeOut="" AlarmTimeout="">
      <States>
         <Equation>S_STOP[0]::S0321_OFF == 0</Equation>
         <Equation>S_PERMISSIVE[1]::S0321_OFF == 1</Equation>
      </States>
   </Equipment>
   <Equipment name="S0321" type="Signal" flavor="HMI" CommandTimeOut="" AlarmTimeout="">
      <States>
         <Equation>NOEVENT[0]:: 1==1</Equation>
      </States>
   </Equipment>
</SignallingRules>