<?xml version="1.0" encoding="UTF-8"?>
<SignallingRules xmlns:xsi="http://www.w3.org/2001/XMLSchema-instance"
                 xmlns:sys="http://www.systerel.fr/Alstom/IDP"
                 Project="CCL"
                 Generation_Date="XXXX-XX-XX"
                 xsi:noNamespaceSchemaLocation="SigRules.xsd">
   <Versions>
         <Version Name="ICONIS_IDP#SyAD_Configuration-CCL"
               Value="830F-ATS-0895_1E &amp; 830F-ATS-0402-1G"/>
         <Version Name="ICONIS_IDP#Product_Version" Value="SW_IDP_CCL_1.6.6"/>
         <Version Name="Project#System_Database_Version" Value="1.0.0"/>
         <Version Name="Project#ATS_Parameter_Version" Value=""/>
      </Versions>
   <Equipment name="S0402" type="Signal" flavor="Lamp" CommandTimeOut="" AlarmTimeout="">
      <States>
         <Equation>1::SPLS0402 == 0</Equation>
         <Equation>2::SPLS0402 == 1</Equation>
      </States>
      <StateAlarms>
         <Equation>S_RED_FAILURE[1]::SPLS0402==0 &amp;&amp; S0402_OFF==0</Equation>
         <Equation>S_WHITE_FAILURE[2]::SPLS0402==0 &amp;&amp; S0402_OFF==1</Equation>
      </StateAlarms>
   </Equipment>
   <Equipment name="S0402" type="Signal" flavor="Detection" CommandTimeOut="" AlarmTimeout="">
      <States>
         <Equation>S_STOP[0]::S0402_OFF == 0</Equation>
         <Equation>S_PERMISSIVE[1]::S0402_OFF == 1</Equation>
      </States>
   </Equipment>
   <Equipment name="S0402" type="Signal" flavor="HMI" CommandTimeOut="" AlarmTimeout="">
      <States>
         <Equation>NOEVENT[0]:: 1==1</Equation>
      </States>
   </Equipment>
   <Equipment name="S0406" type="Signal" flavor="Lamp" CommandTimeOut="" AlarmTimeout="">
      <States>
         <Equation>1::SPLS0406 == 0</Equation>
         <Equation>2::SPLS0406 == 1</Equation>
      </States>
      <StateAlarms>
         <Equation>S_RED_FAILURE[1]::SPLS0406==0 &amp;&amp; S0406_OFF==0</Equation>
         <Equation>S_WHITE_FAILURE[2]::SPLS0406==0 &amp;&amp; S0406_OFF==1</Equation>
      </StateAlarms>
   </Equipment>
   <Equipment name="S0406" type="Signal" flavor="Detection" CommandTimeOut="" AlarmTimeout="">
      <States>
         <Equation>S_STOP[0]::S0406_OFF == 0</Equation>
         <Equation>S_PERMISSIVE[1]::S0406_OFF == 1</Equation>
      </States>
   </Equipment>
   <Equipment name="S0406" type="Signal" flavor="HMI" CommandTimeOut="" AlarmTimeout="">
      <States>
         <Equation>NOEVENT[0]:: 1==1</Equation>
      </States>
   </Equipment>
   <Equipment name="S0410" type="Signal" flavor="Detection" CommandTimeOut="" AlarmTimeout="">
      <States>
         <Equation>S_STOP[0]::S0410_OFF == 0</Equation>
         <Equation>S_PERMISSIVE[1]::S0410_OFF == 1</Equation>
      </States>
   </Equipment>
   <Equipment name="S0410" type="Signal" flavor="ALS" CommandTimeOut="" AlarmTimeout="">
      <States>
         <Equation>S_APPROACH_FREE[1]::ALS0410 == 1</Equation>
         <Equation>S_APPROACH_LOCKED[2]::ALS0410 == 0</Equation>
         <Equation>NOEVENT[0]::1 == 1</Equation>
      </States>
   </Equipment>
   <Equipment name="S0410" type="Signal" flavor="HMI" CommandTimeOut="" AlarmTimeout="">
      <States>
         <Equation>1::S0410_OFF == 1 &amp;&amp; ALS0410 ==1</Equation>
         <Equation>2::S0410_OFF == 0 &amp;&amp; ALS0410 ==1</Equation>
         <Equation>3::S0410_OFF == 0 &amp;&amp; ALS0410 == 0</Equation>
         <Equation>4::S0410_OFF == 1 &amp;&amp; ALS0410 == 0</Equation>
         <Equation>0::1==1</Equation>
      </States>
   </Equipment>
   <Equipment name="S0410" type="Signal" flavor="Blocking" CommandTimeOut="" AlarmTimeout="">
      <States>
         <Equation>S_NOTBLOCKING[1]::MSC0410 == 1</Equation>
         <Equation>S_BLOCKING[2]::MSC0410 == 0</Equation>
      </States>
      <Requisites>
         <Equation>PREP_SBC0410[PREP_SBC]::PREP_SBC04==0</Equation>
         <Equation>PREP_SUC0410[PREP_SUC]::PREP_SUC04==0</Equation>
         <Equation>CONF_SBC0410[CONF_SBC]::1</Equation>
         <Equation>CONF_SUC0410[CONF_SUC]::1</Equation>
      </Requisites>
      <CommandResults>
         <Equation>PREP_SBC0410[PREP_SBC_RES]::PREP_SBC04==1</Equation>
         <Equation>PREP_SUC0410[PREP_SUC_RES]::PREP_SUC04==1</Equation>
         <Equation>CONF_SBC0410[CONF_SBC_RES]::MSC0410== 0</Equation>
         <Equation>CONF_SUC0410[CONF_SUC_RES]::MSC0410== 1</Equation>
      </CommandResults>
   </Equipment>
   <Equipment name="S0410" type="Signal" flavor="Automatic" CommandTimeOut="" AlarmTimeout="">
      <States>
         <Equation>1::RL0410_0322_D==0</Equation>
         <Equation>2::S_SEL0410 == 1 &amp;&amp; RL0410_0322_D==0</Equation>
         <Equation>3::RL0410_0322_D==1</Equation>
      </States>
   </Equipment>
   <Equipment name="S0410" type="Signal" flavor="Release" CommandTimeOut="" AlarmTimeout="">
      <States>
         <Equation>1::S_REL0410 == 0 &amp;&amp; (RL0410_0322_D==0)</Equation>
         <Equation>2::S_REL0410 == 0 &amp;&amp; (RL0410_0322_D==1)</Equation>
         <Equation>3::S_REL0410 == 1 &amp;&amp; (RL0410_0322_D==1)</Equation>
      </States>
   </Equipment>
   <Equipment name="S0410" type="Signal" flavor="Lamp" CommandTimeOut="" AlarmTimeout="">
      <States>
         <Equation>1::SPLS0410 == 0</Equation>
         <Equation>2::SPLS0410 == 1</Equation>
      </States>
      <StateAlarms>
         <Equation>S_RED_FAILURE[1]::SPLS0410==0 &amp;&amp; S0410_OFF==0</Equation>
         <Equation>S_WHITE_FAILURE[2]::SPLS0410==0 &amp;&amp; S0410_OFF==1</Equation>
      </StateAlarms>
   </Equipment>
   <Equipment name="S0410" type="Signal" flavor="Detection" CommandTimeOut="" AlarmTimeout="">
      <States>
         <Equation>S_STOP[0]::S0410_OFF == 0</Equation>
         <Equation>S_PERMISSIVE[1]::S0410_OFF == 1</Equation>
      </States>
   </Equipment>
   <Equipment name="S0410" type="Signal" flavor="HMI" CommandTimeOut="" AlarmTimeout="">
      <States>
         <Equation>NOEVENT[0]:: 1==1</Equation>
      </States>
   </Equipment>
   <Equipment name="S0414" type="Signal" flavor="Detection" CommandTimeOut="" AlarmTimeout="">
      <States>
         <Equation>S_STOP[0]::S0414_OFF == 0</Equation>
         <Equation>S_PERMISSIVE[1]::S0414_OFF == 1</Equation>
      </States>
   </Equipment>
   <Equipment name="S0414" type="Signal" flavor="ALS" CommandTimeOut="" AlarmTimeout="">
      <States>
         <Equation>S_APPROACH_FREE[1]::ALS0414 == 1</Equation>
         <Equation>S_APPROACH_LOCKED[2]::ALS0414 == 0</Equation>
         <Equation>NOEVENT[0]::1 == 1</Equation>
      </States>
   </Equipment>
   <Equipment name="S0414" type="Signal" flavor="HMI" CommandTimeOut="" AlarmTimeout="">
      <States>
         <Equation>1::S0414_OFF == 1 &amp;&amp; ALS0414 ==1</Equation>
         <Equation>2::S0414_OFF == 0 &amp;&amp; ALS0414 ==1</Equation>
         <Equation>3::S0414_OFF == 0 &amp;&amp; ALS0414 == 0</Equation>
         <Equation>4::S0414_OFF == 1 &amp;&amp; ALS0414 == 0</Equation>
         <Equation>0::1==1</Equation>
      </States>
   </Equipment>
   <Equipment name="S0414" type="Signal" flavor="Blocking" CommandTimeOut="" AlarmTimeout="">
      <States>
         <Equation>S_NOTBLOCKING[1]::MSC0414 == 1</Equation>
         <Equation>S_BLOCKING[2]::MSC0414 == 0</Equation>
      </States>
      <Requisites>
         <Equation>PREP_SBC0414[PREP_SBC]::PREP_SBC04==0</Equation>
         <Equation>PREP_SUC0414[PREP_SUC]::PREP_SUC04==0</Equation>
         <Equation>CONF_SBC0414[CONF_SBC]::1</Equation>
         <Equation>CONF_SUC0414[CONF_SUC]::1</Equation>
      </Requisites>
      <CommandResults>
         <Equation>PREP_SBC0414[PREP_SBC_RES]::PREP_SBC04==1</Equation>
         <Equation>PREP_SUC0414[PREP_SUC_RES]::PREP_SUC04==1</Equation>
         <Equation>CONF_SBC0414[CONF_SBC_RES]::MSC0414== 0</Equation>
         <Equation>CONF_SUC0414[CONF_SUC_RES]::MSC0414== 1</Equation>
      </CommandResults>
   </Equipment>
   <Equipment name="S0414" type="Signal" flavor="Automatic" CommandTimeOut="" AlarmTimeout="">
      <States>
         <Equation>1::RL0414_0410_D==0</Equation>
         <Equation>2::S_SEL0414 == 1 &amp;&amp; RL0414_0410_D==0</Equation>
         <Equation>3::RL0414_0410_D==1</Equation>
      </States>
   </Equipment>
   <Equipment name="S0414" type="Signal" flavor="Release" CommandTimeOut="" AlarmTimeout="">
      <States>
         <Equation>1::S_REL0414 == 0 &amp;&amp; (RL0414_0410_D==0)</Equation>
         <Equation>2::S_REL0414 == 0 &amp;&amp; (RL0414_0410_D==1)</Equation>
         <Equation>3::S_REL0414 == 1 &amp;&amp; (RL0414_0410_D==1)</Equation>
      </States>
   </Equipment>
   <Equipment name="S0414" type="Signal" flavor="Lamp" CommandTimeOut="" AlarmTimeout="">
      <States>
         <Equation>1::SPLS0414 == 0</Equation>
         <Equation>2::SPLS0414 == 1</Equation>
      </States>
      <StateAlarms>
         <Equation>S_RED_FAILURE[1]::SPLS0414==0 &amp;&amp; S0414_OFF==0</Equation>
         <Equation>S_WHITE_FAILURE[2]::SPLS0414==0 &amp;&amp; S0414_OFF==1</Equation>
      </StateAlarms>
   </Equipment>
   <Equipment name="S0414" type="Signal" flavor="Detection" CommandTimeOut="" AlarmTimeout="">
      <States>
         <Equation>S_STOP[0]::S0414_OFF == 0</Equation>
         <Equation>S_PERMISSIVE[1]::S0414_OFF == 1</Equation>
      </States>
   </Equipment>
   <Equipment name="S0414" type="Signal" flavor="HMI" CommandTimeOut="" AlarmTimeout="">
      <States>
         <Equation>NOEVENT[0]:: 1==1</Equation>
      </States>
   </Equipment>
   <Equipment name="S0418" type="Signal" flavor="Detection" CommandTimeOut="" AlarmTimeout="">
      <States>
         <Equation>S_STOP[0]::S0418_OFF == 0</Equation>
         <Equation>S_PERMISSIVE[1]::S0418_OFF == 1</Equation>
      </States>
   </Equipment>
   <Equipment name="S0418" type="Signal" flavor="ALS" CommandTimeOut="" AlarmTimeout="">
      <States>
         <Equation>S_APPROACH_FREE[1]::ALS0418 == 1</Equation>
         <Equation>S_APPROACH_LOCKED[2]::ALS0418 == 0</Equation>
         <Equation>NOEVENT[0]::1 == 1</Equation>
      </States>
   </Equipment>
   <Equipment name="S0418" type="Signal" flavor="HMI" CommandTimeOut="" AlarmTimeout="">
      <States>
         <Equation>1::S0418_OFF == 1 &amp;&amp; ALS0418 ==1</Equation>
         <Equation>2::S0418_OFF == 0 &amp;&amp; ALS0418 ==1</Equation>
         <Equation>3::S0418_OFF == 0 &amp;&amp; ALS0418 == 0</Equation>
         <Equation>4::S0418_OFF == 1 &amp;&amp; ALS0418 == 0</Equation>
         <Equation>0::1==1</Equation>
      </States>
   </Equipment>
   <Equipment name="S0418" type="Signal" flavor="Blocking" CommandTimeOut="" AlarmTimeout="">
      <States>
         <Equation>S_NOTBLOCKING[1]::MSC0418 == 1</Equation>
         <Equation>S_BLOCKING[2]::MSC0418 == 0</Equation>
      </States>
      <Requisites>
         <Equation>PREP_SBC0418[PREP_SBC]::PREP_SBC04==0</Equation>
         <Equation>PREP_SUC0418[PREP_SUC]::PREP_SUC04==0</Equation>
         <Equation>CONF_SBC0418[CONF_SBC]::1</Equation>
         <Equation>CONF_SUC0418[CONF_SUC]::1</Equation>
      </Requisites>
      <CommandResults>
         <Equation>PREP_SBC0418[PREP_SBC_RES]::PREP_SBC04==1</Equation>
         <Equation>PREP_SUC0418[PREP_SUC_RES]::PREP_SUC04==1</Equation>
         <Equation>CONF_SBC0418[CONF_SBC_RES]::MSC0418== 0</Equation>
         <Equation>CONF_SUC0418[CONF_SUC_RES]::MSC0418== 1</Equation>
      </CommandResults>
   </Equipment>
   <Equipment name="S0418" type="Signal" flavor="Automatic" CommandTimeOut="" AlarmTimeout="">
      <States>
         <Equation>1::RL0418_0408_D==0 &amp;&amp; RL0418_0410_D==0</Equation>
         <Equation>2::S_SEL0418 == 1 &amp;&amp; RL0418_0408_D==0 &amp;&amp; RL0418_0410_D==0</Equation>
         <Equation>3::RL0418_0408_D==1 || RL0418_0410_D==1</Equation>
      </States>
   </Equipment>
   <Equipment name="S0418" type="Signal" flavor="Release" CommandTimeOut="" AlarmTimeout="">
      <States>
         <Equation>1::S_REL0418 == 0 &amp;&amp; (RL0418_0408_D==0 &amp;&amp; RL0418_0410_D==0)</Equation>
         <Equation>2::S_REL0418 == 0 &amp;&amp; (RL0418_0408_D==1 || RL0418_0410_D==1)</Equation>
         <Equation>3::S_REL0418 == 1 &amp;&amp; (RL0418_0408_D==1 || RL0418_0410_D==1)</Equation>
      </States>
   </Equipment>
   <Equipment name="S0418" type="Signal" flavor="Lamp" CommandTimeOut="" AlarmTimeout="">
      <States>
         <Equation>1::SPLS0418 == 0</Equation>
         <Equation>2::SPLS0418 == 1</Equation>
      </States>
      <StateAlarms>
         <Equation>S_RED_FAILURE[1]::SPLS0418==0 &amp;&amp; S0418_OFF==0</Equation>
         <Equation>S_WHITE_FAILURE[2]::SPLS0418==0 &amp;&amp; S0418_OFF==1</Equation>
      </StateAlarms>
   </Equipment>
   <Equipment name="S0418" type="Signal" flavor="Detection" CommandTimeOut="" AlarmTimeout="">
      <States>
         <Equation>S_STOP[0]::S0418_OFF == 0</Equation>
         <Equation>S_PERMISSIVE[1]::S0418_OFF == 1</Equation>
      </States>
   </Equipment>
   <Equipment name="S0418" type="Signal" flavor="HMI" CommandTimeOut="" AlarmTimeout="">
      <States>
         <Equation>NOEVENT[0]:: 1==1</Equation>
      </States>
   </Equipment>
   <Equipment name="S0400" type="Signal" flavor="Lamp" CommandTimeOut="" AlarmTimeout="">
      <States>
         <Equation>1::SPLS0400 == 0</Equation>
         <Equation>2::SPLS0400 == 1</Equation>
      </States>
      <StateAlarms>
         <Equation>S_RED_FAILURE[1]::SPLS0400==0 &amp;&amp; S0400_OFF==0</Equation>
         <Equation>S_WHITE_FAILURE[2]::SPLS0400==0 &amp;&amp; S0400_OFF==1</Equation>
      </StateAlarms>
   </Equipment>
   <Equipment name="S0400" type="Signal" flavor="Detection" CommandTimeOut="" AlarmTimeout="">
      <States>
         <Equation>S_STOP[0]::S0400_OFF == 0</Equation>
         <Equation>S_PERMISSIVE[1]::S0400_OFF == 1</Equation>
      </States>
   </Equipment>
   <Equipment name="S0400" type="Signal" flavor="HMI" CommandTimeOut="" AlarmTimeout="">
      <States>
         <Equation>NOEVENT[0]:: 1==1</Equation>
      </States>
   </Equipment>
   <Equipment name="S0404" type="Signal" flavor="Lamp" CommandTimeOut="" AlarmTimeout="">
      <States>
         <Equation>1::SPLS0404 == 0</Equation>
         <Equation>2::SPLS0404 == 1</Equation>
      </States>
      <StateAlarms>
         <Equation>S_RED_FAILURE[1]::SPLS0404==0 &amp;&amp; S0404_OFF==0</Equation>
         <Equation>S_WHITE_FAILURE[2]::SPLS0404==0 &amp;&amp; S0404_OFF==1</Equation>
      </StateAlarms>
   </Equipment>
   <Equipment name="S0404" type="Signal" flavor="Detection" CommandTimeOut="" AlarmTimeout="">
      <States>
         <Equation>S_STOP[0]::S0404_OFF == 0</Equation>
         <Equation>S_PERMISSIVE[1]::S0404_OFF == 1</Equation>
      </States>
   </Equipment>
   <Equipment name="S0404" type="Signal" flavor="HMI" CommandTimeOut="" AlarmTimeout="">
      <States>
         <Equation>NOEVENT[0]:: 1==1</Equation>
      </States>
   </Equipment>
   <Equipment name="S0408" type="Signal" flavor="Detection" CommandTimeOut="" AlarmTimeout="">
      <States>
         <Equation>S_STOP[0]::S0408_OFF == 0</Equation>
         <Equation>S_PERMISSIVE[1]::S0408_OFF == 1</Equation>
      </States>
   </Equipment>
   <Equipment name="S0408" type="Signal" flavor="ALS" CommandTimeOut="" AlarmTimeout="">
      <States>
         <Equation>S_APPROACH_FREE[1]::ALS0408 == 1</Equation>
         <Equation>S_APPROACH_LOCKED[2]::ALS0408 == 0</Equation>
         <Equation>NOEVENT[0]::1 == 1</Equation>
      </States>
   </Equipment>
   <Equipment name="S0408" type="Signal" flavor="HMI" CommandTimeOut="" AlarmTimeout="">
      <States>
         <Equation>1::S0408_OFF == 1 &amp;&amp; ALS0408 ==1</Equation>
         <Equation>2::S0408_OFF == 0 &amp;&amp; ALS0408 ==1</Equation>
         <Equation>3::S0408_OFF == 0 &amp;&amp; ALS0408 == 0</Equation>
         <Equation>4::S0408_OFF == 1 &amp;&amp; ALS0408 == 0</Equation>
         <Equation>0::1==1</Equation>
      </States>
   </Equipment>
   <Equipment name="S0408" type="Signal" flavor="Blocking" CommandTimeOut="" AlarmTimeout="">
      <States>
         <Equation>S_NOTBLOCKING[1]::MSC0408 == 1</Equation>
         <Equation>S_BLOCKING[2]::MSC0408 == 0</Equation>
      </States>
      <Requisites>
         <Equation>PREP_SBC0408[PREP_SBC]::PREP_SBC04==0</Equation>
         <Equation>PREP_SUC0408[PREP_SUC]::PREP_SUC04==0</Equation>
         <Equation>CONF_SBC0408[CONF_SBC]::1</Equation>
         <Equation>CONF_SUC0408[CONF_SUC]::1</Equation>
      </Requisites>
      <CommandResults>
         <Equation>PREP_SBC0408[PREP_SBC_RES]::PREP_SBC04==1</Equation>
         <Equation>PREP_SUC0408[PREP_SUC_RES]::PREP_SUC04==1</Equation>
         <Equation>CONF_SBC0408[CONF_SBC_RES]::MSC0408== 0</Equation>
         <Equation>CONF_SUC0408[CONF_SUC_RES]::MSC0408== 1</Equation>
      </CommandResults>
   </Equipment>
   <Equipment name="S0408" type="Signal" flavor="Automatic" CommandTimeOut="" AlarmTimeout="">
      <States>
         <Equation>1::RL0408_0320_D==0</Equation>
         <Equation>2::S_SEL0408 == 1 &amp;&amp; RL0408_0320_D==0</Equation>
         <Equation>3::RL0408_0320_D==1</Equation>
      </States>
   </Equipment>
   <Equipment name="S0408" type="Signal" flavor="Release" CommandTimeOut="" AlarmTimeout="">
      <States>
         <Equation>1::S_REL0408 == 0 &amp;&amp; (RL0408_0320_D==0)</Equation>
         <Equation>2::S_REL0408 == 0 &amp;&amp; (RL0408_0320_D==1)</Equation>
         <Equation>3::S_REL0408 == 1 &amp;&amp; (RL0408_0320_D==1)</Equation>
      </States>
   </Equipment>
   <Equipment name="S0408" type="Signal" flavor="Lamp" CommandTimeOut="" AlarmTimeout="">
      <States>
         <Equation>1::SPLS0408 == 0</Equation>
         <Equation>2::SPLS0408 == 1</Equation>
      </States>
      <StateAlarms>
         <Equation>S_RED_FAILURE[1]::SPLS0408==0 &amp;&amp; S0408_OFF==0</Equation>
         <Equation>S_WHITE_FAILURE[2]::SPLS0408==0 &amp;&amp; S0408_OFF==1</Equation>
      </StateAlarms>
   </Equipment>
   <Equipment name="S0408" type="Signal" flavor="Fleet">
      <States>
         <Equation>2::AR0408_0320==0</Equation>
         <Equation>3::RL0408_0320_D==1&amp;&amp;AR0408_0320==1</Equation>
      </States>
   </Equipment>
   <Equipment name="S0408" type="Signal" flavor="Detection" CommandTimeOut="" AlarmTimeout="">
      <States>
         <Equation>S_STOP[0]::S0408_OFF == 0</Equation>
         <Equation>S_PERMISSIVE[1]::S0408_OFF == 1</Equation>
      </States>
   </Equipment>
   <Equipment name="S0408" type="Signal" flavor="HMI" CommandTimeOut="" AlarmTimeout="">
      <States>
         <Equation>NOEVENT[0]:: 1==1</Equation>
      </States>
   </Equipment>
   <Equipment name="S0412" type="Signal" flavor="Detection" CommandTimeOut="" AlarmTimeout="">
      <States>
         <Equation>S_STOP[0]::S0412_OFF == 0</Equation>
         <Equation>S_PERMISSIVE[1]::S0412_OFF == 1</Equation>
      </States>
   </Equipment>
   <Equipment name="S0412" type="Signal" flavor="ALS" CommandTimeOut="" AlarmTimeout="">
      <States>
         <Equation>S_APPROACH_FREE[1]::ALS0412 == 1</Equation>
         <Equation>S_APPROACH_LOCKED[2]::ALS0412 == 0</Equation>
         <Equation>NOEVENT[0]::1 == 1</Equation>
      </States>
   </Equipment>
   <Equipment name="S0412" type="Signal" flavor="HMI" CommandTimeOut="" AlarmTimeout="">
      <States>
         <Equation>1::S0412_OFF == 1 &amp;&amp; ALS0412 ==1</Equation>
         <Equation>2::S0412_OFF == 0 &amp;&amp; ALS0412 ==1</Equation>
         <Equation>3::S0412_OFF == 0 &amp;&amp; ALS0412 == 0</Equation>
         <Equation>4::S0412_OFF == 1 &amp;&amp; ALS0412 == 0</Equation>
         <Equation>0::1==1</Equation>
      </States>
   </Equipment>
   <Equipment name="S0412" type="Signal" flavor="Blocking" CommandTimeOut="" AlarmTimeout="">
      <States>
         <Equation>S_NOTBLOCKING[1]::MSC0412 == 1</Equation>
         <Equation>S_BLOCKING[2]::MSC0412 == 0</Equation>
      </States>
      <Requisites>
         <Equation>PREP_SBC0412[PREP_SBC]::PREP_SBC04==0</Equation>
         <Equation>PREP_SUC0412[PREP_SUC]::PREP_SUC04==0</Equation>
         <Equation>CONF_SBC0412[CONF_SBC]::1</Equation>
         <Equation>CONF_SUC0412[CONF_SUC]::1</Equation>
      </Requisites>
      <CommandResults>
         <Equation>PREP_SBC0412[PREP_SBC_RES]::PREP_SBC04==1</Equation>
         <Equation>PREP_SUC0412[PREP_SUC_RES]::PREP_SUC04==1</Equation>
         <Equation>CONF_SBC0412[CONF_SBC_RES]::MSC0412== 0</Equation>
         <Equation>CONF_SUC0412[CONF_SUC_RES]::MSC0412== 1</Equation>
      </CommandResults>
   </Equipment>
   <Equipment name="S0412" type="Signal" flavor="Automatic" CommandTimeOut="" AlarmTimeout="">
      <States>
         <Equation>1::RL0412_0408_D==0</Equation>
         <Equation>2::S_SEL0412 == 1 &amp;&amp; RL0412_0408_D==0</Equation>
         <Equation>3::RL0412_0408_D==1</Equation>
      </States>
   </Equipment>
   <Equipment name="S0412" type="Signal" flavor="Release" CommandTimeOut="" AlarmTimeout="">
      <States>
         <Equation>1::S_REL0412 == 0 &amp;&amp; (RL0412_0408_D==0)</Equation>
         <Equation>2::S_REL0412 == 0 &amp;&amp; (RL0412_0408_D==1)</Equation>
         <Equation>3::S_REL0412 == 1 &amp;&amp; (RL0412_0408_D==1)</Equation>
      </States>
   </Equipment>
   <Equipment name="S0412" type="Signal" flavor="Lamp" CommandTimeOut="" AlarmTimeout="">
      <States>
         <Equation>1::SPLS0412 == 0</Equation>
         <Equation>2::SPLS0412 == 1</Equation>
      </States>
      <StateAlarms>
         <Equation>S_RED_FAILURE[1]::SPLS0412==0 &amp;&amp; S0412_OFF==0</Equation>
         <Equation>S_WHITE_FAILURE[2]::SPLS0412==0 &amp;&amp; S0412_OFF==1</Equation>
      </StateAlarms>
   </Equipment>
   <Equipment name="S0412" type="Signal" flavor="Fleet">
      <States>
         <Equation>2::AR0412_0408==0</Equation>
         <Equation>3::RL0412_0408_D==1&amp;&amp;AR0412_0408==1</Equation>
      </States>
   </Equipment>
   <Equipment name="S0412" type="Signal" flavor="Detection" CommandTimeOut="" AlarmTimeout="">
      <States>
         <Equation>S_STOP[0]::S0412_OFF == 0</Equation>
         <Equation>S_PERMISSIVE[1]::S0412_OFF == 1</Equation>
      </States>
   </Equipment>
   <Equipment name="S0412" type="Signal" flavor="HMI" CommandTimeOut="" AlarmTimeout="">
      <States>
         <Equation>NOEVENT[0]:: 1==1</Equation>
      </States>
   </Equipment>
   <Equipment name="S0416" type="Signal" flavor="Detection" CommandTimeOut="" AlarmTimeout="">
      <States>
         <Equation>S_STOP[0]::S0416_OFF == 0</Equation>
         <Equation>S_PERMISSIVE[1]::S0416_OFF == 1</Equation>
      </States>
   </Equipment>
   <Equipment name="S0416" type="Signal" flavor="ALS" CommandTimeOut="" AlarmTimeout="">
      <States>
         <Equation>S_APPROACH_FREE[1]::ALS0416 == 1</Equation>
         <Equation>S_APPROACH_LOCKED[2]::ALS0416 == 0</Equation>
         <Equation>NOEVENT[0]::1 == 1</Equation>
      </States>
   </Equipment>
   <Equipment name="S0416" type="Signal" flavor="HMI" CommandTimeOut="" AlarmTimeout="">
      <States>
         <Equation>1::S0416_OFF == 1 &amp;&amp; ALS0416 ==1</Equation>
         <Equation>2::S0416_OFF == 0 &amp;&amp; ALS0416 ==1</Equation>
         <Equation>3::S0416_OFF == 0 &amp;&amp; ALS0416 == 0</Equation>
         <Equation>4::S0416_OFF == 1 &amp;&amp; ALS0416 == 0</Equation>
         <Equation>0::1==1</Equation>
      </States>
   </Equipment>
   <Equipment name="S0416" type="Signal" flavor="Blocking" CommandTimeOut="" AlarmTimeout="">
      <States>
         <Equation>S_NOTBLOCKING[1]::MSC0416 == 1</Equation>
         <Equation>S_BLOCKING[2]::MSC0416 == 0</Equation>
      </States>
      <Requisites>
         <Equation>PREP_SBC0416[PREP_SBC]::PREP_SBC04==0</Equation>
         <Equation>PREP_SUC0416[PREP_SUC]::PREP_SUC04==0</Equation>
         <Equation>CONF_SBC0416[CONF_SBC]::1</Equation>
         <Equation>CONF_SUC0416[CONF_SUC]::1</Equation>
      </Requisites>
      <CommandResults>
         <Equation>PREP_SBC0416[PREP_SBC_RES]::PREP_SBC04==1</Equation>
         <Equation>PREP_SUC0416[PREP_SUC_RES]::PREP_SUC04==1</Equation>
         <Equation>CONF_SBC0416[CONF_SBC_RES]::MSC0416== 0</Equation>
         <Equation>CONF_SUC0416[CONF_SUC_RES]::MSC0416== 1</Equation>
      </CommandResults>
   </Equipment>
   <Equipment name="S0416" type="Signal" flavor="Automatic" CommandTimeOut="" AlarmTimeout="">
      <States>
         <Equation>1::RL0416_0408_D==0 &amp;&amp; RL0416_0410_D==0</Equation>
         <Equation>2::S_SEL0416 == 1 &amp;&amp; RL0416_0408_D==0 &amp;&amp; RL0416_0410_D==0</Equation>
         <Equation>3::RL0416_0408_D==1 || RL0416_0410_D==1</Equation>
      </States>
   </Equipment>
   <Equipment name="S0416" type="Signal" flavor="Release" CommandTimeOut="" AlarmTimeout="">
      <States>
         <Equation>1::S_REL0416 == 0 &amp;&amp; (RL0416_0408_D==0 &amp;&amp; RL0416_0410_D==0)</Equation>
         <Equation>2::S_REL0416 == 0 &amp;&amp; (RL0416_0408_D==1 || RL0416_0410_D==1)</Equation>
         <Equation>3::S_REL0416 == 1 &amp;&amp; (RL0416_0408_D==1 || RL0416_0410_D==1)</Equation>
      </States>
   </Equipment>
   <Equipment name="S0416" type="Signal" flavor="Lamp" CommandTimeOut="" AlarmTimeout="">
      <States>
         <Equation>1::SPLS0416 == 0</Equation>
         <Equation>2::SPLS0416 == 1</Equation>
      </States>
      <StateAlarms>
         <Equation>S_RED_FAILURE[1]::SPLS0416==0 &amp;&amp; S0416_OFF==0</Equation>
         <Equation>S_WHITE_FAILURE[2]::SPLS0416==0 &amp;&amp; S0416_OFF==1</Equation>
      </StateAlarms>
   </Equipment>
   <Equipment name="S0416" type="Signal" flavor="Detection" CommandTimeOut="" AlarmTimeout="">
      <States>
         <Equation>S_STOP[0]::S0416_OFF == 0</Equation>
         <Equation>S_PERMISSIVE[1]::S0416_OFF == 1</Equation>
      </States>
   </Equipment>
   <Equipment name="S0416" type="Signal" flavor="HMI" CommandTimeOut="" AlarmTimeout="">
      <States>
         <Equation>NOEVENT[0]:: 1==1</Equation>
      </States>
   </Equipment>
   <Equipment name="S0401" type="Signal" flavor="Lamp" CommandTimeOut="" AlarmTimeout="">
      <States>
         <Equation>1::SPLS0401 == 0</Equation>
         <Equation>2::SPLS0401 == 1</Equation>
      </States>
      <StateAlarms>
         <Equation>S_RED_FAILURE[1]::SPLS0401==0 &amp;&amp; S0401_OFF==0</Equation>
         <Equation>S_WHITE_FAILURE[2]::SPLS0401==0 &amp;&amp; S0401_OFF==1</Equation>
      </StateAlarms>
   </Equipment>
   <Equipment name="S0401" type="Signal" flavor="Detection" CommandTimeOut="" AlarmTimeout="">
      <States>
         <Equation>S_STOP[0]::S0401_OFF == 0</Equation>
         <Equation>S_PERMISSIVE[1]::S0401_OFF == 1</Equation>
      </States>
   </Equipment>
   <Equipment name="S0401" type="Signal" flavor="HMI" CommandTimeOut="" AlarmTimeout="">
      <States>
         <Equation>NOEVENT[0]:: 1==1</Equation>
      </States>
   </Equipment>
   <Equipment name="S0405" type="Signal" flavor="Lamp" CommandTimeOut="" AlarmTimeout="">
      <States>
         <Equation>1::SPLS0405 == 0</Equation>
         <Equation>2::SPLS0405 == 1</Equation>
      </States>
      <StateAlarms>
         <Equation>S_RED_FAILURE[1]::SPLS0405==0 &amp;&amp; S0405_OFF==0</Equation>
         <Equation>S_WHITE_FAILURE[2]::SPLS0405==0 &amp;&amp; S0405_OFF==1</Equation>
      </StateAlarms>
   </Equipment>
   <Equipment name="S0405" type="Signal" flavor="Detection" CommandTimeOut="" AlarmTimeout="">
      <States>
         <Equation>S_STOP[0]::S0405_OFF == 0</Equation>
         <Equation>S_PERMISSIVE[1]::S0405_OFF == 1</Equation>
      </States>
   </Equipment>
   <Equipment name="S0405" type="Signal" flavor="HMI" CommandTimeOut="" AlarmTimeout="">
      <States>
         <Equation>NOEVENT[0]:: 1==1</Equation>
      </States>
   </Equipment>
   <Equipment name="S0409" type="Signal" flavor="Detection" CommandTimeOut="" AlarmTimeout="">
      <States>
         <Equation>S_STOP[0]::S0409_OFF == 0</Equation>
         <Equation>S_PERMISSIVE[1]::S0409_OFF == 1</Equation>
      </States>
   </Equipment>
   <Equipment name="S0409" type="Signal" flavor="ALS" CommandTimeOut="" AlarmTimeout="">
      <States>
         <Equation>S_APPROACH_FREE[1]::ALS0409 == 1</Equation>
         <Equation>S_APPROACH_LOCKED[2]::ALS0409 == 0</Equation>
         <Equation>NOEVENT[0]::1 == 1</Equation>
      </States>
   </Equipment>
   <Equipment name="S0409" type="Signal" flavor="HMI" CommandTimeOut="" AlarmTimeout="">
      <States>
         <Equation>1::S0409_OFF == 1 &amp;&amp; ALS0409 ==1</Equation>
         <Equation>2::S0409_OFF == 0 &amp;&amp; ALS0409 ==1</Equation>
         <Equation>3::S0409_OFF == 0 &amp;&amp; ALS0409 == 0</Equation>
         <Equation>4::S0409_OFF == 1 &amp;&amp; ALS0409 == 0</Equation>
         <Equation>0::1==1</Equation>
      </States>
   </Equipment>
   <Equipment name="S0409" type="Signal" flavor="Blocking" CommandTimeOut="" AlarmTimeout="">
      <States>
         <Equation>S_NOTBLOCKING[1]::MSC0409 == 1</Equation>
         <Equation>S_BLOCKING[2]::MSC0409 == 0</Equation>
      </States>
      <Requisites>
         <Equation>PREP_SBC0409[PREP_SBC]::PREP_SBC04==0</Equation>
         <Equation>PREP_SUC0409[PREP_SUC]::PREP_SUC04==0</Equation>
         <Equation>CONF_SBC0409[CONF_SBC]::1</Equation>
         <Equation>CONF_SUC0409[CONF_SUC]::1</Equation>
      </Requisites>
      <CommandResults>
         <Equation>PREP_SBC0409[PREP_SBC_RES]::PREP_SBC04==1</Equation>
         <Equation>PREP_SUC0409[PREP_SUC_RES]::PREP_SUC04==1</Equation>
         <Equation>CONF_SBC0409[CONF_SBC_RES]::MSC0409== 0</Equation>
         <Equation>CONF_SUC0409[CONF_SUC_RES]::MSC0409== 1</Equation>
      </CommandResults>
   </Equipment>
   <Equipment name="S0409" type="Signal" flavor="Automatic" CommandTimeOut="" AlarmTimeout="">
      <States>
         <Equation>1::RL0409_0415_D==0 &amp;&amp; RL0409_0417_D==0 &amp;&amp; RL0409_0705_D==0</Equation>
         <Equation>2::S_SEL0409 == 1 &amp;&amp; RL0409_0415_D==0 &amp;&amp; RL0409_0417_D==0 &amp;&amp; RL0409_0705_D==0</Equation>
         <Equation>3::RL0409_0415_D==1 || RL0409_0417_D==1 || RL0409_0705_D==1</Equation>
      </States>
   </Equipment>
   <Equipment name="S0409" type="Signal" flavor="Release" CommandTimeOut="" AlarmTimeout="">
      <States>
         <Equation>1::S_REL0409 == 0 &amp;&amp; (RL0409_0415_D==0 &amp;&amp; RL0409_0417_D==0 &amp;&amp; RL0409_0705_D==0)</Equation>
         <Equation>2::S_REL0409 == 0 &amp;&amp; (RL0409_0415_D==1 || RL0409_0417_D==1 || RL0409_0705_D==1)</Equation>
         <Equation>3::S_REL0409 == 1 &amp;&amp; (RL0409_0415_D==1 || RL0409_0417_D==1 || RL0409_0705_D==1)</Equation>
      </States>
   </Equipment>
   <Equipment name="S0409" type="Signal" flavor="Lamp" CommandTimeOut="" AlarmTimeout="">
      <States>
         <Equation>1::SPLS0409 == 0</Equation>
         <Equation>2::SPLS0409 == 1</Equation>
      </States>
      <StateAlarms>
         <Equation>S_RED_FAILURE[1]::SPLS0409==0 &amp;&amp; S0409_OFF==0</Equation>
         <Equation>S_WHITE_FAILURE[2]::SPLS0409==0 &amp;&amp; S0409_OFF==1</Equation>
      </StateAlarms>
   </Equipment>
   <Equipment name="S0409" type="Signal" flavor="Fleet">
      <States>
         <Equation>2::AR0409_0705==0</Equation>
         <Equation>3::RL0409_0705_D==1&amp;&amp;AR0409_0705==1</Equation>
      </States>
   </Equipment>
   <Equipment name="S0409" type="Signal" flavor="Detection" CommandTimeOut="" AlarmTimeout="">
      <States>
         <Equation>S_STOP[0]::S0409_OFF == 0</Equation>
         <Equation>S_PERMISSIVE[1]::S0409_OFF == 1</Equation>
      </States>
   </Equipment>
   <Equipment name="S0409" type="Signal" flavor="HMI" CommandTimeOut="" AlarmTimeout="">
      <States>
         <Equation>NOEVENT[0]:: 1==1</Equation>
      </States>
   </Equipment>
   <Equipment name="S0417" type="Signal" flavor="Detection" CommandTimeOut="" AlarmTimeout="">
      <States>
         <Equation>S_STOP[0]::S0417_OFF == 0</Equation>
         <Equation>S_PERMISSIVE[1]::S0417_OFF == 1</Equation>
      </States>
   </Equipment>
   <Equipment name="S0417" type="Signal" flavor="ALS" CommandTimeOut="" AlarmTimeout="">
      <States>
         <Equation>S_APPROACH_FREE[1]::ALS0417 == 1</Equation>
         <Equation>S_APPROACH_LOCKED[2]::ALS0417 == 0</Equation>
         <Equation>NOEVENT[0]::1 == 1</Equation>
      </States>
   </Equipment>
   <Equipment name="S0417" type="Signal" flavor="HMI" CommandTimeOut="" AlarmTimeout="">
      <States>
         <Equation>1::S0417_OFF == 1 &amp;&amp; ALS0417 ==1</Equation>
         <Equation>2::S0417_OFF == 0 &amp;&amp; ALS0417 ==1</Equation>
         <Equation>3::S0417_OFF == 0 &amp;&amp; ALS0417 == 0</Equation>
         <Equation>4::S0417_OFF == 1 &amp;&amp; ALS0417 == 0</Equation>
         <Equation>0::1==1</Equation>
      </States>
   </Equipment>
   <Equipment name="S0417" type="Signal" flavor="Blocking" CommandTimeOut="" AlarmTimeout="">
      <States>
         <Equation>S_NOTBLOCKING[1]::MSC0417 == 1</Equation>
         <Equation>S_BLOCKING[2]::MSC0417 == 0</Equation>
      </States>
      <Requisites>
         <Equation>PREP_SBC0417[PREP_SBC]::PREP_SBC04==0</Equation>
         <Equation>PREP_SUC0417[PREP_SUC]::PREP_SUC04==0</Equation>
         <Equation>CONF_SBC0417[CONF_SBC]::1</Equation>
         <Equation>CONF_SUC0417[CONF_SUC]::1</Equation>
      </Requisites>
      <CommandResults>
         <Equation>PREP_SBC0417[PREP_SBC_RES]::PREP_SBC04==1</Equation>
         <Equation>PREP_SUC0417[PREP_SUC_RES]::PREP_SUC04==1</Equation>
         <Equation>CONF_SBC0417[CONF_SBC_RES]::MSC0417== 0</Equation>
         <Equation>CONF_SUC0417[CONF_SUC_RES]::MSC0417== 1</Equation>
      </CommandResults>
   </Equipment>
   <Equipment name="S0417" type="Signal" flavor="Automatic" CommandTimeOut="" AlarmTimeout="">
      <States>
         <Equation>1::RL0417_0413_D==0</Equation>
         <Equation>2::S_SEL0417 == 1 &amp;&amp; RL0417_0413_D==0</Equation>
         <Equation>3::RL0417_0413_D==1</Equation>
      </States>
   </Equipment>
   <Equipment name="S0417" type="Signal" flavor="Release" CommandTimeOut="" AlarmTimeout="">
      <States>
         <Equation>1::S_REL0417 == 0 &amp;&amp; (RL0417_0413_D==0)</Equation>
         <Equation>2::S_REL0417 == 0 &amp;&amp; (RL0417_0413_D==1)</Equation>
         <Equation>3::S_REL0417 == 1 &amp;&amp; (RL0417_0413_D==1)</Equation>
      </States>
   </Equipment>
   <Equipment name="S0417" type="Signal" flavor="Lamp" CommandTimeOut="" AlarmTimeout="">
      <States>
         <Equation>1::SPLS0417 == 0</Equation>
         <Equation>2::SPLS0417 == 1</Equation>
      </States>
      <StateAlarms>
         <Equation>S_RED_FAILURE[1]::SPLS0417==0 &amp;&amp; S0417_OFF==0</Equation>
         <Equation>S_WHITE_FAILURE[2]::SPLS0417==0 &amp;&amp; S0417_OFF==1</Equation>
      </StateAlarms>
   </Equipment>
   <Equipment name="S0417" type="Signal" flavor="Detection" CommandTimeOut="" AlarmTimeout="">
      <States>
         <Equation>S_STOP[0]::S0417_OFF == 0</Equation>
         <Equation>S_PERMISSIVE[1]::S0417_OFF == 1</Equation>
      </States>
   </Equipment>
   <Equipment name="S0417" type="Signal" flavor="HMI" CommandTimeOut="" AlarmTimeout="">
      <States>
         <Equation>NOEVENT[0]:: 1==1</Equation>
      </States>
   </Equipment>
   <Equipment name="S0413" type="Signal" flavor="Detection" CommandTimeOut="" AlarmTimeout="">
      <States>
         <Equation>S_STOP[0]::S0413_OFF == 0</Equation>
         <Equation>S_PERMISSIVE[1]::S0413_OFF == 1</Equation>
      </States>
   </Equipment>
   <Equipment name="S0413" type="Signal" flavor="ALS" CommandTimeOut="" AlarmTimeout="">
      <States>
         <Equation>S_APPROACH_FREE[1]::ALS0413 == 1</Equation>
         <Equation>S_APPROACH_LOCKED[2]::ALS0413 == 0</Equation>
         <Equation>NOEVENT[0]::1 == 1</Equation>
      </States>
   </Equipment>
   <Equipment name="S0413" type="Signal" flavor="HMI" CommandTimeOut="" AlarmTimeout="">
      <States>
         <Equation>1::S0413_OFF == 1 &amp;&amp; ALS0413 ==1</Equation>
         <Equation>2::S0413_OFF == 0 &amp;&amp; ALS0413 ==1</Equation>
         <Equation>3::S0413_OFF == 0 &amp;&amp; ALS0413 == 0</Equation>
         <Equation>4::S0413_OFF == 1 &amp;&amp; ALS0413 == 0</Equation>
         <Equation>0::1==1</Equation>
      </States>
   </Equipment>
   <Equipment name="S0413" type="Signal" flavor="Blocking" CommandTimeOut="" AlarmTimeout="">
      <States>
         <Equation>S_NOTBLOCKING[1]::MSC0413 == 1</Equation>
         <Equation>S_BLOCKING[2]::MSC0413 == 0</Equation>
      </States>
      <Requisites>
         <Equation>PREP_SBC0413[PREP_SBC]::PREP_SBC04==0</Equation>
         <Equation>PREP_SUC0413[PREP_SUC]::PREP_SUC04==0</Equation>
         <Equation>CONF_SBC0413[CONF_SBC]::1</Equation>
         <Equation>CONF_SUC0413[CONF_SUC]::1</Equation>
      </Requisites>
      <CommandResults>
         <Equation>PREP_SBC0413[PREP_SBC_RES]::PREP_SBC04==1</Equation>
         <Equation>PREP_SUC0413[PREP_SUC_RES]::PREP_SUC04==1</Equation>
         <Equation>CONF_SBC0413[CONF_SBC_RES]::MSC0413== 0</Equation>
         <Equation>CONF_SUC0413[CONF_SUC_RES]::MSC0413== 1</Equation>
      </CommandResults>
   </Equipment>
   <Equipment name="S0413" type="Signal" flavor="Automatic" CommandTimeOut="" AlarmTimeout="">
      <States>
         <Equation>1::RL0413_0506_D==0</Equation>
         <Equation>2::S_SEL0413 == 1 &amp;&amp; RL0413_0506_D==0</Equation>
         <Equation>3::RL0413_0506_D==1</Equation>
      </States>
   </Equipment>
   <Equipment name="S0413" type="Signal" flavor="Release" CommandTimeOut="" AlarmTimeout="">
      <States>
         <Equation>1::S_REL0413 == 0 &amp;&amp; (RL0413_0506_D==0)</Equation>
         <Equation>2::S_REL0413 == 0 &amp;&amp; (RL0413_0506_D==1)</Equation>
         <Equation>3::S_REL0413 == 1 &amp;&amp; (RL0413_0506_D==1)</Equation>
      </States>
   </Equipment>
   <Equipment name="S0413" type="Signal" flavor="Lamp" CommandTimeOut="" AlarmTimeout="">
      <States>
         <Equation>1::SPLS0413 == 0</Equation>
         <Equation>2::SPLS0413 == 1</Equation>
      </States>
      <StateAlarms>
         <Equation>S_RED_FAILURE[1]::SPLS0413==0 &amp;&amp; S0413_OFF==0</Equation>
         <Equation>S_WHITE_FAILURE[2]::SPLS0413==0 &amp;&amp; S0413_OFF==1</Equation>
      </StateAlarms>
   </Equipment>
   <Equipment name="S0413" type="Signal" flavor="Detection" CommandTimeOut="" AlarmTimeout="">
      <States>
         <Equation>S_STOP[0]::S0413_OFF == 0</Equation>
         <Equation>S_PERMISSIVE[1]::S0413_OFF == 1</Equation>
      </States>
   </Equipment>
   <Equipment name="S0413" type="Signal" flavor="HMI" CommandTimeOut="" AlarmTimeout="">
      <States>
         <Equation>NOEVENT[0]:: 1==1</Equation>
      </States>
   </Equipment>
   <Equipment name="S0403" type="Signal" flavor="Lamp" CommandTimeOut="" AlarmTimeout="">
      <States>
         <Equation>1::SPLS0403 == 0</Equation>
         <Equation>2::SPLS0403 == 1</Equation>
      </States>
      <StateAlarms>
         <Equation>S_RED_FAILURE[1]::SPLS0403==0 &amp;&amp; S0403_OFF==0</Equation>
         <Equation>S_WHITE_FAILURE[2]::SPLS0403==0 &amp;&amp; S0403_OFF==1</Equation>
      </StateAlarms>
   </Equipment>
   <Equipment name="S0403" type="Signal" flavor="Detection" CommandTimeOut="" AlarmTimeout="">
      <States>
         <Equation>S_STOP[0]::S0403_OFF == 0</Equation>
         <Equation>S_PERMISSIVE[1]::S0403_OFF == 1</Equation>
      </States>
   </Equipment>
   <Equipment name="S0403" type="Signal" flavor="HMI" CommandTimeOut="" AlarmTimeout="">
      <States>
         <Equation>NOEVENT[0]:: 1==1</Equation>
      </States>
   </Equipment>
   <Equipment name="S0407" type="Signal" flavor="Lamp" CommandTimeOut="" AlarmTimeout="">
      <States>
         <Equation>1::SPLS0407 == 0</Equation>
         <Equation>2::SPLS0407 == 1</Equation>
      </States>
      <StateAlarms>
         <Equation>S_RED_FAILURE[1]::SPLS0407==0 &amp;&amp; S0407_OFF==0</Equation>
         <Equation>S_WHITE_FAILURE[2]::SPLS0407==0 &amp;&amp; S0407_OFF==1</Equation>
      </StateAlarms>
   </Equipment>
   <Equipment name="S0407" type="Signal" flavor="Detection" CommandTimeOut="" AlarmTimeout="">
      <States>
         <Equation>S_STOP[0]::S0407_OFF == 0</Equation>
         <Equation>S_PERMISSIVE[1]::S0407_OFF == 1</Equation>
      </States>
   </Equipment>
   <Equipment name="S0407" type="Signal" flavor="HMI" CommandTimeOut="" AlarmTimeout="">
      <States>
         <Equation>NOEVENT[0]:: 1==1</Equation>
      </States>
   </Equipment>
   <Equipment name="S0411" type="Signal" flavor="Detection" CommandTimeOut="" AlarmTimeout="">
      <States>
         <Equation>S_STOP[0]::S0411_OFF == 0</Equation>
         <Equation>S_PERMISSIVE[1]::S0411_OFF == 1</Equation>
      </States>
   </Equipment>
   <Equipment name="S0411" type="Signal" flavor="ALS" CommandTimeOut="" AlarmTimeout="">
      <States>
         <Equation>S_APPROACH_FREE[1]::ALS0411 == 1</Equation>
         <Equation>S_APPROACH_LOCKED[2]::ALS0411 == 0</Equation>
         <Equation>NOEVENT[0]::1 == 1</Equation>
      </States>
   </Equipment>
   <Equipment name="S0411" type="Signal" flavor="HMI" CommandTimeOut="" AlarmTimeout="">
      <States>
         <Equation>1::S0411_OFF == 1 &amp;&amp; ALS0411 ==1</Equation>
         <Equation>2::S0411_OFF == 0 &amp;&amp; ALS0411 ==1</Equation>
         <Equation>3::S0411_OFF == 0 &amp;&amp; ALS0411 == 0</Equation>
         <Equation>4::S0411_OFF == 1 &amp;&amp; ALS0411 == 0</Equation>
         <Equation>0::1==1</Equation>
      </States>
   </Equipment>
   <Equipment name="S0411" type="Signal" flavor="Blocking" CommandTimeOut="" AlarmTimeout="">
      <States>
         <Equation>S_NOTBLOCKING[1]::MSC0411 == 1</Equation>
         <Equation>S_BLOCKING[2]::MSC0411 == 0</Equation>
      </States>
      <Requisites>
         <Equation>PREP_SBC0411[PREP_SBC]::PREP_SBC04==0</Equation>
         <Equation>PREP_SUC0411[PREP_SUC]::PREP_SUC04==0</Equation>
         <Equation>CONF_SBC0411[CONF_SBC]::1</Equation>
         <Equation>CONF_SUC0411[CONF_SUC]::1</Equation>
      </Requisites>
      <CommandResults>
         <Equation>PREP_SBC0411[PREP_SBC_RES]::PREP_SBC04==1</Equation>
         <Equation>PREP_SUC0411[PREP_SUC_RES]::PREP_SUC04==1</Equation>
         <Equation>CONF_SBC0411[CONF_SBC_RES]::MSC0411== 0</Equation>
         <Equation>CONF_SUC0411[CONF_SUC_RES]::MSC0411== 1</Equation>
      </CommandResults>
   </Equipment>
   <Equipment name="S0411" type="Signal" flavor="Automatic" CommandTimeOut="" AlarmTimeout="">
      <States>
         <Equation>1::RL0411_0413_D==0 &amp;&amp; RL0411_0415_D==0 &amp;&amp; RL0411_0707_D==0</Equation>
         <Equation>2::S_SEL0411 == 1 &amp;&amp; RL0411_0413_D==0 &amp;&amp; RL0411_0415_D==0 &amp;&amp; RL0411_0707_D==0</Equation>
         <Equation>3::RL0411_0413_D==1 || RL0411_0415_D==1 || RL0411_0707_D==1</Equation>
      </States>
   </Equipment>
   <Equipment name="S0411" type="Signal" flavor="Release" CommandTimeOut="" AlarmTimeout="">
      <States>
         <Equation>1::S_REL0411 == 0 &amp;&amp; (RL0411_0413_D==0 &amp;&amp; RL0411_0415_D==0 &amp;&amp; RL0411_0707_D==0)</Equation>
         <Equation>2::S_REL0411 == 0 &amp;&amp; (RL0411_0413_D==1 || RL0411_0415_D==1 || RL0411_0707_D==1)</Equation>
         <Equation>3::S_REL0411 == 1 &amp;&amp; (RL0411_0413_D==1 || RL0411_0415_D==1 || RL0411_0707_D==1)</Equation>
      </States>
   </Equipment>
   <Equipment name="S0411" type="Signal" flavor="Lamp" CommandTimeOut="" AlarmTimeout="">
      <States>
         <Equation>1::SPLS0411 == 0</Equation>
         <Equation>2::SPLS0411 == 1</Equation>
      </States>
      <StateAlarms>
         <Equation>S_RED_FAILURE[1]::SPLS0411==0 &amp;&amp; S0411_OFF==0</Equation>
         <Equation>S_WHITE_FAILURE[2]::SPLS0411==0 &amp;&amp; S0411_OFF==1</Equation>
      </StateAlarms>
   </Equipment>
   <Equipment name="S0411" type="Signal" flavor="Detection" CommandTimeOut="" AlarmTimeout="">
      <States>
         <Equation>S_STOP[0]::S0411_OFF == 0</Equation>
         <Equation>S_PERMISSIVE[1]::S0411_OFF == 1</Equation>
      </States>
   </Equipment>
   <Equipment name="S0411" type="Signal" flavor="HMI" CommandTimeOut="" AlarmTimeout="">
      <States>
         <Equation>NOEVENT[0]:: 1==1</Equation>
      </States>
   </Equipment>
   <Equipment name="S0415" type="Signal" flavor="Detection" CommandTimeOut="" AlarmTimeout="">
      <States>
         <Equation>S_STOP[0]::S0415_OFF == 0</Equation>
         <Equation>S_PERMISSIVE[1]::S0415_OFF == 1</Equation>
      </States>
   </Equipment>
   <Equipment name="S0415" type="Signal" flavor="ALS" CommandTimeOut="" AlarmTimeout="">
      <States>
         <Equation>S_APPROACH_FREE[1]::ALS0415 == 1</Equation>
         <Equation>S_APPROACH_LOCKED[2]::ALS0415 == 0</Equation>
         <Equation>NOEVENT[0]::1 == 1</Equation>
      </States>
   </Equipment>
   <Equipment name="S0415" type="Signal" flavor="HMI" CommandTimeOut="" AlarmTimeout="">
      <States>
         <Equation>1::S0415_OFF == 1 &amp;&amp; ALS0415 ==1</Equation>
         <Equation>2::S0415_OFF == 0 &amp;&amp; ALS0415 ==1</Equation>
         <Equation>3::S0415_OFF == 0 &amp;&amp; ALS0415 == 0</Equation>
         <Equation>4::S0415_OFF == 1 &amp;&amp; ALS0415 == 0</Equation>
         <Equation>0::1==1</Equation>
      </States>
   </Equipment>
   <Equipment name="S0415" type="Signal" flavor="Blocking" CommandTimeOut="" AlarmTimeout="">
      <States>
         <Equation>S_NOTBLOCKING[1]::MSC0415 == 1</Equation>
         <Equation>S_BLOCKING[2]::MSC0415 == 0</Equation>
      </States>
      <Requisites>
         <Equation>PREP_SBC0415[PREP_SBC]::PREP_SBC04==0</Equation>
         <Equation>PREP_SUC0415[PREP_SUC]::PREP_SUC04==0</Equation>
         <Equation>CONF_SBC0415[CONF_SBC]::1</Equation>
         <Equation>CONF_SUC0415[CONF_SUC]::1</Equation>
      </Requisites>
      <CommandResults>
         <Equation>PREP_SBC0415[PREP_SBC_RES]::PREP_SBC04==1</Equation>
         <Equation>PREP_SUC0415[PREP_SUC_RES]::PREP_SUC04==1</Equation>
         <Equation>CONF_SBC0415[CONF_SBC_RES]::MSC0415== 0</Equation>
         <Equation>CONF_SUC0415[CONF_SUC_RES]::MSC0415== 1</Equation>
      </CommandResults>
   </Equipment>
   <Equipment name="S0415" type="Signal" flavor="Automatic" CommandTimeOut="" AlarmTimeout="">
      <States>
         <Equation>1::RL0415_0507_D==0</Equation>
         <Equation>2::S_SEL0415 == 1 &amp;&amp; RL0415_0507_D==0</Equation>
         <Equation>3::RL0415_0507_D==1</Equation>
      </States>
   </Equipment>
   <Equipment name="S0415" type="Signal" flavor="Release" CommandTimeOut="" AlarmTimeout="">
      <States>
         <Equation>1::S_REL0415 == 0 &amp;&amp; (RL0415_0507_D==0)</Equation>
         <Equation>2::S_REL0415 == 0 &amp;&amp; (RL0415_0507_D==1)</Equation>
         <Equation>3::S_REL0415 == 1 &amp;&amp; (RL0415_0507_D==1)</Equation>
      </States>
   </Equipment>
   <Equipment name="S0415" type="Signal" flavor="Lamp" CommandTimeOut="" AlarmTimeout="">
      <States>
         <Equation>1::SPLS0415 == 0</Equation>
         <Equation>2::SPLS0415 == 1</Equation>
      </States>
      <StateAlarms>
         <Equation>S_RED_FAILURE[1]::SPLS0415==0 &amp;&amp; S0415_OFF==0</Equation>
         <Equation>S_WHITE_FAILURE[2]::SPLS0415==0 &amp;&amp; S0415_OFF==1</Equation>
      </StateAlarms>
   </Equipment>
   <Equipment name="S0415" type="Signal" flavor="Detection" CommandTimeOut="" AlarmTimeout="">
      <States>
         <Equation>S_STOP[0]::S0415_OFF == 0</Equation>
         <Equation>S_PERMISSIVE[1]::S0415_OFF == 1</Equation>
      </States>
   </Equipment>
   <Equipment name="S0415" type="Signal" flavor="HMI" CommandTimeOut="" AlarmTimeout="">
      <States>
         <Equation>NOEVENT[0]:: 1==1</Equation>
      </States>
   </Equipment>
</SignallingRules>