<?xml version="1.0" encoding="UTF-8"?>
<SignallingRules xmlns:xsi="http://www.w3.org/2001/XMLSchema-instance"
                 xmlns:sys="http://www.systerel.fr/Alstom/IDP"
                 Project="CCL"
                 Generation_Date="XXXX-XX-XX"
                 xsi:noNamespaceSchemaLocation="SigRules.xsd">
   <Versions>
         <Version Name="ICONIS_IDP#SyAD_Configuration-CCL"
               Value="830F-ATS-0895_1E &amp; 830F-ATS-0402-1G"/>
         <Version Name="ICONIS_IDP#Product_Version" Value="SW_IDP_CCL_1.6.6"/>
         <Version Name="Project#System_Database_Version" Value="1.0.0"/>
         <Version Name="Project#ATS_Parameter_Version" Value=""/>
      </Versions>
   <Equipment name="S1302" type="Signal" flavor="Lamp" CommandTimeOut="" AlarmTimeout="">
      <States>
         <Equation>1::SPLS1302 == 0</Equation>
         <Equation>2::SPLS1302 == 1</Equation>
      </States>
      <StateAlarms>
         <Equation>S_RED_FAILURE[1]::SPLS1302==0 &amp;&amp; S1302_OFF==0</Equation>
         <Equation>S_WHITE_FAILURE[2]::SPLS1302==0 &amp;&amp; S1302_OFF==1</Equation>
      </StateAlarms>
   </Equipment>
   <Equipment name="S1302" type="Signal" flavor="Detection" CommandTimeOut="" AlarmTimeout="">
      <States>
         <Equation>S_STOP[0]::S1302_OFF == 0</Equation>
         <Equation>S_PERMISSIVE[1]::S1302_OFF == 1</Equation>
      </States>
   </Equipment>
   <Equipment name="S1302" type="Signal" flavor="HMI" CommandTimeOut="" AlarmTimeout="">
      <States>
         <Equation>NOEVENT[0]:: 1==1</Equation>
      </States>
   </Equipment>
   <Equipment name="S1306" type="Signal" flavor="Lamp" CommandTimeOut="" AlarmTimeout="">
      <States>
         <Equation>1::SPLS1306 == 0</Equation>
         <Equation>2::SPLS1306 == 1</Equation>
      </States>
      <StateAlarms>
         <Equation>S_RED_FAILURE[1]::SPLS1306==0 &amp;&amp; S1306_OFF==0</Equation>
         <Equation>S_WHITE_FAILURE[2]::SPLS1306==0 &amp;&amp; S1306_OFF==1</Equation>
      </StateAlarms>
   </Equipment>
   <Equipment name="S1306" type="Signal" flavor="Detection" CommandTimeOut="" AlarmTimeout="">
      <States>
         <Equation>S_STOP[0]::S1306_OFF == 0</Equation>
         <Equation>S_PERMISSIVE[1]::S1306_OFF == 1</Equation>
      </States>
   </Equipment>
   <Equipment name="S1306" type="Signal" flavor="HMI" CommandTimeOut="" AlarmTimeout="">
      <States>
         <Equation>NOEVENT[0]:: 1==1</Equation>
      </States>
   </Equipment>
   <Equipment name="S1310" type="Signal" flavor="Detection" CommandTimeOut="" AlarmTimeout="">
      <States>
         <Equation>S_STOP[0]::S1310_OFF == 0</Equation>
         <Equation>S_PERMISSIVE[1]::S1310_OFF == 1</Equation>
      </States>
   </Equipment>
   <Equipment name="S1310" type="Signal" flavor="ALS" CommandTimeOut="" AlarmTimeout="">
      <States>
         <Equation>S_APPROACH_FREE[1]::ALS1310 == 1</Equation>
         <Equation>S_APPROACH_LOCKED[2]::ALS1310 == 0</Equation>
         <Equation>NOEVENT[0]::1 == 1</Equation>
      </States>
   </Equipment>
   <Equipment name="S1310" type="Signal" flavor="HMI" CommandTimeOut="" AlarmTimeout="">
      <States>
         <Equation>1::S1310_OFF == 1 &amp;&amp; ALS1310 ==1</Equation>
         <Equation>2::S1310_OFF == 0 &amp;&amp; ALS1310 ==1</Equation>
         <Equation>3::S1310_OFF == 0 &amp;&amp; ALS1310 == 0</Equation>
         <Equation>4::S1310_OFF == 1 &amp;&amp; ALS1310 == 0</Equation>
         <Equation>0::1==1</Equation>
      </States>
   </Equipment>
   <Equipment name="S1310" type="Signal" flavor="Blocking" CommandTimeOut="" AlarmTimeout="">
      <States>
         <Equation>S_NOTBLOCKING[1]::MSC1310 == 1</Equation>
         <Equation>S_BLOCKING[2]::MSC1310 == 0</Equation>
      </States>
      <Requisites>
         <Equation>PREP_SBC1310[PREP_SBC]::PREP_SBC13==0</Equation>
         <Equation>PREP_SUC1310[PREP_SUC]::PREP_SUC13==0</Equation>
         <Equation>CONF_SBC1310[CONF_SBC]::1</Equation>
         <Equation>CONF_SUC1310[CONF_SUC]::1</Equation>
      </Requisites>
      <CommandResults>
         <Equation>PREP_SBC1310[PREP_SBC_RES]::PREP_SBC13==1</Equation>
         <Equation>PREP_SUC1310[PREP_SUC_RES]::PREP_SUC13==1</Equation>
         <Equation>CONF_SBC1310[CONF_SBC_RES]::MSC1310== 0</Equation>
         <Equation>CONF_SUC1310[CONF_SUC_RES]::MSC1310== 1</Equation>
      </CommandResults>
   </Equipment>
   <Equipment name="S1310" type="Signal" flavor="Automatic" CommandTimeOut="" AlarmTimeout="">
      <States>
         <Equation>1::RL1310_1212_D==0</Equation>
         <Equation>2::S_SEL1310 == 1 &amp;&amp; RL1310_1212_D==0</Equation>
         <Equation>3::RL1310_1212_D==1</Equation>
      </States>
   </Equipment>
   <Equipment name="S1310" type="Signal" flavor="Release" CommandTimeOut="" AlarmTimeout="">
      <States>
         <Equation>1::S_REL1310 == 0 &amp;&amp; (RL1310_1212_D==0)</Equation>
         <Equation>2::S_REL1310 == 0 &amp;&amp; (RL1310_1212_D==1)</Equation>
         <Equation>3::S_REL1310 == 1 &amp;&amp; (RL1310_1212_D==1)</Equation>
      </States>
   </Equipment>
   <Equipment name="S1310" type="Signal" flavor="Lamp" CommandTimeOut="" AlarmTimeout="">
      <States>
         <Equation>1::SPLS1310 == 0</Equation>
         <Equation>2::SPLS1310 == 1</Equation>
      </States>
      <StateAlarms>
         <Equation>S_RED_FAILURE[1]::SPLS1310==0 &amp;&amp; S1310_OFF==0</Equation>
         <Equation>S_WHITE_FAILURE[2]::SPLS1310==0 &amp;&amp; S1310_OFF==1</Equation>
      </StateAlarms>
   </Equipment>
   <Equipment name="S1310" type="Signal" flavor="Detection" CommandTimeOut="" AlarmTimeout="">
      <States>
         <Equation>S_STOP[0]::S1310_OFF == 0</Equation>
         <Equation>S_PERMISSIVE[1]::S1310_OFF == 1</Equation>
      </States>
   </Equipment>
   <Equipment name="S1310" type="Signal" flavor="HMI" CommandTimeOut="" AlarmTimeout="">
      <States>
         <Equation>NOEVENT[0]:: 1==1</Equation>
      </States>
   </Equipment>
   <Equipment name="S1316" type="Signal" flavor="Detection" CommandTimeOut="" AlarmTimeout="">
      <States>
         <Equation>S_STOP[0]::S1316_OFF == 0</Equation>
         <Equation>S_PERMISSIVE[1]::S1316_OFF == 1</Equation>
      </States>
   </Equipment>
   <Equipment name="S1316" type="Signal" flavor="ALS" CommandTimeOut="" AlarmTimeout="">
      <States>
         <Equation>S_APPROACH_FREE[1]::ALS1316 == 1</Equation>
         <Equation>S_APPROACH_LOCKED[2]::ALS1316 == 0</Equation>
         <Equation>NOEVENT[0]::1 == 1</Equation>
      </States>
   </Equipment>
   <Equipment name="S1316" type="Signal" flavor="HMI" CommandTimeOut="" AlarmTimeout="">
      <States>
         <Equation>1::S1316_OFF == 1 &amp;&amp; ALS1316 ==1</Equation>
         <Equation>2::S1316_OFF == 0 &amp;&amp; ALS1316 ==1</Equation>
         <Equation>3::S1316_OFF == 0 &amp;&amp; ALS1316 == 0</Equation>
         <Equation>4::S1316_OFF == 1 &amp;&amp; ALS1316 == 0</Equation>
         <Equation>0::1==1</Equation>
      </States>
   </Equipment>
   <Equipment name="S1316" type="Signal" flavor="Blocking" CommandTimeOut="" AlarmTimeout="">
      <States>
         <Equation>S_NOTBLOCKING[1]::MSC1316 == 1</Equation>
         <Equation>S_BLOCKING[2]::MSC1316 == 0</Equation>
      </States>
      <Requisites>
         <Equation>PREP_SBC1316[PREP_SBC]::PREP_SBC13==0</Equation>
         <Equation>PREP_SUC1316[PREP_SUC]::PREP_SUC13==0</Equation>
         <Equation>CONF_SBC1316[CONF_SBC]::1</Equation>
         <Equation>CONF_SUC1316[CONF_SUC]::1</Equation>
      </Requisites>
      <CommandResults>
         <Equation>PREP_SBC1316[PREP_SBC_RES]::PREP_SBC13==1</Equation>
         <Equation>PREP_SUC1316[PREP_SUC_RES]::PREP_SUC13==1</Equation>
         <Equation>CONF_SBC1316[CONF_SBC_RES]::MSC1316== 0</Equation>
         <Equation>CONF_SUC1316[CONF_SUC_RES]::MSC1316== 1</Equation>
      </CommandResults>
   </Equipment>
   <Equipment name="S1316" type="Signal" flavor="Automatic" CommandTimeOut="" AlarmTimeout="">
      <States>
         <Equation>1::RL1316_1310_D==0</Equation>
         <Equation>2::S_SEL1316 == 1 &amp;&amp; RL1316_1310_D==0</Equation>
         <Equation>3::RL1316_1310_D==1</Equation>
      </States>
   </Equipment>
   <Equipment name="S1316" type="Signal" flavor="Release" CommandTimeOut="" AlarmTimeout="">
      <States>
         <Equation>1::S_REL1316 == 0 &amp;&amp; (RL1316_1310_D==0)</Equation>
         <Equation>2::S_REL1316 == 0 &amp;&amp; (RL1316_1310_D==1)</Equation>
         <Equation>3::S_REL1316 == 1 &amp;&amp; (RL1316_1310_D==1)</Equation>
      </States>
   </Equipment>
   <Equipment name="S1316" type="Signal" flavor="Lamp" CommandTimeOut="" AlarmTimeout="">
      <States>
         <Equation>1::SPLS1316 == 0</Equation>
         <Equation>2::SPLS1316 == 1</Equation>
      </States>
      <StateAlarms>
         <Equation>S_RED_FAILURE[1]::SPLS1316==0 &amp;&amp; S1316_OFF==0</Equation>
         <Equation>S_WHITE_FAILURE[2]::SPLS1316==0 &amp;&amp; S1316_OFF==1</Equation>
      </StateAlarms>
   </Equipment>
   <Equipment name="S1316" type="Signal" flavor="Detection" CommandTimeOut="" AlarmTimeout="">
      <States>
         <Equation>S_STOP[0]::S1316_OFF == 0</Equation>
         <Equation>S_PERMISSIVE[1]::S1316_OFF == 1</Equation>
      </States>
   </Equipment>
   <Equipment name="S1316" type="Signal" flavor="HMI" CommandTimeOut="" AlarmTimeout="">
      <States>
         <Equation>NOEVENT[0]:: 1==1</Equation>
      </States>
   </Equipment>
   <Equipment name="S1320" type="Signal" flavor="Detection" CommandTimeOut="" AlarmTimeout="">
      <States>
         <Equation>S_STOP[0]::S1320_OFF == 0</Equation>
         <Equation>S_PERMISSIVE[1]::S1320_OFF == 1</Equation>
      </States>
   </Equipment>
   <Equipment name="S1320" type="Signal" flavor="ALS" CommandTimeOut="" AlarmTimeout="">
      <States>
         <Equation>S_APPROACH_FREE[1]::ALS1320 == 1</Equation>
         <Equation>S_APPROACH_LOCKED[2]::ALS1320 == 0</Equation>
         <Equation>NOEVENT[0]::1 == 1</Equation>
      </States>
   </Equipment>
   <Equipment name="S1320" type="Signal" flavor="HMI" CommandTimeOut="" AlarmTimeout="">
      <States>
         <Equation>1::S1320_OFF == 1 &amp;&amp; ALS1320 ==1</Equation>
         <Equation>2::S1320_OFF == 0 &amp;&amp; ALS1320 ==1</Equation>
         <Equation>3::S1320_OFF == 0 &amp;&amp; ALS1320 == 0</Equation>
         <Equation>4::S1320_OFF == 1 &amp;&amp; ALS1320 == 0</Equation>
         <Equation>0::1==1</Equation>
      </States>
   </Equipment>
   <Equipment name="S1320" type="Signal" flavor="Blocking" CommandTimeOut="" AlarmTimeout="">
      <States>
         <Equation>S_NOTBLOCKING[1]::MSC1320 == 1</Equation>
         <Equation>S_BLOCKING[2]::MSC1320 == 0</Equation>
      </States>
      <Requisites>
         <Equation>PREP_SBC1320[PREP_SBC]::PREP_SBC13==0</Equation>
         <Equation>PREP_SUC1320[PREP_SUC]::PREP_SUC13==0</Equation>
         <Equation>CONF_SBC1320[CONF_SBC]::1</Equation>
         <Equation>CONF_SUC1320[CONF_SUC]::1</Equation>
      </Requisites>
      <CommandResults>
         <Equation>PREP_SBC1320[PREP_SBC_RES]::PREP_SBC13==1</Equation>
         <Equation>PREP_SUC1320[PREP_SUC_RES]::PREP_SUC13==1</Equation>
         <Equation>CONF_SBC1320[CONF_SBC_RES]::MSC1320== 0</Equation>
         <Equation>CONF_SUC1320[CONF_SUC_RES]::MSC1320== 1</Equation>
      </CommandResults>
   </Equipment>
   <Equipment name="S1320" type="Signal" flavor="Automatic" CommandTimeOut="" AlarmTimeout="">
      <States>
         <Equation>1::RL1320_1314_D==0 &amp;&amp; RL1320_1316_D==0</Equation>
         <Equation>2::S_SEL1320 == 1 &amp;&amp; RL1320_1314_D==0 &amp;&amp; RL1320_1316_D==0</Equation>
         <Equation>3::RL1320_1314_D==1 || RL1320_1316_D==1</Equation>
      </States>
   </Equipment>
   <Equipment name="S1320" type="Signal" flavor="Release" CommandTimeOut="" AlarmTimeout="">
      <States>
         <Equation>1::S_REL1320 == 0 &amp;&amp; (RL1320_1314_D==0 &amp;&amp; RL1320_1316_D==0)</Equation>
         <Equation>2::S_REL1320 == 0 &amp;&amp; (RL1320_1314_D==1 || RL1320_1316_D==1)</Equation>
         <Equation>3::S_REL1320 == 1 &amp;&amp; (RL1320_1314_D==1 || RL1320_1316_D==1)</Equation>
      </States>
   </Equipment>
   <Equipment name="S1320" type="Signal" flavor="Lamp" CommandTimeOut="" AlarmTimeout="">
      <States>
         <Equation>1::SPLS1320 == 0</Equation>
         <Equation>2::SPLS1320 == 1</Equation>
      </States>
      <StateAlarms>
         <Equation>S_RED_FAILURE[1]::SPLS1320==0 &amp;&amp; S1320_OFF==0</Equation>
         <Equation>S_WHITE_FAILURE[2]::SPLS1320==0 &amp;&amp; S1320_OFF==1</Equation>
      </StateAlarms>
   </Equipment>
   <Equipment name="S1320" type="Signal" flavor="Detection" CommandTimeOut="" AlarmTimeout="">
      <States>
         <Equation>S_STOP[0]::S1320_OFF == 0</Equation>
         <Equation>S_PERMISSIVE[1]::S1320_OFF == 1</Equation>
      </States>
   </Equipment>
   <Equipment name="S1320" type="Signal" flavor="HMI" CommandTimeOut="" AlarmTimeout="">
      <States>
         <Equation>NOEVENT[0]:: 1==1</Equation>
      </States>
   </Equipment>
   <Equipment name="S1324" type="Signal" flavor="Lamp" CommandTimeOut="" AlarmTimeout="">
      <States>
         <Equation>1::SPLS1324 == 0</Equation>
         <Equation>2::SPLS1324 == 1</Equation>
      </States>
      <StateAlarms>
         <Equation>S_RED_FAILURE[1]::SPLS1324==0 &amp;&amp; S1324_OFF==0</Equation>
         <Equation>S_WHITE_FAILURE[2]::SPLS1324==0 &amp;&amp; S1324_OFF==1</Equation>
      </StateAlarms>
   </Equipment>
   <Equipment name="S1324" type="Signal" flavor="Detection" CommandTimeOut="" AlarmTimeout="">
      <States>
         <Equation>S_STOP[0]::S1324_OFF == 0</Equation>
         <Equation>S_PERMISSIVE[1]::S1324_OFF == 1</Equation>
      </States>
   </Equipment>
   <Equipment name="S1324" type="Signal" flavor="HMI" CommandTimeOut="" AlarmTimeout="">
      <States>
         <Equation>NOEVENT[0]:: 1==1</Equation>
      </States>
   </Equipment>
   <Equipment name="S1300" type="Signal" flavor="Lamp" CommandTimeOut="" AlarmTimeout="">
      <States>
         <Equation>1::SPLS1300 == 0</Equation>
         <Equation>2::SPLS1300 == 1</Equation>
      </States>
      <StateAlarms>
         <Equation>S_RED_FAILURE[1]::SPLS1300==0 &amp;&amp; S1300_OFF==0</Equation>
         <Equation>S_WHITE_FAILURE[2]::SPLS1300==0 &amp;&amp; S1300_OFF==1</Equation>
      </StateAlarms>
   </Equipment>
   <Equipment name="S1300" type="Signal" flavor="Detection" CommandTimeOut="" AlarmTimeout="">
      <States>
         <Equation>S_STOP[0]::S1300_OFF == 0</Equation>
         <Equation>S_PERMISSIVE[1]::S1300_OFF == 1</Equation>
      </States>
   </Equipment>
   <Equipment name="S1300" type="Signal" flavor="HMI" CommandTimeOut="" AlarmTimeout="">
      <States>
         <Equation>NOEVENT[0]:: 1==1</Equation>
      </States>
   </Equipment>
   <Equipment name="S1304" type="Signal" flavor="Lamp" CommandTimeOut="" AlarmTimeout="">
      <States>
         <Equation>1::SPLS1304 == 0</Equation>
         <Equation>2::SPLS1304 == 1</Equation>
      </States>
      <StateAlarms>
         <Equation>S_RED_FAILURE[1]::SPLS1304==0 &amp;&amp; S1304_OFF==0</Equation>
         <Equation>S_WHITE_FAILURE[2]::SPLS1304==0 &amp;&amp; S1304_OFF==1</Equation>
      </StateAlarms>
   </Equipment>
   <Equipment name="S1304" type="Signal" flavor="Detection" CommandTimeOut="" AlarmTimeout="">
      <States>
         <Equation>S_STOP[0]::S1304_OFF == 0</Equation>
         <Equation>S_PERMISSIVE[1]::S1304_OFF == 1</Equation>
      </States>
   </Equipment>
   <Equipment name="S1304" type="Signal" flavor="HMI" CommandTimeOut="" AlarmTimeout="">
      <States>
         <Equation>NOEVENT[0]:: 1==1</Equation>
      </States>
   </Equipment>
   <Equipment name="S1308" type="Signal" flavor="Detection" CommandTimeOut="" AlarmTimeout="">
      <States>
         <Equation>S_STOP[0]::S1308_OFF == 0</Equation>
         <Equation>S_PERMISSIVE[1]::S1308_OFF == 1</Equation>
      </States>
   </Equipment>
   <Equipment name="S1308" type="Signal" flavor="ALS" CommandTimeOut="" AlarmTimeout="">
      <States>
         <Equation>S_APPROACH_FREE[1]::ALS1308 == 1</Equation>
         <Equation>S_APPROACH_LOCKED[2]::ALS1308 == 0</Equation>
         <Equation>NOEVENT[0]::1 == 1</Equation>
      </States>
   </Equipment>
   <Equipment name="S1308" type="Signal" flavor="HMI" CommandTimeOut="" AlarmTimeout="">
      <States>
         <Equation>1::S1308_OFF == 1 &amp;&amp; ALS1308 ==1</Equation>
         <Equation>2::S1308_OFF == 0 &amp;&amp; ALS1308 ==1</Equation>
         <Equation>3::S1308_OFF == 0 &amp;&amp; ALS1308 == 0</Equation>
         <Equation>4::S1308_OFF == 1 &amp;&amp; ALS1308 == 0</Equation>
         <Equation>0::1==1</Equation>
      </States>
   </Equipment>
   <Equipment name="S1308" type="Signal" flavor="Blocking" CommandTimeOut="" AlarmTimeout="">
      <States>
         <Equation>S_NOTBLOCKING[1]::MSC1308 == 1</Equation>
         <Equation>S_BLOCKING[2]::MSC1308 == 0</Equation>
      </States>
      <Requisites>
         <Equation>PREP_SBC1308[PREP_SBC]::PREP_SBC13==0</Equation>
         <Equation>PREP_SUC1308[PREP_SUC]::PREP_SUC13==0</Equation>
         <Equation>CONF_SBC1308[CONF_SBC]::1</Equation>
         <Equation>CONF_SUC1308[CONF_SUC]::1</Equation>
      </Requisites>
      <CommandResults>
         <Equation>PREP_SBC1308[PREP_SBC_RES]::PREP_SBC13==1</Equation>
         <Equation>PREP_SUC1308[PREP_SUC_RES]::PREP_SUC13==1</Equation>
         <Equation>CONF_SBC1308[CONF_SBC_RES]::MSC1308== 0</Equation>
         <Equation>CONF_SUC1308[CONF_SUC_RES]::MSC1308== 1</Equation>
      </CommandResults>
   </Equipment>
   <Equipment name="S1308" type="Signal" flavor="Automatic" CommandTimeOut="" AlarmTimeout="">
      <States>
         <Equation>1::RL1308_1210_D==0</Equation>
         <Equation>2::S_SEL1308 == 1 &amp;&amp; RL1308_1210_D==0</Equation>
         <Equation>3::RL1308_1210_D==1</Equation>
      </States>
   </Equipment>
   <Equipment name="S1308" type="Signal" flavor="Release" CommandTimeOut="" AlarmTimeout="">
      <States>
         <Equation>1::S_REL1308 == 0 &amp;&amp; (RL1308_1210_D==0)</Equation>
         <Equation>2::S_REL1308 == 0 &amp;&amp; (RL1308_1210_D==1)</Equation>
         <Equation>3::S_REL1308 == 1 &amp;&amp; (RL1308_1210_D==1)</Equation>
      </States>
   </Equipment>
   <Equipment name="S1308" type="Signal" flavor="Lamp" CommandTimeOut="" AlarmTimeout="">
      <States>
         <Equation>1::SPLS1308 == 0</Equation>
         <Equation>2::SPLS1308 == 1</Equation>
      </States>
      <StateAlarms>
         <Equation>S_RED_FAILURE[1]::SPLS1308==0 &amp;&amp; S1308_OFF==0</Equation>
         <Equation>S_WHITE_FAILURE[2]::SPLS1308==0 &amp;&amp; S1308_OFF==1</Equation>
      </StateAlarms>
   </Equipment>
   <Equipment name="S1308" type="Signal" flavor="Fleet">
      <States>
         <Equation>2::AR1308_1210==0</Equation>
         <Equation>3::RL1308_1210_D==1&amp;&amp;AR1308_1210==1</Equation>
      </States>
   </Equipment>
   <Equipment name="S1308" type="Signal" flavor="Detection" CommandTimeOut="" AlarmTimeout="">
      <States>
         <Equation>S_STOP[0]::S1308_OFF == 0</Equation>
         <Equation>S_PERMISSIVE[1]::S1308_OFF == 1</Equation>
      </States>
   </Equipment>
   <Equipment name="S1308" type="Signal" flavor="HMI" CommandTimeOut="" AlarmTimeout="">
      <States>
         <Equation>NOEVENT[0]:: 1==1</Equation>
      </States>
   </Equipment>
   <Equipment name="S1312" type="Signal" flavor="Detection" CommandTimeOut="" AlarmTimeout="">
      <States>
         <Equation>S_STOP[0]::S1312_OFF == 0</Equation>
         <Equation>S_PERMISSIVE[1]::S1312_OFF == 1</Equation>
      </States>
   </Equipment>
   <Equipment name="S1312" type="Signal" flavor="ALS" CommandTimeOut="" AlarmTimeout="">
      <States>
         <Equation>S_APPROACH_FREE[1]::ALS1312 == 1</Equation>
         <Equation>S_APPROACH_LOCKED[2]::ALS1312 == 0</Equation>
         <Equation>NOEVENT[0]::1 == 1</Equation>
      </States>
   </Equipment>
   <Equipment name="S1312" type="Signal" flavor="HMI" CommandTimeOut="" AlarmTimeout="">
      <States>
         <Equation>1::S1312_OFF == 1 &amp;&amp; ALS1312 ==1</Equation>
         <Equation>2::S1312_OFF == 0 &amp;&amp; ALS1312 ==1</Equation>
         <Equation>3::S1312_OFF == 0 &amp;&amp; ALS1312 == 0</Equation>
         <Equation>4::S1312_OFF == 1 &amp;&amp; ALS1312 == 0</Equation>
         <Equation>0::1==1</Equation>
      </States>
   </Equipment>
   <Equipment name="S1312" type="Signal" flavor="Blocking" CommandTimeOut="" AlarmTimeout="">
      <States>
         <Equation>S_NOTBLOCKING[1]::MSC1312 == 1</Equation>
         <Equation>S_BLOCKING[2]::MSC1312 == 0</Equation>
      </States>
      <Requisites>
         <Equation>PREP_SBC1312[PREP_SBC]::PREP_SBC13==0</Equation>
         <Equation>PREP_SUC1312[PREP_SUC]::PREP_SUC13==0</Equation>
         <Equation>CONF_SBC1312[CONF_SBC]::1</Equation>
         <Equation>CONF_SUC1312[CONF_SUC]::1</Equation>
      </Requisites>
      <CommandResults>
         <Equation>PREP_SBC1312[PREP_SBC_RES]::PREP_SBC13==1</Equation>
         <Equation>PREP_SUC1312[PREP_SUC_RES]::PREP_SUC13==1</Equation>
         <Equation>CONF_SBC1312[CONF_SBC_RES]::MSC1312== 0</Equation>
         <Equation>CONF_SUC1312[CONF_SUC_RES]::MSC1312== 1</Equation>
      </CommandResults>
   </Equipment>
   <Equipment name="S1312" type="Signal" flavor="Automatic" CommandTimeOut="" AlarmTimeout="">
      <States>
         <Equation>1::RL1312_1308_D==0</Equation>
         <Equation>2::S_SEL1312 == 1 &amp;&amp; RL1312_1308_D==0</Equation>
         <Equation>3::RL1312_1308_D==1</Equation>
      </States>
   </Equipment>
   <Equipment name="S1312" type="Signal" flavor="Release" CommandTimeOut="" AlarmTimeout="">
      <States>
         <Equation>1::S_REL1312 == 0 &amp;&amp; (RL1312_1308_D==0)</Equation>
         <Equation>2::S_REL1312 == 0 &amp;&amp; (RL1312_1308_D==1)</Equation>
         <Equation>3::S_REL1312 == 1 &amp;&amp; (RL1312_1308_D==1)</Equation>
      </States>
   </Equipment>
   <Equipment name="S1312" type="Signal" flavor="Lamp" CommandTimeOut="" AlarmTimeout="">
      <States>
         <Equation>1::SPLS1312 == 0</Equation>
         <Equation>2::SPLS1312 == 1</Equation>
      </States>
      <StateAlarms>
         <Equation>S_RED_FAILURE[1]::SPLS1312==0 &amp;&amp; S1312_OFF==0</Equation>
         <Equation>S_WHITE_FAILURE[2]::SPLS1312==0 &amp;&amp; S1312_OFF==1</Equation>
      </StateAlarms>
   </Equipment>
   <Equipment name="S1312" type="Signal" flavor="Fleet">
      <States>
         <Equation>2::AR1312_1308==0</Equation>
         <Equation>3::RL1312_1308_D==1&amp;&amp;AR1312_1308==1</Equation>
      </States>
   </Equipment>
   <Equipment name="S1312" type="Signal" flavor="Detection" CommandTimeOut="" AlarmTimeout="">
      <States>
         <Equation>S_STOP[0]::S1312_OFF == 0</Equation>
         <Equation>S_PERMISSIVE[1]::S1312_OFF == 1</Equation>
      </States>
   </Equipment>
   <Equipment name="S1312" type="Signal" flavor="HMI" CommandTimeOut="" AlarmTimeout="">
      <States>
         <Equation>NOEVENT[0]:: 1==1</Equation>
      </States>
   </Equipment>
   <Equipment name="S1318" type="Signal" flavor="Detection" CommandTimeOut="" AlarmTimeout="">
      <States>
         <Equation>S_STOP[0]::S1318_OFF == 0</Equation>
         <Equation>S_PERMISSIVE[1]::S1318_OFF == 1</Equation>
      </States>
   </Equipment>
   <Equipment name="S1318" type="Signal" flavor="ALS" CommandTimeOut="" AlarmTimeout="">
      <States>
         <Equation>S_APPROACH_FREE[1]::ALS1318 == 1</Equation>
         <Equation>S_APPROACH_LOCKED[2]::ALS1318 == 0</Equation>
         <Equation>NOEVENT[0]::1 == 1</Equation>
      </States>
   </Equipment>
   <Equipment name="S1318" type="Signal" flavor="HMI" CommandTimeOut="" AlarmTimeout="">
      <States>
         <Equation>1::S1318_OFF == 1 &amp;&amp; ALS1318 ==1</Equation>
         <Equation>2::S1318_OFF == 0 &amp;&amp; ALS1318 ==1</Equation>
         <Equation>3::S1318_OFF == 0 &amp;&amp; ALS1318 == 0</Equation>
         <Equation>4::S1318_OFF == 1 &amp;&amp; ALS1318 == 0</Equation>
         <Equation>0::1==1</Equation>
      </States>
   </Equipment>
   <Equipment name="S1318" type="Signal" flavor="Blocking" CommandTimeOut="" AlarmTimeout="">
      <States>
         <Equation>S_NOTBLOCKING[1]::MSC1318 == 1</Equation>
         <Equation>S_BLOCKING[2]::MSC1318 == 0</Equation>
      </States>
      <Requisites>
         <Equation>PREP_SBC1318[PREP_SBC]::PREP_SBC13==0</Equation>
         <Equation>PREP_SUC1318[PREP_SUC]::PREP_SUC13==0</Equation>
         <Equation>CONF_SBC1318[CONF_SBC]::1</Equation>
         <Equation>CONF_SUC1318[CONF_SUC]::1</Equation>
      </Requisites>
      <CommandResults>
         <Equation>PREP_SBC1318[PREP_SBC_RES]::PREP_SBC13==1</Equation>
         <Equation>PREP_SUC1318[PREP_SUC_RES]::PREP_SUC13==1</Equation>
         <Equation>CONF_SBC1318[CONF_SBC_RES]::MSC1318== 0</Equation>
         <Equation>CONF_SUC1318[CONF_SUC_RES]::MSC1318== 1</Equation>
      </CommandResults>
   </Equipment>
   <Equipment name="S1318" type="Signal" flavor="Automatic" CommandTimeOut="" AlarmTimeout="">
      <States>
         <Equation>1::RL1318_1312_D==0 &amp;&amp; RL1318_1314_D==0</Equation>
         <Equation>2::S_SEL1318 == 1 &amp;&amp; RL1318_1312_D==0 &amp;&amp; RL1318_1314_D==0</Equation>
         <Equation>3::RL1318_1312_D==1 || RL1318_1314_D==1</Equation>
      </States>
   </Equipment>
   <Equipment name="S1318" type="Signal" flavor="Release" CommandTimeOut="" AlarmTimeout="">
      <States>
         <Equation>1::S_REL1318 == 0 &amp;&amp; (RL1318_1312_D==0 &amp;&amp; RL1318_1314_D==0)</Equation>
         <Equation>2::S_REL1318 == 0 &amp;&amp; (RL1318_1312_D==1 || RL1318_1314_D==1)</Equation>
         <Equation>3::S_REL1318 == 1 &amp;&amp; (RL1318_1312_D==1 || RL1318_1314_D==1)</Equation>
      </States>
   </Equipment>
   <Equipment name="S1318" type="Signal" flavor="Lamp" CommandTimeOut="" AlarmTimeout="">
      <States>
         <Equation>1::SPLS1318 == 0</Equation>
         <Equation>2::SPLS1318 == 1</Equation>
      </States>
      <StateAlarms>
         <Equation>S_RED_FAILURE[1]::SPLS1318==0 &amp;&amp; S1318_OFF==0</Equation>
         <Equation>S_WHITE_FAILURE[2]::SPLS1318==0 &amp;&amp; S1318_OFF==1</Equation>
      </StateAlarms>
   </Equipment>
   <Equipment name="S1318" type="Signal" flavor="Fleet">
      <States>
         <Equation>2::AR1318_1312==0</Equation>
         <Equation>3::RL1318_1312_D==1&amp;&amp;AR1318_1312==1</Equation>
      </States>
   </Equipment>
   <Equipment name="S1318" type="Signal" flavor="Detection" CommandTimeOut="" AlarmTimeout="">
      <States>
         <Equation>S_STOP[0]::S1318_OFF == 0</Equation>
         <Equation>S_PERMISSIVE[1]::S1318_OFF == 1</Equation>
      </States>
   </Equipment>
   <Equipment name="S1318" type="Signal" flavor="HMI" CommandTimeOut="" AlarmTimeout="">
      <States>
         <Equation>NOEVENT[0]:: 1==1</Equation>
      </States>
   </Equipment>
   <Equipment name="S1322" type="Signal" flavor="Lamp" CommandTimeOut="" AlarmTimeout="">
      <States>
         <Equation>1::SPLS1322 == 0</Equation>
         <Equation>2::SPLS1322 == 1</Equation>
      </States>
      <StateAlarms>
         <Equation>S_RED_FAILURE[1]::SPLS1322==0 &amp;&amp; S1322_OFF==0</Equation>
         <Equation>S_WHITE_FAILURE[2]::SPLS1322==0 &amp;&amp; S1322_OFF==1</Equation>
      </StateAlarms>
   </Equipment>
   <Equipment name="S1322" type="Signal" flavor="Detection" CommandTimeOut="" AlarmTimeout="">
      <States>
         <Equation>S_STOP[0]::S1322_OFF == 0</Equation>
         <Equation>S_PERMISSIVE[1]::S1322_OFF == 1</Equation>
      </States>
   </Equipment>
   <Equipment name="S1322" type="Signal" flavor="HMI" CommandTimeOut="" AlarmTimeout="">
      <States>
         <Equation>NOEVENT[0]:: 1==1</Equation>
      </States>
   </Equipment>
   <Equipment name="S1314" type="Signal" flavor="Detection" CommandTimeOut="" AlarmTimeout="">
      <States>
         <Equation>S_STOP[0]::S1314_OFF == 0</Equation>
         <Equation>S_PERMISSIVE[1]::S1314_OFF == 1</Equation>
      </States>
   </Equipment>
   <Equipment name="S1314" type="Signal" flavor="ALS" CommandTimeOut="" AlarmTimeout="">
      <States>
         <Equation>S_APPROACH_FREE[1]::ALS1314 == 1</Equation>
         <Equation>S_APPROACH_LOCKED[2]::ALS1314 == 0</Equation>
         <Equation>NOEVENT[0]::1 == 1</Equation>
      </States>
   </Equipment>
   <Equipment name="S1314" type="Signal" flavor="HMI" CommandTimeOut="" AlarmTimeout="">
      <States>
         <Equation>1::S1314_OFF == 1 &amp;&amp; ALS1314 ==1</Equation>
         <Equation>2::S1314_OFF == 0 &amp;&amp; ALS1314 ==1</Equation>
         <Equation>3::S1314_OFF == 0 &amp;&amp; ALS1314 == 0</Equation>
         <Equation>4::S1314_OFF == 1 &amp;&amp; ALS1314 == 0</Equation>
         <Equation>0::1==1</Equation>
      </States>
   </Equipment>
   <Equipment name="S1314" type="Signal" flavor="Blocking" CommandTimeOut="" AlarmTimeout="">
      <States>
         <Equation>S_NOTBLOCKING[1]::MSC1314 == 1</Equation>
         <Equation>S_BLOCKING[2]::MSC1314 == 0</Equation>
      </States>
      <Requisites>
         <Equation>PREP_SBC1314[PREP_SBC]::PREP_SBC13==0</Equation>
         <Equation>PREP_SUC1314[PREP_SUC]::PREP_SUC13==0</Equation>
         <Equation>CONF_SBC1314[CONF_SBC]::1</Equation>
         <Equation>CONF_SUC1314[CONF_SUC]::1</Equation>
      </Requisites>
      <CommandResults>
         <Equation>PREP_SBC1314[PREP_SBC_RES]::PREP_SBC13==1</Equation>
         <Equation>PREP_SUC1314[PREP_SUC_RES]::PREP_SUC13==1</Equation>
         <Equation>CONF_SBC1314[CONF_SBC_RES]::MSC1314== 0</Equation>
         <Equation>CONF_SUC1314[CONF_SUC_RES]::MSC1314== 1</Equation>
      </CommandResults>
   </Equipment>
   <Equipment name="S1314" type="Signal" flavor="Automatic" CommandTimeOut="" AlarmTimeout="">
      <States>
         <Equation>1::RL1314_1308_D==0 &amp;&amp; RL1314_1310_D==0</Equation>
         <Equation>2::S_SEL1314 == 1 &amp;&amp; RL1314_1308_D==0 &amp;&amp; RL1314_1310_D==0</Equation>
         <Equation>3::RL1314_1308_D==1 || RL1314_1310_D==1</Equation>
      </States>
   </Equipment>
   <Equipment name="S1314" type="Signal" flavor="Release" CommandTimeOut="" AlarmTimeout="">
      <States>
         <Equation>1::S_REL1314 == 0 &amp;&amp; (RL1314_1308_D==0 &amp;&amp; RL1314_1310_D==0)</Equation>
         <Equation>2::S_REL1314 == 0 &amp;&amp; (RL1314_1308_D==1 || RL1314_1310_D==1)</Equation>
         <Equation>3::S_REL1314 == 1 &amp;&amp; (RL1314_1308_D==1 || RL1314_1310_D==1)</Equation>
      </States>
   </Equipment>
   <Equipment name="S1314" type="Signal" flavor="Lamp" CommandTimeOut="" AlarmTimeout="">
      <States>
         <Equation>1::SPLS1314 == 0</Equation>
         <Equation>2::SPLS1314 == 1</Equation>
      </States>
      <StateAlarms>
         <Equation>S_RED_FAILURE[1]::SPLS1314==0 &amp;&amp; S1314_OFF==0</Equation>
         <Equation>S_WHITE_FAILURE[2]::SPLS1314==0 &amp;&amp; S1314_OFF==1</Equation>
      </StateAlarms>
   </Equipment>
   <Equipment name="S1314" type="Signal" flavor="Detection" CommandTimeOut="" AlarmTimeout="">
      <States>
         <Equation>S_STOP[0]::S1314_OFF == 0</Equation>
         <Equation>S_PERMISSIVE[1]::S1314_OFF == 1</Equation>
      </States>
   </Equipment>
   <Equipment name="S1314" type="Signal" flavor="HMI" CommandTimeOut="" AlarmTimeout="">
      <States>
         <Equation>NOEVENT[0]:: 1==1</Equation>
      </States>
   </Equipment>
   <Equipment name="S1301" type="Signal" flavor="Lamp" CommandTimeOut="" AlarmTimeout="">
      <States>
         <Equation>1::SPLS1301 == 0</Equation>
         <Equation>2::SPLS1301 == 1</Equation>
      </States>
      <StateAlarms>
         <Equation>S_RED_FAILURE[1]::SPLS1301==0 &amp;&amp; S1301_OFF==0</Equation>
         <Equation>S_WHITE_FAILURE[2]::SPLS1301==0 &amp;&amp; S1301_OFF==1</Equation>
      </StateAlarms>
   </Equipment>
   <Equipment name="S1301" type="Signal" flavor="Detection" CommandTimeOut="" AlarmTimeout="">
      <States>
         <Equation>S_STOP[0]::S1301_OFF == 0</Equation>
         <Equation>S_PERMISSIVE[1]::S1301_OFF == 1</Equation>
      </States>
   </Equipment>
   <Equipment name="S1301" type="Signal" flavor="HMI" CommandTimeOut="" AlarmTimeout="">
      <States>
         <Equation>NOEVENT[0]:: 1==1</Equation>
      </States>
   </Equipment>
   <Equipment name="S1305" type="Signal" flavor="Lamp" CommandTimeOut="" AlarmTimeout="">
      <States>
         <Equation>1::SPLS1305 == 0</Equation>
         <Equation>2::SPLS1305 == 1</Equation>
      </States>
      <StateAlarms>
         <Equation>S_RED_FAILURE[1]::SPLS1305==0 &amp;&amp; S1305_OFF==0</Equation>
         <Equation>S_WHITE_FAILURE[2]::SPLS1305==0 &amp;&amp; S1305_OFF==1</Equation>
      </StateAlarms>
   </Equipment>
   <Equipment name="S1305" type="Signal" flavor="Detection" CommandTimeOut="" AlarmTimeout="">
      <States>
         <Equation>S_STOP[0]::S1305_OFF == 0</Equation>
         <Equation>S_PERMISSIVE[1]::S1305_OFF == 1</Equation>
      </States>
   </Equipment>
   <Equipment name="S1305" type="Signal" flavor="HMI" CommandTimeOut="" AlarmTimeout="">
      <States>
         <Equation>NOEVENT[0]:: 1==1</Equation>
      </States>
   </Equipment>
   <Equipment name="S1309" type="Signal" flavor="Detection" CommandTimeOut="" AlarmTimeout="">
      <States>
         <Equation>S_STOP[0]::S1309_OFF == 0</Equation>
         <Equation>S_PERMISSIVE[1]::S1309_OFF == 1</Equation>
      </States>
   </Equipment>
   <Equipment name="S1309" type="Signal" flavor="ALS" CommandTimeOut="" AlarmTimeout="">
      <States>
         <Equation>S_APPROACH_FREE[1]::ALS1309 == 1</Equation>
         <Equation>S_APPROACH_LOCKED[2]::ALS1309 == 0</Equation>
         <Equation>NOEVENT[0]::1 == 1</Equation>
      </States>
   </Equipment>
   <Equipment name="S1309" type="Signal" flavor="HMI" CommandTimeOut="" AlarmTimeout="">
      <States>
         <Equation>1::S1309_OFF == 1 &amp;&amp; ALS1309 ==1</Equation>
         <Equation>2::S1309_OFF == 0 &amp;&amp; ALS1309 ==1</Equation>
         <Equation>3::S1309_OFF == 0 &amp;&amp; ALS1309 == 0</Equation>
         <Equation>4::S1309_OFF == 1 &amp;&amp; ALS1309 == 0</Equation>
         <Equation>0::1==1</Equation>
      </States>
   </Equipment>
   <Equipment name="S1309" type="Signal" flavor="Blocking" CommandTimeOut="" AlarmTimeout="">
      <States>
         <Equation>S_NOTBLOCKING[1]::MSC1309 == 1</Equation>
         <Equation>S_BLOCKING[2]::MSC1309 == 0</Equation>
      </States>
      <Requisites>
         <Equation>PREP_SBC1309[PREP_SBC]::PREP_SBC13==0</Equation>
         <Equation>PREP_SUC1309[PREP_SUC]::PREP_SUC13==0</Equation>
         <Equation>CONF_SBC1309[CONF_SBC]::1</Equation>
         <Equation>CONF_SUC1309[CONF_SUC]::1</Equation>
      </Requisites>
      <CommandResults>
         <Equation>PREP_SBC1309[PREP_SBC_RES]::PREP_SBC13==1</Equation>
         <Equation>PREP_SUC1309[PREP_SUC_RES]::PREP_SUC13==1</Equation>
         <Equation>CONF_SBC1309[CONF_SBC_RES]::MSC1309== 0</Equation>
         <Equation>CONF_SUC1309[CONF_SUC_RES]::MSC1309== 1</Equation>
      </CommandResults>
   </Equipment>
   <Equipment name="S1309" type="Signal" flavor="Automatic" CommandTimeOut="" AlarmTimeout="">
      <States>
         <Equation>1::RL1309_1313_D==0 &amp;&amp; RL1309_1315_D==0</Equation>
         <Equation>2::S_SEL1309 == 1 &amp;&amp; RL1309_1313_D==0 &amp;&amp; RL1309_1315_D==0</Equation>
         <Equation>3::RL1309_1313_D==1 || RL1309_1315_D==1</Equation>
      </States>
   </Equipment>
   <Equipment name="S1309" type="Signal" flavor="Release" CommandTimeOut="" AlarmTimeout="">
      <States>
         <Equation>1::S_REL1309 == 0 &amp;&amp; (RL1309_1313_D==0 &amp;&amp; RL1309_1315_D==0)</Equation>
         <Equation>2::S_REL1309 == 0 &amp;&amp; (RL1309_1313_D==1 || RL1309_1315_D==1)</Equation>
         <Equation>3::S_REL1309 == 1 &amp;&amp; (RL1309_1313_D==1 || RL1309_1315_D==1)</Equation>
      </States>
   </Equipment>
   <Equipment name="S1309" type="Signal" flavor="Lamp" CommandTimeOut="" AlarmTimeout="">
      <States>
         <Equation>1::SPLS1309 == 0</Equation>
         <Equation>2::SPLS1309 == 1</Equation>
      </States>
      <StateAlarms>
         <Equation>S_RED_FAILURE[1]::SPLS1309==0 &amp;&amp; S1309_OFF==0</Equation>
         <Equation>S_WHITE_FAILURE[2]::SPLS1309==0 &amp;&amp; S1309_OFF==1</Equation>
      </StateAlarms>
   </Equipment>
   <Equipment name="S1309" type="Signal" flavor="Fleet">
      <States>
         <Equation>2::AR1309_1313==0</Equation>
         <Equation>3::RL1309_1313_D==1&amp;&amp;AR1309_1313==1</Equation>
      </States>
   </Equipment>
   <Equipment name="S1309" type="Signal" flavor="Detection" CommandTimeOut="" AlarmTimeout="">
      <States>
         <Equation>S_STOP[0]::S1309_OFF == 0</Equation>
         <Equation>S_PERMISSIVE[1]::S1309_OFF == 1</Equation>
      </States>
   </Equipment>
   <Equipment name="S1309" type="Signal" flavor="HMI" CommandTimeOut="" AlarmTimeout="">
      <States>
         <Equation>NOEVENT[0]:: 1==1</Equation>
      </States>
   </Equipment>
   <Equipment name="S1313" type="Signal" flavor="Detection" CommandTimeOut="" AlarmTimeout="">
      <States>
         <Equation>S_STOP[0]::S1313_OFF == 0</Equation>
         <Equation>S_PERMISSIVE[1]::S1313_OFF == 1</Equation>
      </States>
   </Equipment>
   <Equipment name="S1313" type="Signal" flavor="ALS" CommandTimeOut="" AlarmTimeout="">
      <States>
         <Equation>S_APPROACH_FREE[1]::ALS1313 == 1</Equation>
         <Equation>S_APPROACH_LOCKED[2]::ALS1313 == 0</Equation>
         <Equation>NOEVENT[0]::1 == 1</Equation>
      </States>
   </Equipment>
   <Equipment name="S1313" type="Signal" flavor="HMI" CommandTimeOut="" AlarmTimeout="">
      <States>
         <Equation>1::S1313_OFF == 1 &amp;&amp; ALS1313 ==1</Equation>
         <Equation>2::S1313_OFF == 0 &amp;&amp; ALS1313 ==1</Equation>
         <Equation>3::S1313_OFF == 0 &amp;&amp; ALS1313 == 0</Equation>
         <Equation>4::S1313_OFF == 1 &amp;&amp; ALS1313 == 0</Equation>
         <Equation>0::1==1</Equation>
      </States>
   </Equipment>
   <Equipment name="S1313" type="Signal" flavor="Blocking" CommandTimeOut="" AlarmTimeout="">
      <States>
         <Equation>S_NOTBLOCKING[1]::MSC1313 == 1</Equation>
         <Equation>S_BLOCKING[2]::MSC1313 == 0</Equation>
      </States>
      <Requisites>
         <Equation>PREP_SBC1313[PREP_SBC]::PREP_SBC13==0</Equation>
         <Equation>PREP_SUC1313[PREP_SUC]::PREP_SUC13==0</Equation>
         <Equation>CONF_SBC1313[CONF_SBC]::1</Equation>
         <Equation>CONF_SUC1313[CONF_SUC]::1</Equation>
      </Requisites>
      <CommandResults>
         <Equation>PREP_SBC1313[PREP_SBC_RES]::PREP_SBC13==1</Equation>
         <Equation>PREP_SUC1313[PREP_SUC_RES]::PREP_SUC13==1</Equation>
         <Equation>CONF_SBC1313[CONF_SBC_RES]::MSC1313== 0</Equation>
         <Equation>CONF_SUC1313[CONF_SUC_RES]::MSC1313== 1</Equation>
      </CommandResults>
   </Equipment>
   <Equipment name="S1313" type="Signal" flavor="Automatic" CommandTimeOut="" AlarmTimeout="">
      <States>
         <Equation>1::RL1313_1323_D==0</Equation>
         <Equation>2::S_SEL1313 == 1 &amp;&amp; RL1313_1323_D==0</Equation>
         <Equation>3::RL1313_1323_D==1</Equation>
      </States>
   </Equipment>
   <Equipment name="S1313" type="Signal" flavor="Release" CommandTimeOut="" AlarmTimeout="">
      <States>
         <Equation>1::S_REL1313 == 0 &amp;&amp; (RL1313_1323_D==0)</Equation>
         <Equation>2::S_REL1313 == 0 &amp;&amp; (RL1313_1323_D==1)</Equation>
         <Equation>3::S_REL1313 == 1 &amp;&amp; (RL1313_1323_D==1)</Equation>
      </States>
   </Equipment>
   <Equipment name="S1313" type="Signal" flavor="Lamp" CommandTimeOut="" AlarmTimeout="">
      <States>
         <Equation>1::SPLS1313 == 0</Equation>
         <Equation>2::SPLS1313 == 1</Equation>
      </States>
      <StateAlarms>
         <Equation>S_RED_FAILURE[1]::SPLS1313==0 &amp;&amp; S1313_OFF==0</Equation>
         <Equation>S_WHITE_FAILURE[2]::SPLS1313==0 &amp;&amp; S1313_OFF==1</Equation>
      </StateAlarms>
   </Equipment>
   <Equipment name="S1313" type="Signal" flavor="Fleet">
      <States>
         <Equation>2::AR1313_1323==0</Equation>
         <Equation>3::RL1313_1323_D==1&amp;&amp;AR1313_1323==1</Equation>
      </States>
   </Equipment>
   <Equipment name="S1313" type="Signal" flavor="Detection" CommandTimeOut="" AlarmTimeout="">
      <States>
         <Equation>S_STOP[0]::S1313_OFF == 0</Equation>
         <Equation>S_PERMISSIVE[1]::S1313_OFF == 1</Equation>
      </States>
   </Equipment>
   <Equipment name="S1313" type="Signal" flavor="HMI" CommandTimeOut="" AlarmTimeout="">
      <States>
         <Equation>NOEVENT[0]:: 1==1</Equation>
      </States>
   </Equipment>
   <Equipment name="S1319" type="Signal" flavor="Lamp" CommandTimeOut="" AlarmTimeout="">
      <States>
         <Equation>1::SPLS1319 == 0</Equation>
         <Equation>2::SPLS1319 == 1</Equation>
      </States>
      <StateAlarms>
         <Equation>S_RED_FAILURE[1]::SPLS1319==0 &amp;&amp; S1319_OFF==0</Equation>
         <Equation>S_WHITE_FAILURE[2]::SPLS1319==0 &amp;&amp; S1319_OFF==1</Equation>
      </StateAlarms>
   </Equipment>
   <Equipment name="S1319" type="Signal" flavor="Detection" CommandTimeOut="" AlarmTimeout="">
      <States>
         <Equation>S_STOP[0]::S1319_OFF == 0</Equation>
         <Equation>S_PERMISSIVE[1]::S1319_OFF == 1</Equation>
      </States>
   </Equipment>
   <Equipment name="S1319" type="Signal" flavor="HMI" CommandTimeOut="" AlarmTimeout="">
      <States>
         <Equation>NOEVENT[0]:: 1==1</Equation>
      </States>
   </Equipment>
   <Equipment name="S1323" type="Signal" flavor="Detection" CommandTimeOut="" AlarmTimeout="">
      <States>
         <Equation>S_STOP[0]::S1323_OFF == 0</Equation>
         <Equation>S_PERMISSIVE[1]::S1323_OFF == 1</Equation>
      </States>
   </Equipment>
   <Equipment name="S1323" type="Signal" flavor="ALS" CommandTimeOut="" AlarmTimeout="">
      <States>
         <Equation>S_APPROACH_FREE[1]::ALS1323 == 1</Equation>
         <Equation>S_APPROACH_LOCKED[2]::ALS1323 == 0</Equation>
         <Equation>NOEVENT[0]::1 == 1</Equation>
      </States>
   </Equipment>
   <Equipment name="S1323" type="Signal" flavor="HMI" CommandTimeOut="" AlarmTimeout="">
      <States>
         <Equation>1::S1323_OFF == 1 &amp;&amp; ALS1323 ==1</Equation>
         <Equation>2::S1323_OFF == 0 &amp;&amp; ALS1323 ==1</Equation>
         <Equation>3::S1323_OFF == 0 &amp;&amp; ALS1323 == 0</Equation>
         <Equation>4::S1323_OFF == 1 &amp;&amp; ALS1323 == 0</Equation>
         <Equation>0::1==1</Equation>
      </States>
   </Equipment>
   <Equipment name="S1323" type="Signal" flavor="Blocking" CommandTimeOut="" AlarmTimeout="">
      <States>
         <Equation>S_NOTBLOCKING[1]::MSC1323 == 1</Equation>
         <Equation>S_BLOCKING[2]::MSC1323 == 0</Equation>
      </States>
      <Requisites>
         <Equation>PREP_SBC1323[PREP_SBC]::PREP_SBC13==0</Equation>
         <Equation>PREP_SUC1323[PREP_SUC]::PREP_SUC13==0</Equation>
         <Equation>CONF_SBC1323[CONF_SBC]::1</Equation>
         <Equation>CONF_SUC1323[CONF_SUC]::1</Equation>
      </Requisites>
      <CommandResults>
         <Equation>PREP_SBC1323[PREP_SBC_RES]::PREP_SBC13==1</Equation>
         <Equation>PREP_SUC1323[PREP_SUC_RES]::PREP_SUC13==1</Equation>
         <Equation>CONF_SBC1323[CONF_SBC_RES]::MSC1323== 0</Equation>
         <Equation>CONF_SUC1323[CONF_SUC_RES]::MSC1323== 1</Equation>
      </CommandResults>
   </Equipment>
   <Equipment name="S1323" type="Signal" flavor="Automatic" CommandTimeOut="" AlarmTimeout="">
      <States>
         <Equation>1::RL1323_1401_D==0</Equation>
         <Equation>2::S_SEL1323 == 1 &amp;&amp; RL1323_1401_D==0</Equation>
         <Equation>3::RL1323_1401_D==1</Equation>
      </States>
   </Equipment>
   <Equipment name="S1323" type="Signal" flavor="Release" CommandTimeOut="" AlarmTimeout="">
      <States>
         <Equation>1::S_REL1323 == 0 &amp;&amp; (RL1323_1401_D==0)</Equation>
         <Equation>2::S_REL1323 == 0 &amp;&amp; (RL1323_1401_D==1)</Equation>
         <Equation>3::S_REL1323 == 1 &amp;&amp; (RL1323_1401_D==1)</Equation>
      </States>
   </Equipment>
   <Equipment name="S1323" type="Signal" flavor="Lamp" CommandTimeOut="" AlarmTimeout="">
      <States>
         <Equation>1::SPLS1323 == 0</Equation>
         <Equation>2::SPLS1323 == 1</Equation>
      </States>
      <StateAlarms>
         <Equation>S_RED_FAILURE[1]::SPLS1323==0 &amp;&amp; S1323_OFF==0</Equation>
         <Equation>S_WHITE_FAILURE[2]::SPLS1323==0 &amp;&amp; S1323_OFF==1</Equation>
      </StateAlarms>
   </Equipment>
   <Equipment name="S1323" type="Signal" flavor="Fleet">
      <States>
         <Equation>2::AR1323_1401==0</Equation>
         <Equation>3::RL1323_1401_D==1&amp;&amp;AR1323_1401==1</Equation>
      </States>
   </Equipment>
   <Equipment name="S1323" type="Signal" flavor="Detection" CommandTimeOut="" AlarmTimeout="">
      <States>
         <Equation>S_STOP[0]::S1323_OFF == 0</Equation>
         <Equation>S_PERMISSIVE[1]::S1323_OFF == 1</Equation>
      </States>
   </Equipment>
   <Equipment name="S1323" type="Signal" flavor="HMI" CommandTimeOut="" AlarmTimeout="">
      <States>
         <Equation>NOEVENT[0]:: 1==1</Equation>
      </States>
   </Equipment>
   <Equipment name="S1303" type="Signal" flavor="Lamp" CommandTimeOut="" AlarmTimeout="">
      <States>
         <Equation>1::SPLS1303 == 0</Equation>
         <Equation>2::SPLS1303 == 1</Equation>
      </States>
      <StateAlarms>
         <Equation>S_RED_FAILURE[1]::SPLS1303==0 &amp;&amp; S1303_OFF==0</Equation>
         <Equation>S_WHITE_FAILURE[2]::SPLS1303==0 &amp;&amp; S1303_OFF==1</Equation>
      </StateAlarms>
   </Equipment>
   <Equipment name="S1303" type="Signal" flavor="Detection" CommandTimeOut="" AlarmTimeout="">
      <States>
         <Equation>S_STOP[0]::S1303_OFF == 0</Equation>
         <Equation>S_PERMISSIVE[1]::S1303_OFF == 1</Equation>
      </States>
   </Equipment>
   <Equipment name="S1303" type="Signal" flavor="HMI" CommandTimeOut="" AlarmTimeout="">
      <States>
         <Equation>NOEVENT[0]:: 1==1</Equation>
      </States>
   </Equipment>
   <Equipment name="S1307" type="Signal" flavor="Lamp" CommandTimeOut="" AlarmTimeout="">
      <States>
         <Equation>1::SPLS1307 == 0</Equation>
         <Equation>2::SPLS1307 == 1</Equation>
      </States>
      <StateAlarms>
         <Equation>S_RED_FAILURE[1]::SPLS1307==0 &amp;&amp; S1307_OFF==0</Equation>
         <Equation>S_WHITE_FAILURE[2]::SPLS1307==0 &amp;&amp; S1307_OFF==1</Equation>
      </StateAlarms>
   </Equipment>
   <Equipment name="S1307" type="Signal" flavor="Detection" CommandTimeOut="" AlarmTimeout="">
      <States>
         <Equation>S_STOP[0]::S1307_OFF == 0</Equation>
         <Equation>S_PERMISSIVE[1]::S1307_OFF == 1</Equation>
      </States>
   </Equipment>
   <Equipment name="S1307" type="Signal" flavor="HMI" CommandTimeOut="" AlarmTimeout="">
      <States>
         <Equation>NOEVENT[0]:: 1==1</Equation>
      </States>
   </Equipment>
   <Equipment name="S1311" type="Signal" flavor="Detection" CommandTimeOut="" AlarmTimeout="">
      <States>
         <Equation>S_STOP[0]::S1311_OFF == 0</Equation>
         <Equation>S_PERMISSIVE[1]::S1311_OFF == 1</Equation>
      </States>
   </Equipment>
   <Equipment name="S1311" type="Signal" flavor="ALS" CommandTimeOut="" AlarmTimeout="">
      <States>
         <Equation>S_APPROACH_FREE[1]::ALS1311 == 1</Equation>
         <Equation>S_APPROACH_LOCKED[2]::ALS1311 == 0</Equation>
         <Equation>NOEVENT[0]::1 == 1</Equation>
      </States>
   </Equipment>
   <Equipment name="S1311" type="Signal" flavor="HMI" CommandTimeOut="" AlarmTimeout="">
      <States>
         <Equation>1::S1311_OFF == 1 &amp;&amp; ALS1311 ==1</Equation>
         <Equation>2::S1311_OFF == 0 &amp;&amp; ALS1311 ==1</Equation>
         <Equation>3::S1311_OFF == 0 &amp;&amp; ALS1311 == 0</Equation>
         <Equation>4::S1311_OFF == 1 &amp;&amp; ALS1311 == 0</Equation>
         <Equation>0::1==1</Equation>
      </States>
   </Equipment>
   <Equipment name="S1311" type="Signal" flavor="Blocking" CommandTimeOut="" AlarmTimeout="">
      <States>
         <Equation>S_NOTBLOCKING[1]::MSC1311 == 1</Equation>
         <Equation>S_BLOCKING[2]::MSC1311 == 0</Equation>
      </States>
      <Requisites>
         <Equation>PREP_SBC1311[PREP_SBC]::PREP_SBC13==0</Equation>
         <Equation>PREP_SUC1311[PREP_SUC]::PREP_SUC13==0</Equation>
         <Equation>CONF_SBC1311[CONF_SBC]::1</Equation>
         <Equation>CONF_SUC1311[CONF_SUC]::1</Equation>
      </Requisites>
      <CommandResults>
         <Equation>PREP_SBC1311[PREP_SBC_RES]::PREP_SBC13==1</Equation>
         <Equation>PREP_SUC1311[PREP_SUC_RES]::PREP_SUC13==1</Equation>
         <Equation>CONF_SBC1311[CONF_SBC_RES]::MSC1311== 0</Equation>
         <Equation>CONF_SUC1311[CONF_SUC_RES]::MSC1311== 1</Equation>
      </CommandResults>
   </Equipment>
   <Equipment name="S1311" type="Signal" flavor="Automatic" CommandTimeOut="" AlarmTimeout="">
      <States>
         <Equation>1::RL1311_1315_D==0 &amp;&amp; RL1311_1317_D==0</Equation>
         <Equation>2::S_SEL1311 == 1 &amp;&amp; RL1311_1315_D==0 &amp;&amp; RL1311_1317_D==0</Equation>
         <Equation>3::RL1311_1315_D==1 || RL1311_1317_D==1</Equation>
      </States>
   </Equipment>
   <Equipment name="S1311" type="Signal" flavor="Release" CommandTimeOut="" AlarmTimeout="">
      <States>
         <Equation>1::S_REL1311 == 0 &amp;&amp; (RL1311_1315_D==0 &amp;&amp; RL1311_1317_D==0)</Equation>
         <Equation>2::S_REL1311 == 0 &amp;&amp; (RL1311_1315_D==1 || RL1311_1317_D==1)</Equation>
         <Equation>3::S_REL1311 == 1 &amp;&amp; (RL1311_1315_D==1 || RL1311_1317_D==1)</Equation>
      </States>
   </Equipment>
   <Equipment name="S1311" type="Signal" flavor="Lamp" CommandTimeOut="" AlarmTimeout="">
      <States>
         <Equation>1::SPLS1311 == 0</Equation>
         <Equation>2::SPLS1311 == 1</Equation>
      </States>
      <StateAlarms>
         <Equation>S_RED_FAILURE[1]::SPLS1311==0 &amp;&amp; S1311_OFF==0</Equation>
         <Equation>S_WHITE_FAILURE[2]::SPLS1311==0 &amp;&amp; S1311_OFF==1</Equation>
      </StateAlarms>
   </Equipment>
   <Equipment name="S1311" type="Signal" flavor="Detection" CommandTimeOut="" AlarmTimeout="">
      <States>
         <Equation>S_STOP[0]::S1311_OFF == 0</Equation>
         <Equation>S_PERMISSIVE[1]::S1311_OFF == 1</Equation>
      </States>
   </Equipment>
   <Equipment name="S1311" type="Signal" flavor="HMI" CommandTimeOut="" AlarmTimeout="">
      <States>
         <Equation>NOEVENT[0]:: 1==1</Equation>
      </States>
   </Equipment>
   <Equipment name="S1317" type="Signal" flavor="Detection" CommandTimeOut="" AlarmTimeout="">
      <States>
         <Equation>S_STOP[0]::S1317_OFF == 0</Equation>
         <Equation>S_PERMISSIVE[1]::S1317_OFF == 1</Equation>
      </States>
   </Equipment>
   <Equipment name="S1317" type="Signal" flavor="ALS" CommandTimeOut="" AlarmTimeout="">
      <States>
         <Equation>S_APPROACH_FREE[1]::ALS1317 == 1</Equation>
         <Equation>S_APPROACH_LOCKED[2]::ALS1317 == 0</Equation>
         <Equation>NOEVENT[0]::1 == 1</Equation>
      </States>
   </Equipment>
   <Equipment name="S1317" type="Signal" flavor="HMI" CommandTimeOut="" AlarmTimeout="">
      <States>
         <Equation>1::S1317_OFF == 1 &amp;&amp; ALS1317 ==1</Equation>
         <Equation>2::S1317_OFF == 0 &amp;&amp; ALS1317 ==1</Equation>
         <Equation>3::S1317_OFF == 0 &amp;&amp; ALS1317 == 0</Equation>
         <Equation>4::S1317_OFF == 1 &amp;&amp; ALS1317 == 0</Equation>
         <Equation>0::1==1</Equation>
      </States>
   </Equipment>
   <Equipment name="S1317" type="Signal" flavor="Blocking" CommandTimeOut="" AlarmTimeout="">
      <States>
         <Equation>S_NOTBLOCKING[1]::MSC1317 == 1</Equation>
         <Equation>S_BLOCKING[2]::MSC1317 == 0</Equation>
      </States>
      <Requisites>
         <Equation>PREP_SBC1317[PREP_SBC]::PREP_SBC13==0</Equation>
         <Equation>PREP_SUC1317[PREP_SUC]::PREP_SUC13==0</Equation>
         <Equation>CONF_SBC1317[CONF_SBC]::1</Equation>
         <Equation>CONF_SUC1317[CONF_SUC]::1</Equation>
      </Requisites>
      <CommandResults>
         <Equation>PREP_SBC1317[PREP_SBC_RES]::PREP_SBC13==1</Equation>
         <Equation>PREP_SUC1317[PREP_SUC_RES]::PREP_SUC13==1</Equation>
         <Equation>CONF_SBC1317[CONF_SBC_RES]::MSC1317== 0</Equation>
         <Equation>CONF_SUC1317[CONF_SUC_RES]::MSC1317== 1</Equation>
      </CommandResults>
   </Equipment>
   <Equipment name="S1317" type="Signal" flavor="Automatic" CommandTimeOut="" AlarmTimeout="">
      <States>
         <Equation>1::RL1317_1325_D==0</Equation>
         <Equation>2::S_SEL1317 == 1 &amp;&amp; RL1317_1325_D==0</Equation>
         <Equation>3::RL1317_1325_D==1</Equation>
      </States>
   </Equipment>
   <Equipment name="S1317" type="Signal" flavor="Release" CommandTimeOut="" AlarmTimeout="">
      <States>
         <Equation>1::S_REL1317 == 0 &amp;&amp; (RL1317_1325_D==0)</Equation>
         <Equation>2::S_REL1317 == 0 &amp;&amp; (RL1317_1325_D==1)</Equation>
         <Equation>3::S_REL1317 == 1 &amp;&amp; (RL1317_1325_D==1)</Equation>
      </States>
   </Equipment>
   <Equipment name="S1317" type="Signal" flavor="Lamp" CommandTimeOut="" AlarmTimeout="">
      <States>
         <Equation>1::SPLS1317 == 0</Equation>
         <Equation>2::SPLS1317 == 1</Equation>
      </States>
      <StateAlarms>
         <Equation>S_RED_FAILURE[1]::SPLS1317==0 &amp;&amp; S1317_OFF==0</Equation>
         <Equation>S_WHITE_FAILURE[2]::SPLS1317==0 &amp;&amp; S1317_OFF==1</Equation>
      </StateAlarms>
   </Equipment>
   <Equipment name="S1317" type="Signal" flavor="Detection" CommandTimeOut="" AlarmTimeout="">
      <States>
         <Equation>S_STOP[0]::S1317_OFF == 0</Equation>
         <Equation>S_PERMISSIVE[1]::S1317_OFF == 1</Equation>
      </States>
   </Equipment>
   <Equipment name="S1317" type="Signal" flavor="HMI" CommandTimeOut="" AlarmTimeout="">
      <States>
         <Equation>NOEVENT[0]:: 1==1</Equation>
      </States>
   </Equipment>
   <Equipment name="S1321" type="Signal" flavor="Lamp" CommandTimeOut="" AlarmTimeout="">
      <States>
         <Equation>1::SPLS1321 == 0</Equation>
         <Equation>2::SPLS1321 == 1</Equation>
      </States>
      <StateAlarms>
         <Equation>S_RED_FAILURE[1]::SPLS1321==0 &amp;&amp; S1321_OFF==0</Equation>
         <Equation>S_WHITE_FAILURE[2]::SPLS1321==0 &amp;&amp; S1321_OFF==1</Equation>
      </StateAlarms>
   </Equipment>
   <Equipment name="S1321" type="Signal" flavor="Detection" CommandTimeOut="" AlarmTimeout="">
      <States>
         <Equation>S_STOP[0]::S1321_OFF == 0</Equation>
         <Equation>S_PERMISSIVE[1]::S1321_OFF == 1</Equation>
      </States>
   </Equipment>
   <Equipment name="S1321" type="Signal" flavor="HMI" CommandTimeOut="" AlarmTimeout="">
      <States>
         <Equation>NOEVENT[0]:: 1==1</Equation>
      </States>
   </Equipment>
   <Equipment name="S1325" type="Signal" flavor="Detection" CommandTimeOut="" AlarmTimeout="">
      <States>
         <Equation>S_STOP[0]::S1325_OFF == 0</Equation>
         <Equation>S_PERMISSIVE[1]::S1325_OFF == 1</Equation>
      </States>
   </Equipment>
   <Equipment name="S1325" type="Signal" flavor="ALS" CommandTimeOut="" AlarmTimeout="">
      <States>
         <Equation>S_APPROACH_FREE[1]::ALS1325 == 1</Equation>
         <Equation>S_APPROACH_LOCKED[2]::ALS1325 == 0</Equation>
         <Equation>NOEVENT[0]::1 == 1</Equation>
      </States>
   </Equipment>
   <Equipment name="S1325" type="Signal" flavor="HMI" CommandTimeOut="" AlarmTimeout="">
      <States>
         <Equation>1::S1325_OFF == 1 &amp;&amp; ALS1325 ==1</Equation>
         <Equation>2::S1325_OFF == 0 &amp;&amp; ALS1325 ==1</Equation>
         <Equation>3::S1325_OFF == 0 &amp;&amp; ALS1325 == 0</Equation>
         <Equation>4::S1325_OFF == 1 &amp;&amp; ALS1325 == 0</Equation>
         <Equation>0::1==1</Equation>
      </States>
   </Equipment>
   <Equipment name="S1325" type="Signal" flavor="Blocking" CommandTimeOut="" AlarmTimeout="">
      <States>
         <Equation>S_NOTBLOCKING[1]::MSC1325 == 1</Equation>
         <Equation>S_BLOCKING[2]::MSC1325 == 0</Equation>
      </States>
      <Requisites>
         <Equation>PREP_SBC1325[PREP_SBC]::PREP_SBC13==0</Equation>
         <Equation>PREP_SUC1325[PREP_SUC]::PREP_SUC13==0</Equation>
         <Equation>CONF_SBC1325[CONF_SBC]::1</Equation>
         <Equation>CONF_SUC1325[CONF_SUC]::1</Equation>
      </Requisites>
      <CommandResults>
         <Equation>PREP_SBC1325[PREP_SBC_RES]::PREP_SBC13==1</Equation>
         <Equation>PREP_SUC1325[PREP_SUC_RES]::PREP_SUC13==1</Equation>
         <Equation>CONF_SBC1325[CONF_SBC_RES]::MSC1325== 0</Equation>
         <Equation>CONF_SUC1325[CONF_SUC_RES]::MSC1325== 1</Equation>
      </CommandResults>
   </Equipment>
   <Equipment name="S1325" type="Signal" flavor="Automatic" CommandTimeOut="" AlarmTimeout="">
      <States>
         <Equation>1::RL1325_1403_D==0</Equation>
         <Equation>2::S_SEL1325 == 1 &amp;&amp; RL1325_1403_D==0</Equation>
         <Equation>3::RL1325_1403_D==1</Equation>
      </States>
   </Equipment>
   <Equipment name="S1325" type="Signal" flavor="Release" CommandTimeOut="" AlarmTimeout="">
      <States>
         <Equation>1::S_REL1325 == 0 &amp;&amp; (RL1325_1403_D==0)</Equation>
         <Equation>2::S_REL1325 == 0 &amp;&amp; (RL1325_1403_D==1)</Equation>
         <Equation>3::S_REL1325 == 1 &amp;&amp; (RL1325_1403_D==1)</Equation>
      </States>
   </Equipment>
   <Equipment name="S1325" type="Signal" flavor="Lamp" CommandTimeOut="" AlarmTimeout="">
      <States>
         <Equation>1::SPLS1325 == 0</Equation>
         <Equation>2::SPLS1325 == 1</Equation>
      </States>
      <StateAlarms>
         <Equation>S_RED_FAILURE[1]::SPLS1325==0 &amp;&amp; S1325_OFF==0</Equation>
         <Equation>S_WHITE_FAILURE[2]::SPLS1325==0 &amp;&amp; S1325_OFF==1</Equation>
      </StateAlarms>
   </Equipment>
   <Equipment name="S1325" type="Signal" flavor="Detection" CommandTimeOut="" AlarmTimeout="">
      <States>
         <Equation>S_STOP[0]::S1325_OFF == 0</Equation>
         <Equation>S_PERMISSIVE[1]::S1325_OFF == 1</Equation>
      </States>
   </Equipment>
   <Equipment name="S1325" type="Signal" flavor="HMI" CommandTimeOut="" AlarmTimeout="">
      <States>
         <Equation>NOEVENT[0]:: 1==1</Equation>
      </States>
   </Equipment>
   <Equipment name="S1315" type="Signal" flavor="Detection" CommandTimeOut="" AlarmTimeout="">
      <States>
         <Equation>S_STOP[0]::S1315_OFF == 0</Equation>
         <Equation>S_PERMISSIVE[1]::S1315_OFF == 1</Equation>
      </States>
   </Equipment>
   <Equipment name="S1315" type="Signal" flavor="ALS" CommandTimeOut="" AlarmTimeout="">
      <States>
         <Equation>S_APPROACH_FREE[1]::ALS1315 == 1</Equation>
         <Equation>S_APPROACH_LOCKED[2]::ALS1315 == 0</Equation>
         <Equation>NOEVENT[0]::1 == 1</Equation>
      </States>
   </Equipment>
   <Equipment name="S1315" type="Signal" flavor="HMI" CommandTimeOut="" AlarmTimeout="">
      <States>
         <Equation>1::S1315_OFF == 1 &amp;&amp; ALS1315 ==1</Equation>
         <Equation>2::S1315_OFF == 0 &amp;&amp; ALS1315 ==1</Equation>
         <Equation>3::S1315_OFF == 0 &amp;&amp; ALS1315 == 0</Equation>
         <Equation>4::S1315_OFF == 1 &amp;&amp; ALS1315 == 0</Equation>
         <Equation>0::1==1</Equation>
      </States>
   </Equipment>
   <Equipment name="S1315" type="Signal" flavor="Blocking" CommandTimeOut="" AlarmTimeout="">
      <States>
         <Equation>S_NOTBLOCKING[1]::MSC1315 == 1</Equation>
         <Equation>S_BLOCKING[2]::MSC1315 == 0</Equation>
      </States>
      <Requisites>
         <Equation>PREP_SBC1315[PREP_SBC]::PREP_SBC13==0</Equation>
         <Equation>PREP_SUC1315[PREP_SUC]::PREP_SUC13==0</Equation>
         <Equation>CONF_SBC1315[CONF_SBC]::1</Equation>
         <Equation>CONF_SUC1315[CONF_SUC]::1</Equation>
      </Requisites>
      <CommandResults>
         <Equation>PREP_SBC1315[PREP_SBC_RES]::PREP_SBC13==1</Equation>
         <Equation>PREP_SUC1315[PREP_SUC_RES]::PREP_SUC13==1</Equation>
         <Equation>CONF_SBC1315[CONF_SBC_RES]::MSC1315== 0</Equation>
         <Equation>CONF_SUC1315[CONF_SUC_RES]::MSC1315== 1</Equation>
      </CommandResults>
   </Equipment>
   <Equipment name="S1315" type="Signal" flavor="Automatic" CommandTimeOut="" AlarmTimeout="">
      <States>
         <Equation>1::RL1315_1323_D==0 &amp;&amp; RL1315_1325_D==0</Equation>
         <Equation>2::S_SEL1315 == 1 &amp;&amp; RL1315_1323_D==0 &amp;&amp; RL1315_1325_D==0</Equation>
         <Equation>3::RL1315_1323_D==1 || RL1315_1325_D==1</Equation>
      </States>
   </Equipment>
   <Equipment name="S1315" type="Signal" flavor="Release" CommandTimeOut="" AlarmTimeout="">
      <States>
         <Equation>1::S_REL1315 == 0 &amp;&amp; (RL1315_1323_D==0 &amp;&amp; RL1315_1325_D==0)</Equation>
         <Equation>2::S_REL1315 == 0 &amp;&amp; (RL1315_1323_D==1 || RL1315_1325_D==1)</Equation>
         <Equation>3::S_REL1315 == 1 &amp;&amp; (RL1315_1323_D==1 || RL1315_1325_D==1)</Equation>
      </States>
   </Equipment>
   <Equipment name="S1315" type="Signal" flavor="Lamp" CommandTimeOut="" AlarmTimeout="">
      <States>
         <Equation>1::SPLS1315 == 0</Equation>
         <Equation>2::SPLS1315 == 1</Equation>
      </States>
      <StateAlarms>
         <Equation>S_RED_FAILURE[1]::SPLS1315==0 &amp;&amp; S1315_OFF==0</Equation>
         <Equation>S_WHITE_FAILURE[2]::SPLS1315==0 &amp;&amp; S1315_OFF==1</Equation>
      </StateAlarms>
   </Equipment>
   <Equipment name="S1315" type="Signal" flavor="Detection" CommandTimeOut="" AlarmTimeout="">
      <States>
         <Equation>S_STOP[0]::S1315_OFF == 0</Equation>
         <Equation>S_PERMISSIVE[1]::S1315_OFF == 1</Equation>
      </States>
   </Equipment>
   <Equipment name="S1315" type="Signal" flavor="HMI" CommandTimeOut="" AlarmTimeout="">
      <States>
         <Equation>NOEVENT[0]:: 1==1</Equation>
      </States>
   </Equipment>
</SignallingRules>