<?xml version="1.0" encoding="UTF-8"?>
<SignallingRules xmlns:xsi="http://www.w3.org/2001/XMLSchema-instance"
                 xmlns:sys="http://www.systerel.fr/Alstom/IDP"
                 Project="CCL"
                 Generation_Date="XXXX-XX-XX"
                 xsi:noNamespaceSchemaLocation="SigRules.xsd">
   <Versions>
         <Version Name="ICONIS_IDP#SyAD_Configuration-CCL"
               Value="830F-ATS-0895_1E &amp; 830F-ATS-0402-1G"/>
         <Version Name="ICONIS_IDP#Product_Version" Value="SW_IDP_CCL_1.6.6"/>
         <Version Name="Project#System_Database_Version" Value="1.0.0"/>
         <Version Name="Project#ATS_Parameter_Version" Value=""/>
      </Versions>
   <Equipment name="S1002" type="Signal" flavor="Detection" CommandTimeOut="" AlarmTimeout="">
      <States>
         <Equation>S_STOP[0]::S1002_OFF == 0</Equation>
         <Equation>S_PERMISSIVE[1]::S1002_OFF == 1</Equation>
      </States>
   </Equipment>
   <Equipment name="S1002" type="Signal" flavor="ALS" CommandTimeOut="" AlarmTimeout="">
      <States>
         <Equation>S_APPROACH_FREE[1]::ALS1002 == 1</Equation>
         <Equation>S_APPROACH_LOCKED[2]::ALS1002 == 0</Equation>
         <Equation>NOEVENT[0]::1 == 1</Equation>
      </States>
   </Equipment>
   <Equipment name="S1002" type="Signal" flavor="HMI" CommandTimeOut="" AlarmTimeout="">
      <States>
         <Equation>1::S1002_OFF == 1 &amp;&amp; ALS1002 ==1</Equation>
         <Equation>2::S1002_OFF == 0 &amp;&amp; ALS1002 ==1</Equation>
         <Equation>3::S1002_OFF == 0 &amp;&amp; ALS1002 == 0</Equation>
         <Equation>4::S1002_OFF == 1 &amp;&amp; ALS1002 == 0</Equation>
         <Equation>0::1==1</Equation>
      </States>
   </Equipment>
   <Equipment name="S1002" type="Signal" flavor="Blocking" CommandTimeOut="" AlarmTimeout="">
      <States>
         <Equation>S_NOTBLOCKING[1]::MSC1002 == 1</Equation>
         <Equation>S_BLOCKING[2]::MSC1002 == 0</Equation>
      </States>
      <Requisites>
         <Equation>PREP_SBC1002[PREP_SBC]::PREP_SBC10==0</Equation>
         <Equation>PREP_SUC1002[PREP_SUC]::PREP_SUC10==0</Equation>
         <Equation>CONF_SBC1002[CONF_SBC]::1</Equation>
         <Equation>CONF_SUC1002[CONF_SUC]::1</Equation>
      </Requisites>
      <CommandResults>
         <Equation>PREP_SBC1002[PREP_SBC_RES]::PREP_SBC10==1</Equation>
         <Equation>PREP_SUC1002[PREP_SUC_RES]::PREP_SUC10==1</Equation>
         <Equation>CONF_SBC1002[CONF_SBC_RES]::MSC1002== 0</Equation>
         <Equation>CONF_SUC1002[CONF_SUC_RES]::MSC1002== 1</Equation>
      </CommandResults>
   </Equipment>
   <Equipment name="S1002" type="Signal" flavor="Automatic" CommandTimeOut="" AlarmTimeout="">
      <States>
         <Equation>1::RL1002_0916_D==0</Equation>
         <Equation>2::S_SEL1002 == 1 &amp;&amp; RL1002_0916_D==0</Equation>
         <Equation>3::RL1002_0916_D==1</Equation>
      </States>
   </Equipment>
   <Equipment name="S1002" type="Signal" flavor="Release" CommandTimeOut="" AlarmTimeout="">
      <States>
         <Equation>1::S_REL1002 == 0 &amp;&amp; (RL1002_0916_D==0)</Equation>
         <Equation>2::S_REL1002 == 0 &amp;&amp; (RL1002_0916_D==1)</Equation>
         <Equation>3::S_REL1002 == 1 &amp;&amp; (RL1002_0916_D==1)</Equation>
      </States>
   </Equipment>
   <Equipment name="S1002" type="Signal" flavor="Lamp" CommandTimeOut="" AlarmTimeout="">
      <States>
         <Equation>1::SPLS1002 == 0</Equation>
         <Equation>2::SPLS1002 == 1</Equation>
      </States>
      <StateAlarms>
         <Equation>S_RED_FAILURE[1]::SPLS1002==0 &amp;&amp; S1002_OFF==0</Equation>
         <Equation>S_WHITE_FAILURE[2]::SPLS1002==0 &amp;&amp; S1002_OFF==1</Equation>
      </StateAlarms>
   </Equipment>
   <Equipment name="S1002" type="Signal" flavor="Detection" CommandTimeOut="" AlarmTimeout="">
      <States>
         <Equation>S_STOP[0]::S1002_OFF == 0</Equation>
         <Equation>S_PERMISSIVE[1]::S1002_OFF == 1</Equation>
      </States>
   </Equipment>
   <Equipment name="S1002" type="Signal" flavor="HMI" CommandTimeOut="" AlarmTimeout="">
      <States>
         <Equation>NOEVENT[0]:: 1==1</Equation>
      </States>
   </Equipment>
   <Equipment name="S1006" type="Signal" flavor="Lamp" CommandTimeOut="" AlarmTimeout="">
      <States>
         <Equation>1::SPLS1006 == 0</Equation>
         <Equation>2::SPLS1006 == 1</Equation>
      </States>
      <StateAlarms>
         <Equation>S_RED_FAILURE[1]::SPLS1006==0 &amp;&amp; S1006_OFF==0</Equation>
         <Equation>S_WHITE_FAILURE[2]::SPLS1006==0 &amp;&amp; S1006_OFF==1</Equation>
      </StateAlarms>
   </Equipment>
   <Equipment name="S1006" type="Signal" flavor="Detection" CommandTimeOut="" AlarmTimeout="">
      <States>
         <Equation>S_STOP[0]::S1006_OFF == 0</Equation>
         <Equation>S_PERMISSIVE[1]::S1006_OFF == 1</Equation>
      </States>
   </Equipment>
   <Equipment name="S1006" type="Signal" flavor="HMI" CommandTimeOut="" AlarmTimeout="">
      <States>
         <Equation>NOEVENT[0]:: 1==1</Equation>
      </States>
   </Equipment>
   <Equipment name="S1012" type="Signal" flavor="Detection" CommandTimeOut="" AlarmTimeout="">
      <States>
         <Equation>S_STOP[0]::S1012_OFF == 0</Equation>
         <Equation>S_PERMISSIVE[1]::S1012_OFF == 1</Equation>
      </States>
   </Equipment>
   <Equipment name="S1012" type="Signal" flavor="ALS" CommandTimeOut="" AlarmTimeout="">
      <States>
         <Equation>S_APPROACH_FREE[1]::ALS1012 == 1</Equation>
         <Equation>S_APPROACH_LOCKED[2]::ALS1012 == 0</Equation>
         <Equation>NOEVENT[0]::1 == 1</Equation>
      </States>
   </Equipment>
   <Equipment name="S1012" type="Signal" flavor="HMI" CommandTimeOut="" AlarmTimeout="">
      <States>
         <Equation>1::S1012_OFF == 1 &amp;&amp; ALS1012 ==1</Equation>
         <Equation>2::S1012_OFF == 0 &amp;&amp; ALS1012 ==1</Equation>
         <Equation>3::S1012_OFF == 0 &amp;&amp; ALS1012 == 0</Equation>
         <Equation>4::S1012_OFF == 1 &amp;&amp; ALS1012 == 0</Equation>
         <Equation>0::1==1</Equation>
      </States>
   </Equipment>
   <Equipment name="S1012" type="Signal" flavor="Blocking" CommandTimeOut="" AlarmTimeout="">
      <States>
         <Equation>S_NOTBLOCKING[1]::MSC1012 == 1</Equation>
         <Equation>S_BLOCKING[2]::MSC1012 == 0</Equation>
      </States>
      <Requisites>
         <Equation>PREP_SBC1012[PREP_SBC]::PREP_SBC10==0</Equation>
         <Equation>PREP_SUC1012[PREP_SUC]::PREP_SUC10==0</Equation>
         <Equation>CONF_SBC1012[CONF_SBC]::1</Equation>
         <Equation>CONF_SUC1012[CONF_SUC]::1</Equation>
      </Requisites>
      <CommandResults>
         <Equation>PREP_SBC1012[PREP_SBC_RES]::PREP_SBC10==1</Equation>
         <Equation>PREP_SUC1012[PREP_SUC_RES]::PREP_SUC10==1</Equation>
         <Equation>CONF_SBC1012[CONF_SBC_RES]::MSC1012== 0</Equation>
         <Equation>CONF_SUC1012[CONF_SUC_RES]::MSC1012== 1</Equation>
      </CommandResults>
   </Equipment>
   <Equipment name="S1012" type="Signal" flavor="Automatic" CommandTimeOut="" AlarmTimeout="">
      <States>
         <Equation>1::RL1012_1002_D==0 &amp;&amp; RL1012_1008_D==0</Equation>
         <Equation>2::S_SEL1012 == 1 &amp;&amp; RL1012_1002_D==0 &amp;&amp; RL1012_1008_D==0</Equation>
         <Equation>3::RL1012_1002_D==1 || RL1012_1008_D==1</Equation>
      </States>
   </Equipment>
   <Equipment name="S1012" type="Signal" flavor="Release" CommandTimeOut="" AlarmTimeout="">
      <States>
         <Equation>1::S_REL1012 == 0 &amp;&amp; (RL1012_1002_D==0 &amp;&amp; RL1012_1008_D==0)</Equation>
         <Equation>2::S_REL1012 == 0 &amp;&amp; (RL1012_1002_D==1 || RL1012_1008_D==1)</Equation>
         <Equation>3::S_REL1012 == 1 &amp;&amp; (RL1012_1002_D==1 || RL1012_1008_D==1)</Equation>
      </States>
   </Equipment>
   <Equipment name="S1012" type="Signal" flavor="Lamp" CommandTimeOut="" AlarmTimeout="">
      <States>
         <Equation>1::SPLS1012 == 0</Equation>
         <Equation>2::SPLS1012 == 1</Equation>
      </States>
      <StateAlarms>
         <Equation>S_RED_FAILURE[1]::SPLS1012==0 &amp;&amp; S1012_OFF==0</Equation>
         <Equation>S_WHITE_FAILURE[2]::SPLS1012==0 &amp;&amp; S1012_OFF==1</Equation>
      </StateAlarms>
   </Equipment>
   <Equipment name="S1012" type="Signal" flavor="Detection" CommandTimeOut="" AlarmTimeout="">
      <States>
         <Equation>S_STOP[0]::S1012_OFF == 0</Equation>
         <Equation>S_PERMISSIVE[1]::S1012_OFF == 1</Equation>
      </States>
   </Equipment>
   <Equipment name="S1012" type="Signal" flavor="HMI" CommandTimeOut="" AlarmTimeout="">
      <States>
         <Equation>NOEVENT[0]:: 1==1</Equation>
      </States>
   </Equipment>
   <Equipment name="S1000" type="Signal" flavor="Detection" CommandTimeOut="" AlarmTimeout="">
      <States>
         <Equation>S_STOP[0]::S1000_OFF == 0</Equation>
         <Equation>S_PERMISSIVE[1]::S1000_OFF == 1</Equation>
      </States>
   </Equipment>
   <Equipment name="S1000" type="Signal" flavor="ALS" CommandTimeOut="" AlarmTimeout="">
      <States>
         <Equation>S_APPROACH_FREE[1]::ALS1000 == 1</Equation>
         <Equation>S_APPROACH_LOCKED[2]::ALS1000 == 0</Equation>
         <Equation>NOEVENT[0]::1 == 1</Equation>
      </States>
   </Equipment>
   <Equipment name="S1000" type="Signal" flavor="HMI" CommandTimeOut="" AlarmTimeout="">
      <States>
         <Equation>1::S1000_OFF == 1 &amp;&amp; ALS1000 ==1</Equation>
         <Equation>2::S1000_OFF == 0 &amp;&amp; ALS1000 ==1</Equation>
         <Equation>3::S1000_OFF == 0 &amp;&amp; ALS1000 == 0</Equation>
         <Equation>4::S1000_OFF == 1 &amp;&amp; ALS1000 == 0</Equation>
         <Equation>0::1==1</Equation>
      </States>
   </Equipment>
   <Equipment name="S1000" type="Signal" flavor="Blocking" CommandTimeOut="" AlarmTimeout="">
      <States>
         <Equation>S_NOTBLOCKING[1]::MSC1000 == 1</Equation>
         <Equation>S_BLOCKING[2]::MSC1000 == 0</Equation>
      </States>
      <Requisites>
         <Equation>PREP_SBC1000[PREP_SBC]::PREP_SBC10==0</Equation>
         <Equation>PREP_SUC1000[PREP_SUC]::PREP_SUC10==0</Equation>
         <Equation>CONF_SBC1000[CONF_SBC]::1</Equation>
         <Equation>CONF_SUC1000[CONF_SUC]::1</Equation>
      </Requisites>
      <CommandResults>
         <Equation>PREP_SBC1000[PREP_SBC_RES]::PREP_SBC10==1</Equation>
         <Equation>PREP_SUC1000[PREP_SUC_RES]::PREP_SUC10==1</Equation>
         <Equation>CONF_SBC1000[CONF_SBC_RES]::MSC1000== 0</Equation>
         <Equation>CONF_SUC1000[CONF_SUC_RES]::MSC1000== 1</Equation>
      </CommandResults>
   </Equipment>
   <Equipment name="S1000" type="Signal" flavor="Automatic" CommandTimeOut="" AlarmTimeout="">
      <States>
         <Equation>1::RL1000_0914_D==0</Equation>
         <Equation>2::S_SEL1000 == 1 &amp;&amp; RL1000_0914_D==0</Equation>
         <Equation>3::RL1000_0914_D==1</Equation>
      </States>
   </Equipment>
   <Equipment name="S1000" type="Signal" flavor="Release" CommandTimeOut="" AlarmTimeout="">
      <States>
         <Equation>1::S_REL1000 == 0 &amp;&amp; (RL1000_0914_D==0)</Equation>
         <Equation>2::S_REL1000 == 0 &amp;&amp; (RL1000_0914_D==1)</Equation>
         <Equation>3::S_REL1000 == 1 &amp;&amp; (RL1000_0914_D==1)</Equation>
      </States>
   </Equipment>
   <Equipment name="S1000" type="Signal" flavor="Lamp" CommandTimeOut="" AlarmTimeout="">
      <States>
         <Equation>1::SPLS1000 == 0</Equation>
         <Equation>2::SPLS1000 == 1</Equation>
      </States>
      <StateAlarms>
         <Equation>S_RED_FAILURE[1]::SPLS1000==0 &amp;&amp; S1000_OFF==0</Equation>
         <Equation>S_WHITE_FAILURE[2]::SPLS1000==0 &amp;&amp; S1000_OFF==1</Equation>
      </StateAlarms>
   </Equipment>
   <Equipment name="S1000" type="Signal" flavor="Fleet">
      <States>
         <Equation>2::AR1000_0914==0</Equation>
         <Equation>3::RL1000_0914_D==1&amp;&amp;AR1000_0914==1</Equation>
      </States>
   </Equipment>
   <Equipment name="S1000" type="Signal" flavor="Detection" CommandTimeOut="" AlarmTimeout="">
      <States>
         <Equation>S_STOP[0]::S1000_OFF == 0</Equation>
         <Equation>S_PERMISSIVE[1]::S1000_OFF == 1</Equation>
      </States>
   </Equipment>
   <Equipment name="S1000" type="Signal" flavor="HMI" CommandTimeOut="" AlarmTimeout="">
      <States>
         <Equation>NOEVENT[0]:: 1==1</Equation>
      </States>
   </Equipment>
   <Equipment name="S1004" type="Signal" flavor="Lamp" CommandTimeOut="" AlarmTimeout="">
      <States>
         <Equation>1::SPLS1004 == 0</Equation>
         <Equation>2::SPLS1004 == 1</Equation>
      </States>
      <StateAlarms>
         <Equation>S_RED_FAILURE[1]::SPLS1004==0 &amp;&amp; S1004_OFF==0</Equation>
         <Equation>S_WHITE_FAILURE[2]::SPLS1004==0 &amp;&amp; S1004_OFF==1</Equation>
      </StateAlarms>
   </Equipment>
   <Equipment name="S1004" type="Signal" flavor="Detection" CommandTimeOut="" AlarmTimeout="">
      <States>
         <Equation>S_STOP[0]::S1004_OFF == 0</Equation>
         <Equation>S_PERMISSIVE[1]::S1004_OFF == 1</Equation>
      </States>
   </Equipment>
   <Equipment name="S1004" type="Signal" flavor="HMI" CommandTimeOut="" AlarmTimeout="">
      <States>
         <Equation>NOEVENT[0]:: 1==1</Equation>
      </States>
   </Equipment>
   <Equipment name="S1008" type="Signal" flavor="Detection" CommandTimeOut="" AlarmTimeout="">
      <States>
         <Equation>S_STOP[0]::S1008_OFF == 0</Equation>
         <Equation>S_PERMISSIVE[1]::S1008_OFF == 1</Equation>
      </States>
   </Equipment>
   <Equipment name="S1008" type="Signal" flavor="ALS" CommandTimeOut="" AlarmTimeout="">
      <States>
         <Equation>S_APPROACH_FREE[1]::ALS1008 == 1</Equation>
         <Equation>S_APPROACH_LOCKED[2]::ALS1008 == 0</Equation>
         <Equation>NOEVENT[0]::1 == 1</Equation>
      </States>
   </Equipment>
   <Equipment name="S1008" type="Signal" flavor="HMI" CommandTimeOut="" AlarmTimeout="">
      <States>
         <Equation>1::S1008_OFF == 1 &amp;&amp; ALS1008 ==1</Equation>
         <Equation>2::S1008_OFF == 0 &amp;&amp; ALS1008 ==1</Equation>
         <Equation>3::S1008_OFF == 0 &amp;&amp; ALS1008 == 0</Equation>
         <Equation>4::S1008_OFF == 1 &amp;&amp; ALS1008 == 0</Equation>
         <Equation>0::1==1</Equation>
      </States>
   </Equipment>
   <Equipment name="S1008" type="Signal" flavor="Blocking" CommandTimeOut="" AlarmTimeout="">
      <States>
         <Equation>S_NOTBLOCKING[1]::MSC1008 == 1</Equation>
         <Equation>S_BLOCKING[2]::MSC1008 == 0</Equation>
      </States>
      <Requisites>
         <Equation>PREP_SBC1008[PREP_SBC]::PREP_SBC10==0</Equation>
         <Equation>PREP_SUC1008[PREP_SUC]::PREP_SUC10==0</Equation>
         <Equation>CONF_SBC1008[CONF_SBC]::1</Equation>
         <Equation>CONF_SUC1008[CONF_SUC]::1</Equation>
      </Requisites>
      <CommandResults>
         <Equation>PREP_SBC1008[PREP_SBC_RES]::PREP_SBC10==1</Equation>
         <Equation>PREP_SUC1008[PREP_SUC_RES]::PREP_SUC10==1</Equation>
         <Equation>CONF_SBC1008[CONF_SBC_RES]::MSC1008== 0</Equation>
         <Equation>CONF_SUC1008[CONF_SUC_RES]::MSC1008== 1</Equation>
      </CommandResults>
   </Equipment>
   <Equipment name="S1008" type="Signal" flavor="Automatic" CommandTimeOut="" AlarmTimeout="">
      <States>
         <Equation>1::RL1008_1000_D==0</Equation>
         <Equation>2::S_SEL1008 == 1 &amp;&amp; RL1008_1000_D==0</Equation>
         <Equation>3::RL1008_1000_D==1</Equation>
      </States>
   </Equipment>
   <Equipment name="S1008" type="Signal" flavor="Release" CommandTimeOut="" AlarmTimeout="">
      <States>
         <Equation>1::S_REL1008 == 0 &amp;&amp; (RL1008_1000_D==0)</Equation>
         <Equation>2::S_REL1008 == 0 &amp;&amp; (RL1008_1000_D==1)</Equation>
         <Equation>3::S_REL1008 == 1 &amp;&amp; (RL1008_1000_D==1)</Equation>
      </States>
   </Equipment>
   <Equipment name="S1008" type="Signal" flavor="Lamp" CommandTimeOut="" AlarmTimeout="">
      <States>
         <Equation>1::SPLS1008 == 0</Equation>
         <Equation>2::SPLS1008 == 1</Equation>
      </States>
      <StateAlarms>
         <Equation>S_RED_FAILURE[1]::SPLS1008==0 &amp;&amp; S1008_OFF==0</Equation>
         <Equation>S_WHITE_FAILURE[2]::SPLS1008==0 &amp;&amp; S1008_OFF==1</Equation>
      </StateAlarms>
   </Equipment>
   <Equipment name="S1008" type="Signal" flavor="Fleet">
      <States>
         <Equation>2::AR1008_1000==0</Equation>
         <Equation>3::RL1008_1000_D==1&amp;&amp;AR1008_1000==1</Equation>
      </States>
   </Equipment>
   <Equipment name="S1008" type="Signal" flavor="Detection" CommandTimeOut="" AlarmTimeout="">
      <States>
         <Equation>S_STOP[0]::S1008_OFF == 0</Equation>
         <Equation>S_PERMISSIVE[1]::S1008_OFF == 1</Equation>
      </States>
   </Equipment>
   <Equipment name="S1008" type="Signal" flavor="HMI" CommandTimeOut="" AlarmTimeout="">
      <States>
         <Equation>NOEVENT[0]:: 1==1</Equation>
      </States>
   </Equipment>
   <Equipment name="S1010" type="Signal" flavor="Detection" CommandTimeOut="" AlarmTimeout="">
      <States>
         <Equation>S_STOP[0]::S1010_OFF == 0</Equation>
         <Equation>S_PERMISSIVE[1]::S1010_OFF == 1</Equation>
      </States>
   </Equipment>
   <Equipment name="S1010" type="Signal" flavor="ALS" CommandTimeOut="" AlarmTimeout="">
      <States>
         <Equation>S_APPROACH_FREE[1]::ALS1010 == 1</Equation>
         <Equation>S_APPROACH_LOCKED[2]::ALS1010 == 0</Equation>
         <Equation>NOEVENT[0]::1 == 1</Equation>
      </States>
   </Equipment>
   <Equipment name="S1010" type="Signal" flavor="HMI" CommandTimeOut="" AlarmTimeout="">
      <States>
         <Equation>1::S1010_OFF == 1 &amp;&amp; ALS1010 ==1</Equation>
         <Equation>2::S1010_OFF == 0 &amp;&amp; ALS1010 ==1</Equation>
         <Equation>3::S1010_OFF == 0 &amp;&amp; ALS1010 == 0</Equation>
         <Equation>4::S1010_OFF == 1 &amp;&amp; ALS1010 == 0</Equation>
         <Equation>0::1==1</Equation>
      </States>
   </Equipment>
   <Equipment name="S1010" type="Signal" flavor="Blocking" CommandTimeOut="" AlarmTimeout="">
      <States>
         <Equation>S_NOTBLOCKING[1]::MSC1010 == 1</Equation>
         <Equation>S_BLOCKING[2]::MSC1010 == 0</Equation>
      </States>
      <Requisites>
         <Equation>PREP_SBC1010[PREP_SBC]::PREP_SBC10==0</Equation>
         <Equation>PREP_SUC1010[PREP_SUC]::PREP_SUC10==0</Equation>
         <Equation>CONF_SBC1010[CONF_SBC]::1</Equation>
         <Equation>CONF_SUC1010[CONF_SUC]::1</Equation>
      </Requisites>
      <CommandResults>
         <Equation>PREP_SBC1010[PREP_SBC_RES]::PREP_SBC10==1</Equation>
         <Equation>PREP_SUC1010[PREP_SUC_RES]::PREP_SUC10==1</Equation>
         <Equation>CONF_SBC1010[CONF_SBC_RES]::MSC1010== 0</Equation>
         <Equation>CONF_SUC1010[CONF_SUC_RES]::MSC1010== 1</Equation>
      </CommandResults>
   </Equipment>
   <Equipment name="S1010" type="Signal" flavor="Automatic" CommandTimeOut="" AlarmTimeout="">
      <States>
         <Equation>1::RL1010_1008_D==0</Equation>
         <Equation>2::S_SEL1010 == 1 &amp;&amp; RL1010_1008_D==0</Equation>
         <Equation>3::RL1010_1008_D==1</Equation>
      </States>
   </Equipment>
   <Equipment name="S1010" type="Signal" flavor="Release" CommandTimeOut="" AlarmTimeout="">
      <States>
         <Equation>1::S_REL1010 == 0 &amp;&amp; (RL1010_1008_D==0)</Equation>
         <Equation>2::S_REL1010 == 0 &amp;&amp; (RL1010_1008_D==1)</Equation>
         <Equation>3::S_REL1010 == 1 &amp;&amp; (RL1010_1008_D==1)</Equation>
      </States>
   </Equipment>
   <Equipment name="S1010" type="Signal" flavor="Lamp" CommandTimeOut="" AlarmTimeout="">
      <States>
         <Equation>1::SPLS1010 == 0</Equation>
         <Equation>2::SPLS1010 == 1</Equation>
      </States>
      <StateAlarms>
         <Equation>S_RED_FAILURE[1]::SPLS1010==0 &amp;&amp; S1010_OFF==0</Equation>
         <Equation>S_WHITE_FAILURE[2]::SPLS1010==0 &amp;&amp; S1010_OFF==1</Equation>
      </StateAlarms>
   </Equipment>
   <Equipment name="S1010" type="Signal" flavor="Fleet">
      <States>
         <Equation>2::AR1010_1008==0</Equation>
         <Equation>3::RL1010_1008_D==1&amp;&amp;AR1010_1008==1</Equation>
      </States>
   </Equipment>
   <Equipment name="S1010" type="Signal" flavor="Detection" CommandTimeOut="" AlarmTimeout="">
      <States>
         <Equation>S_STOP[0]::S1010_OFF == 0</Equation>
         <Equation>S_PERMISSIVE[1]::S1010_OFF == 1</Equation>
      </States>
   </Equipment>
   <Equipment name="S1010" type="Signal" flavor="HMI" CommandTimeOut="" AlarmTimeout="">
      <States>
         <Equation>NOEVENT[0]:: 1==1</Equation>
      </States>
   </Equipment>
   <Equipment name="S1001" type="Signal" flavor="Lamp" CommandTimeOut="" AlarmTimeout="">
      <States>
         <Equation>1::SPLS1001 == 0</Equation>
         <Equation>2::SPLS1001 == 1</Equation>
      </States>
      <StateAlarms>
         <Equation>S_RED_FAILURE[1]::SPLS1001==0 &amp;&amp; S1001_OFF==0</Equation>
         <Equation>S_WHITE_FAILURE[2]::SPLS1001==0 &amp;&amp; S1001_OFF==1</Equation>
      </StateAlarms>
   </Equipment>
   <Equipment name="S1001" type="Signal" flavor="Detection" CommandTimeOut="" AlarmTimeout="">
      <States>
         <Equation>S_STOP[0]::S1001_OFF == 0</Equation>
         <Equation>S_PERMISSIVE[1]::S1001_OFF == 1</Equation>
      </States>
   </Equipment>
   <Equipment name="S1001" type="Signal" flavor="HMI" CommandTimeOut="" AlarmTimeout="">
      <States>
         <Equation>NOEVENT[0]:: 1==1</Equation>
      </States>
   </Equipment>
   <Equipment name="S1005" type="Signal" flavor="Detection" CommandTimeOut="" AlarmTimeout="">
      <States>
         <Equation>S_STOP[0]::S1005_OFF == 0</Equation>
         <Equation>S_PERMISSIVE[1]::S1005_OFF == 1</Equation>
      </States>
   </Equipment>
   <Equipment name="S1005" type="Signal" flavor="ALS" CommandTimeOut="" AlarmTimeout="">
      <States>
         <Equation>S_APPROACH_FREE[1]::ALS1005 == 1</Equation>
         <Equation>S_APPROACH_LOCKED[2]::ALS1005 == 0</Equation>
         <Equation>NOEVENT[0]::1 == 1</Equation>
      </States>
   </Equipment>
   <Equipment name="S1005" type="Signal" flavor="HMI" CommandTimeOut="" AlarmTimeout="">
      <States>
         <Equation>1::S1005_OFF == 1 &amp;&amp; ALS1005 ==1</Equation>
         <Equation>2::S1005_OFF == 0 &amp;&amp; ALS1005 ==1</Equation>
         <Equation>3::S1005_OFF == 0 &amp;&amp; ALS1005 == 0</Equation>
         <Equation>4::S1005_OFF == 1 &amp;&amp; ALS1005 == 0</Equation>
         <Equation>0::1==1</Equation>
      </States>
   </Equipment>
   <Equipment name="S1005" type="Signal" flavor="Blocking" CommandTimeOut="" AlarmTimeout="">
      <States>
         <Equation>S_NOTBLOCKING[1]::MSC1005 == 1</Equation>
         <Equation>S_BLOCKING[2]::MSC1005 == 0</Equation>
      </States>
      <Requisites>
         <Equation>PREP_SBC1005[PREP_SBC]::PREP_SBC10==0</Equation>
         <Equation>PREP_SUC1005[PREP_SUC]::PREP_SUC10==0</Equation>
         <Equation>CONF_SBC1005[CONF_SBC]::1</Equation>
         <Equation>CONF_SUC1005[CONF_SUC]::1</Equation>
      </Requisites>
      <CommandResults>
         <Equation>PREP_SBC1005[PREP_SBC_RES]::PREP_SBC10==1</Equation>
         <Equation>PREP_SUC1005[PREP_SUC_RES]::PREP_SUC10==1</Equation>
         <Equation>CONF_SBC1005[CONF_SBC_RES]::MSC1005== 0</Equation>
         <Equation>CONF_SUC1005[CONF_SUC_RES]::MSC1005== 1</Equation>
      </CommandResults>
   </Equipment>
   <Equipment name="S1005" type="Signal" flavor="Automatic" CommandTimeOut="" AlarmTimeout="">
      <States>
         <Equation>1::RL1005_1009_D==0</Equation>
         <Equation>2::S_SEL1005 == 1 &amp;&amp; RL1005_1009_D==0</Equation>
         <Equation>3::RL1005_1009_D==1</Equation>
      </States>
   </Equipment>
   <Equipment name="S1005" type="Signal" flavor="Release" CommandTimeOut="" AlarmTimeout="">
      <States>
         <Equation>1::S_REL1005 == 0 &amp;&amp; (RL1005_1009_D==0)</Equation>
         <Equation>2::S_REL1005 == 0 &amp;&amp; (RL1005_1009_D==1)</Equation>
         <Equation>3::S_REL1005 == 1 &amp;&amp; (RL1005_1009_D==1)</Equation>
      </States>
   </Equipment>
   <Equipment name="S1005" type="Signal" flavor="Lamp" CommandTimeOut="" AlarmTimeout="">
      <States>
         <Equation>1::SPLS1005 == 0</Equation>
         <Equation>2::SPLS1005 == 1</Equation>
      </States>
      <StateAlarms>
         <Equation>S_RED_FAILURE[1]::SPLS1005==0 &amp;&amp; S1005_OFF==0</Equation>
         <Equation>S_WHITE_FAILURE[2]::SPLS1005==0 &amp;&amp; S1005_OFF==1</Equation>
      </StateAlarms>
   </Equipment>
   <Equipment name="S1005" type="Signal" flavor="Fleet">
      <States>
         <Equation>2::AR1005_1009==0</Equation>
         <Equation>3::RL1005_1009_D==1&amp;&amp;AR1005_1009==1</Equation>
      </States>
   </Equipment>
   <Equipment name="S1005" type="Signal" flavor="Detection" CommandTimeOut="" AlarmTimeout="">
      <States>
         <Equation>S_STOP[0]::S1005_OFF == 0</Equation>
         <Equation>S_PERMISSIVE[1]::S1005_OFF == 1</Equation>
      </States>
   </Equipment>
   <Equipment name="S1005" type="Signal" flavor="HMI" CommandTimeOut="" AlarmTimeout="">
      <States>
         <Equation>NOEVENT[0]:: 1==1</Equation>
      </States>
   </Equipment>
   <Equipment name="S1009" type="Signal" flavor="Detection" CommandTimeOut="" AlarmTimeout="">
      <States>
         <Equation>S_STOP[0]::S1009_OFF == 0</Equation>
         <Equation>S_PERMISSIVE[1]::S1009_OFF == 1</Equation>
      </States>
   </Equipment>
   <Equipment name="S1009" type="Signal" flavor="ALS" CommandTimeOut="" AlarmTimeout="">
      <States>
         <Equation>S_APPROACH_FREE[1]::ALS1009 == 1</Equation>
         <Equation>S_APPROACH_LOCKED[2]::ALS1009 == 0</Equation>
         <Equation>NOEVENT[0]::1 == 1</Equation>
      </States>
   </Equipment>
   <Equipment name="S1009" type="Signal" flavor="HMI" CommandTimeOut="" AlarmTimeout="">
      <States>
         <Equation>1::S1009_OFF == 1 &amp;&amp; ALS1009 ==1</Equation>
         <Equation>2::S1009_OFF == 0 &amp;&amp; ALS1009 ==1</Equation>
         <Equation>3::S1009_OFF == 0 &amp;&amp; ALS1009 == 0</Equation>
         <Equation>4::S1009_OFF == 1 &amp;&amp; ALS1009 == 0</Equation>
         <Equation>0::1==1</Equation>
      </States>
   </Equipment>
   <Equipment name="S1009" type="Signal" flavor="Blocking" CommandTimeOut="" AlarmTimeout="">
      <States>
         <Equation>S_NOTBLOCKING[1]::MSC1009 == 1</Equation>
         <Equation>S_BLOCKING[2]::MSC1009 == 0</Equation>
      </States>
      <Requisites>
         <Equation>PREP_SBC1009[PREP_SBC]::PREP_SBC10==0</Equation>
         <Equation>PREP_SUC1009[PREP_SUC]::PREP_SUC10==0</Equation>
         <Equation>CONF_SBC1009[CONF_SBC]::1</Equation>
         <Equation>CONF_SUC1009[CONF_SUC]::1</Equation>
      </Requisites>
      <CommandResults>
         <Equation>PREP_SBC1009[PREP_SBC_RES]::PREP_SBC10==1</Equation>
         <Equation>PREP_SUC1009[PREP_SUC_RES]::PREP_SUC10==1</Equation>
         <Equation>CONF_SBC1009[CONF_SBC_RES]::MSC1009== 0</Equation>
         <Equation>CONF_SUC1009[CONF_SUC_RES]::MSC1009== 1</Equation>
      </CommandResults>
   </Equipment>
   <Equipment name="S1009" type="Signal" flavor="Automatic" CommandTimeOut="" AlarmTimeout="">
      <States>
         <Equation>1::RL1009_1101_D==0</Equation>
         <Equation>2::S_SEL1009 == 1 &amp;&amp; RL1009_1101_D==0</Equation>
         <Equation>3::RL1009_1101_D==1</Equation>
      </States>
   </Equipment>
   <Equipment name="S1009" type="Signal" flavor="Release" CommandTimeOut="" AlarmTimeout="">
      <States>
         <Equation>1::S_REL1009 == 0 &amp;&amp; (RL1009_1101_D==0)</Equation>
         <Equation>2::S_REL1009 == 0 &amp;&amp; (RL1009_1101_D==1)</Equation>
         <Equation>3::S_REL1009 == 1 &amp;&amp; (RL1009_1101_D==1)</Equation>
      </States>
   </Equipment>
   <Equipment name="S1009" type="Signal" flavor="Lamp" CommandTimeOut="" AlarmTimeout="">
      <States>
         <Equation>1::SPLS1009 == 0</Equation>
         <Equation>2::SPLS1009 == 1</Equation>
      </States>
      <StateAlarms>
         <Equation>S_RED_FAILURE[1]::SPLS1009==0 &amp;&amp; S1009_OFF==0</Equation>
         <Equation>S_WHITE_FAILURE[2]::SPLS1009==0 &amp;&amp; S1009_OFF==1</Equation>
      </StateAlarms>
   </Equipment>
   <Equipment name="S1009" type="Signal" flavor="Fleet">
      <States>
         <Equation>2::AR1009_1101==0</Equation>
         <Equation>3::RL1009_1101_D==1&amp;&amp;AR1009_1101==1</Equation>
      </States>
   </Equipment>
   <Equipment name="S1009" type="Signal" flavor="Detection" CommandTimeOut="" AlarmTimeout="">
      <States>
         <Equation>S_STOP[0]::S1009_OFF == 0</Equation>
         <Equation>S_PERMISSIVE[1]::S1009_OFF == 1</Equation>
      </States>
   </Equipment>
   <Equipment name="S1009" type="Signal" flavor="HMI" CommandTimeOut="" AlarmTimeout="">
      <States>
         <Equation>NOEVENT[0]:: 1==1</Equation>
      </States>
   </Equipment>
   <Equipment name="S1003" type="Signal" flavor="Lamp" CommandTimeOut="" AlarmTimeout="">
      <States>
         <Equation>1::SPLS1003 == 0</Equation>
         <Equation>2::SPLS1003 == 1</Equation>
      </States>
      <StateAlarms>
         <Equation>S_RED_FAILURE[1]::SPLS1003==0 &amp;&amp; S1003_OFF==0</Equation>
         <Equation>S_WHITE_FAILURE[2]::SPLS1003==0 &amp;&amp; S1003_OFF==1</Equation>
      </StateAlarms>
   </Equipment>
   <Equipment name="S1003" type="Signal" flavor="Detection" CommandTimeOut="" AlarmTimeout="">
      <States>
         <Equation>S_STOP[0]::S1003_OFF == 0</Equation>
         <Equation>S_PERMISSIVE[1]::S1003_OFF == 1</Equation>
      </States>
   </Equipment>
   <Equipment name="S1003" type="Signal" flavor="HMI" CommandTimeOut="" AlarmTimeout="">
      <States>
         <Equation>NOEVENT[0]:: 1==1</Equation>
      </States>
   </Equipment>
   <Equipment name="S1007" type="Signal" flavor="Detection" CommandTimeOut="" AlarmTimeout="">
      <States>
         <Equation>S_STOP[0]::S1007_OFF == 0</Equation>
         <Equation>S_PERMISSIVE[1]::S1007_OFF == 1</Equation>
      </States>
   </Equipment>
   <Equipment name="S1007" type="Signal" flavor="ALS" CommandTimeOut="" AlarmTimeout="">
      <States>
         <Equation>S_APPROACH_FREE[1]::ALS1007 == 1</Equation>
         <Equation>S_APPROACH_LOCKED[2]::ALS1007 == 0</Equation>
         <Equation>NOEVENT[0]::1 == 1</Equation>
      </States>
   </Equipment>
   <Equipment name="S1007" type="Signal" flavor="HMI" CommandTimeOut="" AlarmTimeout="">
      <States>
         <Equation>1::S1007_OFF == 1 &amp;&amp; ALS1007 ==1</Equation>
         <Equation>2::S1007_OFF == 0 &amp;&amp; ALS1007 ==1</Equation>
         <Equation>3::S1007_OFF == 0 &amp;&amp; ALS1007 == 0</Equation>
         <Equation>4::S1007_OFF == 1 &amp;&amp; ALS1007 == 0</Equation>
         <Equation>0::1==1</Equation>
      </States>
   </Equipment>
   <Equipment name="S1007" type="Signal" flavor="Blocking" CommandTimeOut="" AlarmTimeout="">
      <States>
         <Equation>S_NOTBLOCKING[1]::MSC1007 == 1</Equation>
         <Equation>S_BLOCKING[2]::MSC1007 == 0</Equation>
      </States>
      <Requisites>
         <Equation>PREP_SBC1007[PREP_SBC]::PREP_SBC10==0</Equation>
         <Equation>PREP_SUC1007[PREP_SUC]::PREP_SUC10==0</Equation>
         <Equation>CONF_SBC1007[CONF_SBC]::1</Equation>
         <Equation>CONF_SUC1007[CONF_SUC]::1</Equation>
      </Requisites>
      <CommandResults>
         <Equation>PREP_SBC1007[PREP_SBC_RES]::PREP_SBC10==1</Equation>
         <Equation>PREP_SUC1007[PREP_SUC_RES]::PREP_SUC10==1</Equation>
         <Equation>CONF_SBC1007[CONF_SBC_RES]::MSC1007== 0</Equation>
         <Equation>CONF_SUC1007[CONF_SUC_RES]::MSC1007== 1</Equation>
      </CommandResults>
   </Equipment>
   <Equipment name="S1007" type="Signal" flavor="Automatic" CommandTimeOut="" AlarmTimeout="">
      <States>
         <Equation>1::RL1007_1011_D==0</Equation>
         <Equation>2::S_SEL1007 == 1 &amp;&amp; RL1007_1011_D==0</Equation>
         <Equation>3::RL1007_1011_D==1</Equation>
      </States>
   </Equipment>
   <Equipment name="S1007" type="Signal" flavor="Release" CommandTimeOut="" AlarmTimeout="">
      <States>
         <Equation>1::S_REL1007 == 0 &amp;&amp; (RL1007_1011_D==0)</Equation>
         <Equation>2::S_REL1007 == 0 &amp;&amp; (RL1007_1011_D==1)</Equation>
         <Equation>3::S_REL1007 == 1 &amp;&amp; (RL1007_1011_D==1)</Equation>
      </States>
   </Equipment>
   <Equipment name="S1007" type="Signal" flavor="Lamp" CommandTimeOut="" AlarmTimeout="">
      <States>
         <Equation>1::SPLS1007 == 0</Equation>
         <Equation>2::SPLS1007 == 1</Equation>
      </States>
      <StateAlarms>
         <Equation>S_RED_FAILURE[1]::SPLS1007==0 &amp;&amp; S1007_OFF==0</Equation>
         <Equation>S_WHITE_FAILURE[2]::SPLS1007==0 &amp;&amp; S1007_OFF==1</Equation>
      </StateAlarms>
   </Equipment>
   <Equipment name="S1007" type="Signal" flavor="Detection" CommandTimeOut="" AlarmTimeout="">
      <States>
         <Equation>S_STOP[0]::S1007_OFF == 0</Equation>
         <Equation>S_PERMISSIVE[1]::S1007_OFF == 1</Equation>
      </States>
   </Equipment>
   <Equipment name="S1007" type="Signal" flavor="HMI" CommandTimeOut="" AlarmTimeout="">
      <States>
         <Equation>NOEVENT[0]:: 1==1</Equation>
      </States>
   </Equipment>
   <Equipment name="S1011" type="Signal" flavor="Detection" CommandTimeOut="" AlarmTimeout="">
      <States>
         <Equation>S_STOP[0]::S1011_OFF == 0</Equation>
         <Equation>S_PERMISSIVE[1]::S1011_OFF == 1</Equation>
      </States>
   </Equipment>
   <Equipment name="S1011" type="Signal" flavor="ALS" CommandTimeOut="" AlarmTimeout="">
      <States>
         <Equation>S_APPROACH_FREE[1]::ALS1011 == 1</Equation>
         <Equation>S_APPROACH_LOCKED[2]::ALS1011 == 0</Equation>
         <Equation>NOEVENT[0]::1 == 1</Equation>
      </States>
   </Equipment>
   <Equipment name="S1011" type="Signal" flavor="HMI" CommandTimeOut="" AlarmTimeout="">
      <States>
         <Equation>1::S1011_OFF == 1 &amp;&amp; ALS1011 ==1</Equation>
         <Equation>2::S1011_OFF == 0 &amp;&amp; ALS1011 ==1</Equation>
         <Equation>3::S1011_OFF == 0 &amp;&amp; ALS1011 == 0</Equation>
         <Equation>4::S1011_OFF == 1 &amp;&amp; ALS1011 == 0</Equation>
         <Equation>0::1==1</Equation>
      </States>
   </Equipment>
   <Equipment name="S1011" type="Signal" flavor="Blocking" CommandTimeOut="" AlarmTimeout="">
      <States>
         <Equation>S_NOTBLOCKING[1]::MSC1011 == 1</Equation>
         <Equation>S_BLOCKING[2]::MSC1011 == 0</Equation>
      </States>
      <Requisites>
         <Equation>PREP_SBC1011[PREP_SBC]::PREP_SBC10==0</Equation>
         <Equation>PREP_SUC1011[PREP_SUC]::PREP_SUC10==0</Equation>
         <Equation>CONF_SBC1011[CONF_SBC]::1</Equation>
         <Equation>CONF_SUC1011[CONF_SUC]::1</Equation>
      </Requisites>
      <CommandResults>
         <Equation>PREP_SBC1011[PREP_SBC_RES]::PREP_SBC10==1</Equation>
         <Equation>PREP_SUC1011[PREP_SUC_RES]::PREP_SUC10==1</Equation>
         <Equation>CONF_SBC1011[CONF_SBC_RES]::MSC1011== 0</Equation>
         <Equation>CONF_SUC1011[CONF_SUC_RES]::MSC1011== 1</Equation>
      </CommandResults>
   </Equipment>
   <Equipment name="S1011" type="Signal" flavor="Automatic" CommandTimeOut="" AlarmTimeout="">
      <States>
         <Equation>1::RL1011_1101_D==0 &amp;&amp; RL1011_1203_D==0</Equation>
         <Equation>2::S_SEL1011 == 1 &amp;&amp; RL1011_1101_D==0 &amp;&amp; RL1011_1203_D==0</Equation>
         <Equation>3::RL1011_1101_D==1 || RL1011_1203_D==1</Equation>
      </States>
   </Equipment>
   <Equipment name="S1011" type="Signal" flavor="Release" CommandTimeOut="" AlarmTimeout="">
      <States>
         <Equation>1::S_REL1011 == 0 &amp;&amp; (RL1011_1101_D==0 &amp;&amp; RL1011_1203_D==0)</Equation>
         <Equation>2::S_REL1011 == 0 &amp;&amp; (RL1011_1101_D==1 || RL1011_1203_D==1)</Equation>
         <Equation>3::S_REL1011 == 1 &amp;&amp; (RL1011_1101_D==1 || RL1011_1203_D==1)</Equation>
      </States>
   </Equipment>
   <Equipment name="S1011" type="Signal" flavor="Lamp" CommandTimeOut="" AlarmTimeout="">
      <States>
         <Equation>1::SPLS1011 == 0</Equation>
         <Equation>2::SPLS1011 == 1</Equation>
      </States>
      <StateAlarms>
         <Equation>S_RED_FAILURE[1]::SPLS1011==0 &amp;&amp; S1011_OFF==0</Equation>
         <Equation>S_WHITE_FAILURE[2]::SPLS1011==0 &amp;&amp; S1011_OFF==1</Equation>
      </StateAlarms>
   </Equipment>
   <Equipment name="S1011" type="Signal" flavor="Detection" CommandTimeOut="" AlarmTimeout="">
      <States>
         <Equation>S_STOP[0]::S1011_OFF == 0</Equation>
         <Equation>S_PERMISSIVE[1]::S1011_OFF == 1</Equation>
      </States>
   </Equipment>
   <Equipment name="S1011" type="Signal" flavor="HMI" CommandTimeOut="" AlarmTimeout="">
      <States>
         <Equation>NOEVENT[0]:: 1==1</Equation>
      </States>
   </Equipment>
</SignallingRules>