<?xml version="1.0" encoding="UTF-8"?>
<SignallingRules xmlns:xsi="http://www.w3.org/2001/XMLSchema-instance"
                 xmlns:sys="http://www.systerel.fr/Alstom/IDP"
                 Project="CCL"
                 Generation_Date="XXXX-XX-XX"
                 xsi:noNamespaceSchemaLocation="SigRules.xsd">
   <Versions>
         <Version Name="ICONIS_IDP#SyAD_Configuration-CCL"
               Value="830F-ATS-0895_1E &amp; 830F-ATS-0402-1G"/>
         <Version Name="ICONIS_IDP#Product_Version" Value="SW_IDP_CCL_1.6.6"/>
         <Version Name="Project#System_Database_Version" Value="1.0.0"/>
         <Version Name="Project#ATS_Parameter_Version" Value=""/>
      </Versions>
   <Equipment name="S1400" type="Signal" flavor="Detection" CommandTimeOut="" AlarmTimeout="">
      <States>
         <Equation>S_STOP[0]::S1400_OFF == 0</Equation>
         <Equation>S_PERMISSIVE[1]::S1400_OFF == 1</Equation>
      </States>
   </Equipment>
   <Equipment name="S1400" type="Signal" flavor="ALS" CommandTimeOut="" AlarmTimeout="">
      <States>
         <Equation>S_APPROACH_FREE[1]::ALS1400 == 1</Equation>
         <Equation>S_APPROACH_LOCKED[2]::ALS1400 == 0</Equation>
         <Equation>NOEVENT[0]::1 == 1</Equation>
      </States>
   </Equipment>
   <Equipment name="S1400" type="Signal" flavor="HMI" CommandTimeOut="" AlarmTimeout="">
      <States>
         <Equation>1::S1400_OFF == 1 &amp;&amp; ALS1400 ==1</Equation>
         <Equation>2::S1400_OFF == 0 &amp;&amp; ALS1400 ==1</Equation>
         <Equation>3::S1400_OFF == 0 &amp;&amp; ALS1400 == 0</Equation>
         <Equation>4::S1400_OFF == 1 &amp;&amp; ALS1400 == 0</Equation>
         <Equation>0::1==1</Equation>
      </States>
   </Equipment>
   <Equipment name="S1400" type="Signal" flavor="Blocking" CommandTimeOut="" AlarmTimeout="">
      <States>
         <Equation>S_NOTBLOCKING[1]::MSC1400 == 1</Equation>
         <Equation>S_BLOCKING[2]::MSC1400 == 0</Equation>
      </States>
      <Requisites>
         <Equation>PREP_SBC1400[PREP_SBC]::PREP_SBC14==0</Equation>
         <Equation>PREP_SUC1400[PREP_SUC]::PREP_SUC14==0</Equation>
         <Equation>CONF_SBC1400[CONF_SBC]::1</Equation>
         <Equation>CONF_SUC1400[CONF_SUC]::1</Equation>
      </Requisites>
      <CommandResults>
         <Equation>PREP_SBC1400[PREP_SBC_RES]::PREP_SBC14==1</Equation>
         <Equation>PREP_SUC1400[PREP_SUC_RES]::PREP_SUC14==1</Equation>
         <Equation>CONF_SBC1400[CONF_SBC_RES]::MSC1400== 0</Equation>
         <Equation>CONF_SUC1400[CONF_SUC_RES]::MSC1400== 1</Equation>
      </CommandResults>
   </Equipment>
   <Equipment name="S1400" type="Signal" flavor="Automatic" CommandTimeOut="" AlarmTimeout="">
      <States>
         <Equation>1::RL1400_1320_D==0</Equation>
         <Equation>2::S_SEL1400 == 1 &amp;&amp; RL1400_1320_D==0</Equation>
         <Equation>3::RL1400_1320_D==1</Equation>
      </States>
   </Equipment>
   <Equipment name="S1400" type="Signal" flavor="Release" CommandTimeOut="" AlarmTimeout="">
      <States>
         <Equation>1::S_REL1400 == 0 &amp;&amp; (RL1400_1320_D==0)</Equation>
         <Equation>2::S_REL1400 == 0 &amp;&amp; (RL1400_1320_D==1)</Equation>
         <Equation>3::S_REL1400 == 1 &amp;&amp; (RL1400_1320_D==1)</Equation>
      </States>
   </Equipment>
   <Equipment name="S1400" type="Signal" flavor="Lamp" CommandTimeOut="" AlarmTimeout="">
      <States>
         <Equation>1::SPLS1400 == 0</Equation>
         <Equation>2::SPLS1400 == 1</Equation>
      </States>
      <StateAlarms>
         <Equation>S_RED_FAILURE[1]::SPLS1400==0 &amp;&amp; S1400_OFF==0</Equation>
         <Equation>S_WHITE_FAILURE[2]::SPLS1400==0 &amp;&amp; S1400_OFF==1</Equation>
      </StateAlarms>
   </Equipment>
   <Equipment name="S1400" type="Signal" flavor="Detection" CommandTimeOut="" AlarmTimeout="">
      <States>
         <Equation>S_STOP[0]::S1400_OFF == 0</Equation>
         <Equation>S_PERMISSIVE[1]::S1400_OFF == 1</Equation>
      </States>
   </Equipment>
   <Equipment name="S1400" type="Signal" flavor="HMI" CommandTimeOut="" AlarmTimeout="">
      <States>
         <Equation>NOEVENT[0]:: 1==1</Equation>
      </States>
   </Equipment>
   <Equipment name="S1404" type="Signal" flavor="Detection" CommandTimeOut="" AlarmTimeout="">
      <States>
         <Equation>S_STOP[0]::S1404_OFF == 0</Equation>
         <Equation>S_PERMISSIVE[1]::S1404_OFF == 1</Equation>
      </States>
   </Equipment>
   <Equipment name="S1404" type="Signal" flavor="ALS" CommandTimeOut="" AlarmTimeout="">
      <States>
         <Equation>S_APPROACH_FREE[1]::ALS1404 == 1</Equation>
         <Equation>S_APPROACH_LOCKED[2]::ALS1404 == 0</Equation>
         <Equation>NOEVENT[0]::1 == 1</Equation>
      </States>
   </Equipment>
   <Equipment name="S1404" type="Signal" flavor="HMI" CommandTimeOut="" AlarmTimeout="">
      <States>
         <Equation>1::S1404_OFF == 1 &amp;&amp; ALS1404 ==1</Equation>
         <Equation>2::S1404_OFF == 0 &amp;&amp; ALS1404 ==1</Equation>
         <Equation>3::S1404_OFF == 0 &amp;&amp; ALS1404 == 0</Equation>
         <Equation>4::S1404_OFF == 1 &amp;&amp; ALS1404 == 0</Equation>
         <Equation>0::1==1</Equation>
      </States>
   </Equipment>
   <Equipment name="S1404" type="Signal" flavor="Blocking" CommandTimeOut="" AlarmTimeout="">
      <States>
         <Equation>S_NOTBLOCKING[1]::MSC1404 == 1</Equation>
         <Equation>S_BLOCKING[2]::MSC1404 == 0</Equation>
      </States>
      <Requisites>
         <Equation>PREP_SBC1404[PREP_SBC]::PREP_SBC14==0</Equation>
         <Equation>PREP_SUC1404[PREP_SUC]::PREP_SUC14==0</Equation>
         <Equation>CONF_SBC1404[CONF_SBC]::1</Equation>
         <Equation>CONF_SUC1404[CONF_SUC]::1</Equation>
      </Requisites>
      <CommandResults>
         <Equation>PREP_SBC1404[PREP_SBC_RES]::PREP_SBC14==1</Equation>
         <Equation>PREP_SUC1404[PREP_SUC_RES]::PREP_SUC14==1</Equation>
         <Equation>CONF_SBC1404[CONF_SBC_RES]::MSC1404== 0</Equation>
         <Equation>CONF_SUC1404[CONF_SUC_RES]::MSC1404== 1</Equation>
      </CommandResults>
   </Equipment>
   <Equipment name="S1404" type="Signal" flavor="Automatic" CommandTimeOut="" AlarmTimeout="">
      <States>
         <Equation>1::RL1404_1400_D==0 &amp;&amp; RL1404_1402_D==0</Equation>
         <Equation>2::S_SEL1404 == 1 &amp;&amp; RL1404_1400_D==0 &amp;&amp; RL1404_1402_D==0</Equation>
         <Equation>3::RL1404_1400_D==1 || RL1404_1402_D==1</Equation>
      </States>
   </Equipment>
   <Equipment name="S1404" type="Signal" flavor="Release" CommandTimeOut="" AlarmTimeout="">
      <States>
         <Equation>1::S_REL1404 == 0 &amp;&amp; (RL1404_1400_D==0 &amp;&amp; RL1404_1402_D==0)</Equation>
         <Equation>2::S_REL1404 == 0 &amp;&amp; (RL1404_1400_D==1 || RL1404_1402_D==1)</Equation>
         <Equation>3::S_REL1404 == 1 &amp;&amp; (RL1404_1400_D==1 || RL1404_1402_D==1)</Equation>
      </States>
   </Equipment>
   <Equipment name="S1404" type="Signal" flavor="Lamp" CommandTimeOut="" AlarmTimeout="">
      <States>
         <Equation>1::SPLS1404 == 0</Equation>
         <Equation>2::SPLS1404 == 1</Equation>
      </States>
      <StateAlarms>
         <Equation>S_RED_FAILURE[1]::SPLS1404==0 &amp;&amp; S1404_OFF==0</Equation>
         <Equation>S_WHITE_FAILURE[2]::SPLS1404==0 &amp;&amp; S1404_OFF==1</Equation>
      </StateAlarms>
   </Equipment>
   <Equipment name="S1404" type="Signal" flavor="Detection" CommandTimeOut="" AlarmTimeout="">
      <States>
         <Equation>S_STOP[0]::S1404_OFF == 0</Equation>
         <Equation>S_PERMISSIVE[1]::S1404_OFF == 1</Equation>
      </States>
   </Equipment>
   <Equipment name="S1404" type="Signal" flavor="HMI" CommandTimeOut="" AlarmTimeout="">
      <States>
         <Equation>NOEVENT[0]:: 1==1</Equation>
      </States>
   </Equipment>
   <Equipment name="S1406" type="Signal" flavor="Detection" CommandTimeOut="" AlarmTimeout="">
      <States>
         <Equation>S_STOP[0]::S1406_OFF == 0</Equation>
         <Equation>S_PERMISSIVE[1]::S1406_OFF == 1</Equation>
      </States>
   </Equipment>
   <Equipment name="S1406" type="Signal" flavor="ALS" CommandTimeOut="" AlarmTimeout="">
      <States>
         <Equation>S_APPROACH_FREE[1]::ALS1406 == 1</Equation>
         <Equation>S_APPROACH_LOCKED[2]::ALS1406 == 0</Equation>
         <Equation>NOEVENT[0]::1 == 1</Equation>
      </States>
   </Equipment>
   <Equipment name="S1406" type="Signal" flavor="HMI" CommandTimeOut="" AlarmTimeout="">
      <States>
         <Equation>1::S1406_OFF == 1 &amp;&amp; ALS1406 ==1</Equation>
         <Equation>2::S1406_OFF == 0 &amp;&amp; ALS1406 ==1</Equation>
         <Equation>3::S1406_OFF == 0 &amp;&amp; ALS1406 == 0</Equation>
         <Equation>4::S1406_OFF == 1 &amp;&amp; ALS1406 == 0</Equation>
         <Equation>0::1==1</Equation>
      </States>
   </Equipment>
   <Equipment name="S1406" type="Signal" flavor="Blocking" CommandTimeOut="" AlarmTimeout="">
      <States>
         <Equation>S_NOTBLOCKING[1]::MSC1406 == 1</Equation>
         <Equation>S_BLOCKING[2]::MSC1406 == 0</Equation>
      </States>
      <Requisites>
         <Equation>PREP_SBC1406[PREP_SBC]::PREP_SBC14==0</Equation>
         <Equation>PREP_SUC1406[PREP_SUC]::PREP_SUC14==0</Equation>
         <Equation>CONF_SBC1406[CONF_SBC]::1</Equation>
         <Equation>CONF_SUC1406[CONF_SUC]::1</Equation>
      </Requisites>
      <CommandResults>
         <Equation>PREP_SBC1406[PREP_SBC_RES]::PREP_SBC14==1</Equation>
         <Equation>PREP_SUC1406[PREP_SUC_RES]::PREP_SUC14==1</Equation>
         <Equation>CONF_SBC1406[CONF_SBC_RES]::MSC1406== 0</Equation>
         <Equation>CONF_SUC1406[CONF_SUC_RES]::MSC1406== 1</Equation>
      </CommandResults>
   </Equipment>
   <Equipment name="S1406" type="Signal" flavor="Automatic" CommandTimeOut="" AlarmTimeout="">
      <States>
         <Equation>1::RL1406_1404_D==0</Equation>
         <Equation>2::S_SEL1406 == 1 &amp;&amp; RL1406_1404_D==0</Equation>
         <Equation>3::RL1406_1404_D==1</Equation>
      </States>
   </Equipment>
   <Equipment name="S1406" type="Signal" flavor="Release" CommandTimeOut="" AlarmTimeout="">
      <States>
         <Equation>1::S_REL1406 == 0 &amp;&amp; (RL1406_1404_D==0)</Equation>
         <Equation>2::S_REL1406 == 0 &amp;&amp; (RL1406_1404_D==1)</Equation>
         <Equation>3::S_REL1406 == 1 &amp;&amp; (RL1406_1404_D==1)</Equation>
      </States>
   </Equipment>
   <Equipment name="S1406" type="Signal" flavor="Lamp" CommandTimeOut="" AlarmTimeout="">
      <States>
         <Equation>1::SPLS1406 == 0</Equation>
         <Equation>2::SPLS1406 == 1</Equation>
      </States>
      <StateAlarms>
         <Equation>S_RED_FAILURE[1]::SPLS1406==0 &amp;&amp; S1406_OFF==0</Equation>
         <Equation>S_WHITE_FAILURE[2]::SPLS1406==0 &amp;&amp; S1406_OFF==1</Equation>
      </StateAlarms>
   </Equipment>
   <Equipment name="S1406" type="Signal" flavor="Detection" CommandTimeOut="" AlarmTimeout="">
      <States>
         <Equation>S_STOP[0]::S1406_OFF == 0</Equation>
         <Equation>S_PERMISSIVE[1]::S1406_OFF == 1</Equation>
      </States>
   </Equipment>
   <Equipment name="S1406" type="Signal" flavor="HMI" CommandTimeOut="" AlarmTimeout="">
      <States>
         <Equation>NOEVENT[0]:: 1==1</Equation>
      </States>
   </Equipment>
   <Equipment name="S1402" type="Signal" flavor="Detection" CommandTimeOut="" AlarmTimeout="">
      <States>
         <Equation>S_STOP[0]::S1402_OFF == 0</Equation>
         <Equation>S_PERMISSIVE[1]::S1402_OFF == 1</Equation>
      </States>
   </Equipment>
   <Equipment name="S1402" type="Signal" flavor="ALS" CommandTimeOut="" AlarmTimeout="">
      <States>
         <Equation>S_APPROACH_FREE[1]::ALS1402 == 1</Equation>
         <Equation>S_APPROACH_LOCKED[2]::ALS1402 == 0</Equation>
         <Equation>NOEVENT[0]::1 == 1</Equation>
      </States>
   </Equipment>
   <Equipment name="S1402" type="Signal" flavor="HMI" CommandTimeOut="" AlarmTimeout="">
      <States>
         <Equation>1::S1402_OFF == 1 &amp;&amp; ALS1402 ==1</Equation>
         <Equation>2::S1402_OFF == 0 &amp;&amp; ALS1402 ==1</Equation>
         <Equation>3::S1402_OFF == 0 &amp;&amp; ALS1402 == 0</Equation>
         <Equation>4::S1402_OFF == 1 &amp;&amp; ALS1402 == 0</Equation>
         <Equation>0::1==1</Equation>
      </States>
   </Equipment>
   <Equipment name="S1402" type="Signal" flavor="Blocking" CommandTimeOut="" AlarmTimeout="">
      <States>
         <Equation>S_NOTBLOCKING[1]::MSC1402 == 1</Equation>
         <Equation>S_BLOCKING[2]::MSC1402 == 0</Equation>
      </States>
      <Requisites>
         <Equation>PREP_SBC1402[PREP_SBC]::PREP_SBC14==0</Equation>
         <Equation>PREP_SUC1402[PREP_SUC]::PREP_SUC14==0</Equation>
         <Equation>CONF_SBC1402[CONF_SBC]::1</Equation>
         <Equation>CONF_SUC1402[CONF_SUC]::1</Equation>
      </Requisites>
      <CommandResults>
         <Equation>PREP_SBC1402[PREP_SBC_RES]::PREP_SBC14==1</Equation>
         <Equation>PREP_SUC1402[PREP_SUC_RES]::PREP_SUC14==1</Equation>
         <Equation>CONF_SBC1402[CONF_SBC_RES]::MSC1402== 0</Equation>
         <Equation>CONF_SUC1402[CONF_SUC_RES]::MSC1402== 1</Equation>
      </CommandResults>
   </Equipment>
   <Equipment name="S1402" type="Signal" flavor="Automatic" CommandTimeOut="" AlarmTimeout="">
      <States>
         <Equation>1::RL1402_1318_D==0 &amp;&amp; RL1402_1320_D==0</Equation>
         <Equation>2::S_SEL1402 == 1 &amp;&amp; RL1402_1318_D==0 &amp;&amp; RL1402_1320_D==0</Equation>
         <Equation>3::RL1402_1318_D==1 || RL1402_1320_D==1</Equation>
      </States>
   </Equipment>
   <Equipment name="S1402" type="Signal" flavor="Release" CommandTimeOut="" AlarmTimeout="">
      <States>
         <Equation>1::S_REL1402 == 0 &amp;&amp; (RL1402_1318_D==0 &amp;&amp; RL1402_1320_D==0)</Equation>
         <Equation>2::S_REL1402 == 0 &amp;&amp; (RL1402_1318_D==1 || RL1402_1320_D==1)</Equation>
         <Equation>3::S_REL1402 == 1 &amp;&amp; (RL1402_1318_D==1 || RL1402_1320_D==1)</Equation>
      </States>
   </Equipment>
   <Equipment name="S1402" type="Signal" flavor="Lamp" CommandTimeOut="" AlarmTimeout="">
      <States>
         <Equation>1::SPLS1402 == 0</Equation>
         <Equation>2::SPLS1402 == 1</Equation>
      </States>
      <StateAlarms>
         <Equation>S_RED_FAILURE[1]::SPLS1402==0 &amp;&amp; S1402_OFF==0</Equation>
         <Equation>S_WHITE_FAILURE[2]::SPLS1402==0 &amp;&amp; S1402_OFF==1</Equation>
      </StateAlarms>
   </Equipment>
   <Equipment name="S1402" type="Signal" flavor="Fleet">
      <States>
         <Equation>2::AR1402_1318==0</Equation>
         <Equation>3::RL1402_1318_D==1&amp;&amp;AR1402_1318==1</Equation>
      </States>
   </Equipment>
   <Equipment name="S1402" type="Signal" flavor="Detection" CommandTimeOut="" AlarmTimeout="">
      <States>
         <Equation>S_STOP[0]::S1402_OFF == 0</Equation>
         <Equation>S_PERMISSIVE[1]::S1402_OFF == 1</Equation>
      </States>
   </Equipment>
   <Equipment name="S1402" type="Signal" flavor="HMI" CommandTimeOut="" AlarmTimeout="">
      <States>
         <Equation>NOEVENT[0]:: 1==1</Equation>
      </States>
   </Equipment>
   <Equipment name="S1408" type="Signal" flavor="Detection" CommandTimeOut="" AlarmTimeout="">
      <States>
         <Equation>S_STOP[0]::S1408_OFF == 0</Equation>
         <Equation>S_PERMISSIVE[1]::S1408_OFF == 1</Equation>
      </States>
   </Equipment>
   <Equipment name="S1408" type="Signal" flavor="ALS" CommandTimeOut="" AlarmTimeout="">
      <States>
         <Equation>S_APPROACH_FREE[1]::ALS1408 == 1</Equation>
         <Equation>S_APPROACH_LOCKED[2]::ALS1408 == 0</Equation>
         <Equation>NOEVENT[0]::1 == 1</Equation>
      </States>
   </Equipment>
   <Equipment name="S1408" type="Signal" flavor="HMI" CommandTimeOut="" AlarmTimeout="">
      <States>
         <Equation>1::S1408_OFF == 1 &amp;&amp; ALS1408 ==1</Equation>
         <Equation>2::S1408_OFF == 0 &amp;&amp; ALS1408 ==1</Equation>
         <Equation>3::S1408_OFF == 0 &amp;&amp; ALS1408 == 0</Equation>
         <Equation>4::S1408_OFF == 1 &amp;&amp; ALS1408 == 0</Equation>
         <Equation>0::1==1</Equation>
      </States>
   </Equipment>
   <Equipment name="S1408" type="Signal" flavor="Blocking" CommandTimeOut="" AlarmTimeout="">
      <States>
         <Equation>S_NOTBLOCKING[1]::MSC1408 == 1</Equation>
         <Equation>S_BLOCKING[2]::MSC1408 == 0</Equation>
      </States>
      <Requisites>
         <Equation>PREP_SBC1408[PREP_SBC]::PREP_SBC14==0</Equation>
         <Equation>PREP_SUC1408[PREP_SUC]::PREP_SUC14==0</Equation>
         <Equation>CONF_SBC1408[CONF_SBC]::1</Equation>
         <Equation>CONF_SUC1408[CONF_SUC]::1</Equation>
      </Requisites>
      <CommandResults>
         <Equation>PREP_SBC1408[PREP_SBC_RES]::PREP_SBC14==1</Equation>
         <Equation>PREP_SUC1408[PREP_SUC_RES]::PREP_SUC14==1</Equation>
         <Equation>CONF_SBC1408[CONF_SBC_RES]::MSC1408== 0</Equation>
         <Equation>CONF_SUC1408[CONF_SUC_RES]::MSC1408== 1</Equation>
      </CommandResults>
   </Equipment>
   <Equipment name="S1408" type="Signal" flavor="Automatic" CommandTimeOut="" AlarmTimeout="">
      <States>
         <Equation>1::RL1408_1402_D==0</Equation>
         <Equation>2::S_SEL1408 == 1 &amp;&amp; RL1408_1402_D==0</Equation>
         <Equation>3::RL1408_1402_D==1</Equation>
      </States>
   </Equipment>
   <Equipment name="S1408" type="Signal" flavor="Release" CommandTimeOut="" AlarmTimeout="">
      <States>
         <Equation>1::S_REL1408 == 0 &amp;&amp; (RL1408_1402_D==0)</Equation>
         <Equation>2::S_REL1408 == 0 &amp;&amp; (RL1408_1402_D==1)</Equation>
         <Equation>3::S_REL1408 == 1 &amp;&amp; (RL1408_1402_D==1)</Equation>
      </States>
   </Equipment>
   <Equipment name="S1408" type="Signal" flavor="Lamp" CommandTimeOut="" AlarmTimeout="">
      <States>
         <Equation>1::SPLS1408 == 0</Equation>
         <Equation>2::SPLS1408 == 1</Equation>
      </States>
      <StateAlarms>
         <Equation>S_RED_FAILURE[1]::SPLS1408==0 &amp;&amp; S1408_OFF==0</Equation>
         <Equation>S_WHITE_FAILURE[2]::SPLS1408==0 &amp;&amp; S1408_OFF==1</Equation>
      </StateAlarms>
   </Equipment>
   <Equipment name="S1408" type="Signal" flavor="Fleet">
      <States>
         <Equation>2::AR1408_1402==0</Equation>
         <Equation>3::RL1408_1402_D==1&amp;&amp;AR1408_1402==1</Equation>
      </States>
   </Equipment>
   <Equipment name="S1408" type="Signal" flavor="Detection" CommandTimeOut="" AlarmTimeout="">
      <States>
         <Equation>S_STOP[0]::S1408_OFF == 0</Equation>
         <Equation>S_PERMISSIVE[1]::S1408_OFF == 1</Equation>
      </States>
   </Equipment>
   <Equipment name="S1408" type="Signal" flavor="HMI" CommandTimeOut="" AlarmTimeout="">
      <States>
         <Equation>NOEVENT[0]:: 1==1</Equation>
      </States>
   </Equipment>
   <Equipment name="S1401" type="Signal" flavor="Detection" CommandTimeOut="" AlarmTimeout="">
      <States>
         <Equation>S_STOP[0]::S1401_OFF == 0</Equation>
         <Equation>S_PERMISSIVE[1]::S1401_OFF == 1</Equation>
      </States>
   </Equipment>
   <Equipment name="S1401" type="Signal" flavor="ALS" CommandTimeOut="" AlarmTimeout="">
      <States>
         <Equation>S_APPROACH_FREE[1]::ALS1401 == 1</Equation>
         <Equation>S_APPROACH_LOCKED[2]::ALS1401 == 0</Equation>
         <Equation>NOEVENT[0]::1 == 1</Equation>
      </States>
   </Equipment>
   <Equipment name="S1401" type="Signal" flavor="HMI" CommandTimeOut="" AlarmTimeout="">
      <States>
         <Equation>1::S1401_OFF == 1 &amp;&amp; ALS1401 ==1</Equation>
         <Equation>2::S1401_OFF == 0 &amp;&amp; ALS1401 ==1</Equation>
         <Equation>3::S1401_OFF == 0 &amp;&amp; ALS1401 == 0</Equation>
         <Equation>4::S1401_OFF == 1 &amp;&amp; ALS1401 == 0</Equation>
         <Equation>0::1==1</Equation>
      </States>
   </Equipment>
   <Equipment name="S1401" type="Signal" flavor="Blocking" CommandTimeOut="" AlarmTimeout="">
      <States>
         <Equation>S_NOTBLOCKING[1]::MSC1401 == 1</Equation>
         <Equation>S_BLOCKING[2]::MSC1401 == 0</Equation>
      </States>
      <Requisites>
         <Equation>PREP_SBC1401[PREP_SBC]::PREP_SBC14==0</Equation>
         <Equation>PREP_SUC1401[PREP_SUC]::PREP_SUC14==0</Equation>
         <Equation>CONF_SBC1401[CONF_SBC]::1</Equation>
         <Equation>CONF_SUC1401[CONF_SUC]::1</Equation>
      </Requisites>
      <CommandResults>
         <Equation>PREP_SBC1401[PREP_SBC_RES]::PREP_SBC14==1</Equation>
         <Equation>PREP_SUC1401[PREP_SUC_RES]::PREP_SUC14==1</Equation>
         <Equation>CONF_SBC1401[CONF_SBC_RES]::MSC1401== 0</Equation>
         <Equation>CONF_SUC1401[CONF_SUC_RES]::MSC1401== 1</Equation>
      </CommandResults>
   </Equipment>
   <Equipment name="S1401" type="Signal" flavor="Automatic" CommandTimeOut="" AlarmTimeout="">
      <States>
         <Equation>1::RL1401_1405_D==0 &amp;&amp; RL1401_1407_D==0</Equation>
         <Equation>2::S_SEL1401 == 1 &amp;&amp; RL1401_1405_D==0 &amp;&amp; RL1401_1407_D==0</Equation>
         <Equation>3::RL1401_1405_D==1 || RL1401_1407_D==1</Equation>
      </States>
   </Equipment>
   <Equipment name="S1401" type="Signal" flavor="Release" CommandTimeOut="" AlarmTimeout="">
      <States>
         <Equation>1::S_REL1401 == 0 &amp;&amp; (RL1401_1405_D==0 &amp;&amp; RL1401_1407_D==0)</Equation>
         <Equation>2::S_REL1401 == 0 &amp;&amp; (RL1401_1405_D==1 || RL1401_1407_D==1)</Equation>
         <Equation>3::S_REL1401 == 1 &amp;&amp; (RL1401_1405_D==1 || RL1401_1407_D==1)</Equation>
      </States>
   </Equipment>
   <Equipment name="S1401" type="Signal" flavor="Lamp" CommandTimeOut="" AlarmTimeout="">
      <States>
         <Equation>1::SPLS1401 == 0</Equation>
         <Equation>2::SPLS1401 == 1</Equation>
      </States>
      <StateAlarms>
         <Equation>S_RED_FAILURE[1]::SPLS1401==0 &amp;&amp; S1401_OFF==0</Equation>
         <Equation>S_WHITE_FAILURE[2]::SPLS1401==0 &amp;&amp; S1401_OFF==1</Equation>
      </StateAlarms>
   </Equipment>
   <Equipment name="S1401" type="Signal" flavor="Fleet">
      <States>
         <Equation>2::AR1401_1407==0</Equation>
         <Equation>3::RL1401_1407_D==1&amp;&amp;AR1401_1407==1</Equation>
      </States>
   </Equipment>
   <Equipment name="S1401" type="Signal" flavor="Detection" CommandTimeOut="" AlarmTimeout="">
      <States>
         <Equation>S_STOP[0]::S1401_OFF == 0</Equation>
         <Equation>S_PERMISSIVE[1]::S1401_OFF == 1</Equation>
      </States>
   </Equipment>
   <Equipment name="S1401" type="Signal" flavor="HMI" CommandTimeOut="" AlarmTimeout="">
      <States>
         <Equation>NOEVENT[0]:: 1==1</Equation>
      </States>
   </Equipment>
   <Equipment name="S1407" type="Signal" flavor="Detection" CommandTimeOut="" AlarmTimeout="">
      <States>
         <Equation>S_STOP[0]::S1407_OFF == 0</Equation>
         <Equation>S_PERMISSIVE[1]::S1407_OFF == 1</Equation>
      </States>
   </Equipment>
   <Equipment name="S1407" type="Signal" flavor="ALS" CommandTimeOut="" AlarmTimeout="">
      <States>
         <Equation>S_APPROACH_FREE[1]::ALS1407 == 1</Equation>
         <Equation>S_APPROACH_LOCKED[2]::ALS1407 == 0</Equation>
         <Equation>NOEVENT[0]::1 == 1</Equation>
      </States>
   </Equipment>
   <Equipment name="S1407" type="Signal" flavor="HMI" CommandTimeOut="" AlarmTimeout="">
      <States>
         <Equation>1::S1407_OFF == 1 &amp;&amp; ALS1407 ==1</Equation>
         <Equation>2::S1407_OFF == 0 &amp;&amp; ALS1407 ==1</Equation>
         <Equation>3::S1407_OFF == 0 &amp;&amp; ALS1407 == 0</Equation>
         <Equation>4::S1407_OFF == 1 &amp;&amp; ALS1407 == 0</Equation>
         <Equation>0::1==1</Equation>
      </States>
   </Equipment>
   <Equipment name="S1407" type="Signal" flavor="Blocking" CommandTimeOut="" AlarmTimeout="">
      <States>
         <Equation>S_NOTBLOCKING[1]::MSC1407 == 1</Equation>
         <Equation>S_BLOCKING[2]::MSC1407 == 0</Equation>
      </States>
      <Requisites>
         <Equation>PREP_SBC1407[PREP_SBC]::PREP_SBC14==0</Equation>
         <Equation>PREP_SUC1407[PREP_SUC]::PREP_SUC14==0</Equation>
         <Equation>CONF_SBC1407[CONF_SBC]::1</Equation>
         <Equation>CONF_SUC1407[CONF_SUC]::1</Equation>
      </Requisites>
      <CommandResults>
         <Equation>PREP_SBC1407[PREP_SBC_RES]::PREP_SBC14==1</Equation>
         <Equation>PREP_SUC1407[PREP_SUC_RES]::PREP_SUC14==1</Equation>
         <Equation>CONF_SBC1407[CONF_SBC_RES]::MSC1407== 0</Equation>
         <Equation>CONF_SUC1407[CONF_SUC_RES]::MSC1407== 1</Equation>
      </CommandResults>
   </Equipment>
   <Equipment name="S1407" type="Signal" flavor="Automatic" CommandTimeOut="" AlarmTimeout="">
      <States>
         <Equation>1::RL1407_1409_D==0</Equation>
         <Equation>2::S_SEL1407 == 1 &amp;&amp; RL1407_1409_D==0</Equation>
         <Equation>3::RL1407_1409_D==1</Equation>
      </States>
   </Equipment>
   <Equipment name="S1407" type="Signal" flavor="Release" CommandTimeOut="" AlarmTimeout="">
      <States>
         <Equation>1::S_REL1407 == 0 &amp;&amp; (RL1407_1409_D==0)</Equation>
         <Equation>2::S_REL1407 == 0 &amp;&amp; (RL1407_1409_D==1)</Equation>
         <Equation>3::S_REL1407 == 1 &amp;&amp; (RL1407_1409_D==1)</Equation>
      </States>
   </Equipment>
   <Equipment name="S1407" type="Signal" flavor="Lamp" CommandTimeOut="" AlarmTimeout="">
      <States>
         <Equation>1::SPLS1407 == 0</Equation>
         <Equation>2::SPLS1407 == 1</Equation>
      </States>
      <StateAlarms>
         <Equation>S_RED_FAILURE[1]::SPLS1407==0 &amp;&amp; S1407_OFF==0</Equation>
         <Equation>S_WHITE_FAILURE[2]::SPLS1407==0 &amp;&amp; S1407_OFF==1</Equation>
      </StateAlarms>
   </Equipment>
   <Equipment name="S1407" type="Signal" flavor="Fleet">
      <States>
         <Equation>2::AR1407_1409==0</Equation>
         <Equation>3::RL1407_1409_D==1&amp;&amp;AR1407_1409==1</Equation>
      </States>
   </Equipment>
   <Equipment name="S1407" type="Signal" flavor="Detection" CommandTimeOut="" AlarmTimeout="">
      <States>
         <Equation>S_STOP[0]::S1407_OFF == 0</Equation>
         <Equation>S_PERMISSIVE[1]::S1407_OFF == 1</Equation>
      </States>
   </Equipment>
   <Equipment name="S1407" type="Signal" flavor="HMI" CommandTimeOut="" AlarmTimeout="">
      <States>
         <Equation>NOEVENT[0]:: 1==1</Equation>
      </States>
   </Equipment>
   <Equipment name="S1409" type="Signal" flavor="Detection" CommandTimeOut="" AlarmTimeout="">
      <States>
         <Equation>S_STOP[0]::S1409_OFF == 0</Equation>
         <Equation>S_PERMISSIVE[1]::S1409_OFF == 1</Equation>
      </States>
   </Equipment>
   <Equipment name="S1409" type="Signal" flavor="ALS" CommandTimeOut="" AlarmTimeout="">
      <States>
         <Equation>S_APPROACH_FREE[1]::ALS1409 == 1</Equation>
         <Equation>S_APPROACH_LOCKED[2]::ALS1409 == 0</Equation>
         <Equation>NOEVENT[0]::1 == 1</Equation>
      </States>
   </Equipment>
   <Equipment name="S1409" type="Signal" flavor="HMI" CommandTimeOut="" AlarmTimeout="">
      <States>
         <Equation>1::S1409_OFF == 1 &amp;&amp; ALS1409 ==1</Equation>
         <Equation>2::S1409_OFF == 0 &amp;&amp; ALS1409 ==1</Equation>
         <Equation>3::S1409_OFF == 0 &amp;&amp; ALS1409 == 0</Equation>
         <Equation>4::S1409_OFF == 1 &amp;&amp; ALS1409 == 0</Equation>
         <Equation>0::1==1</Equation>
      </States>
   </Equipment>
   <Equipment name="S1409" type="Signal" flavor="Blocking" CommandTimeOut="" AlarmTimeout="">
      <States>
         <Equation>S_NOTBLOCKING[1]::MSC1409 == 1</Equation>
         <Equation>S_BLOCKING[2]::MSC1409 == 0</Equation>
      </States>
      <Requisites>
         <Equation>PREP_SBC1409[PREP_SBC]::PREP_SBC14==0</Equation>
         <Equation>PREP_SUC1409[PREP_SUC]::PREP_SUC14==0</Equation>
         <Equation>CONF_SBC1409[CONF_SBC]::1</Equation>
         <Equation>CONF_SUC1409[CONF_SUC]::1</Equation>
      </Requisites>
      <CommandResults>
         <Equation>PREP_SBC1409[PREP_SBC_RES]::PREP_SBC14==1</Equation>
         <Equation>PREP_SUC1409[PREP_SUC_RES]::PREP_SUC14==1</Equation>
         <Equation>CONF_SBC1409[CONF_SBC_RES]::MSC1409== 0</Equation>
         <Equation>CONF_SUC1409[CONF_SUC_RES]::MSC1409== 1</Equation>
      </CommandResults>
   </Equipment>
   <Equipment name="S1409" type="Signal" flavor="Automatic" CommandTimeOut="" AlarmTimeout="">
      <States>
         <Equation>1::RL1409_1635_D==0</Equation>
         <Equation>2::S_SEL1409 == 1 &amp;&amp; RL1409_1635_D==0</Equation>
         <Equation>3::RL1409_1635_D==1</Equation>
      </States>
   </Equipment>
   <Equipment name="S1409" type="Signal" flavor="Release" CommandTimeOut="" AlarmTimeout="">
      <States>
         <Equation>1::S_REL1409 == 0 &amp;&amp; (RL1409_1635_D==0)</Equation>
         <Equation>2::S_REL1409 == 0 &amp;&amp; (RL1409_1635_D==1)</Equation>
         <Equation>3::S_REL1409 == 1 &amp;&amp; (RL1409_1635_D==1)</Equation>
      </States>
   </Equipment>
   <Equipment name="S1409" type="Signal" flavor="Lamp" CommandTimeOut="" AlarmTimeout="">
      <States>
         <Equation>1::SPLS1409 == 0</Equation>
         <Equation>2::SPLS1409 == 1</Equation>
      </States>
      <StateAlarms>
         <Equation>S_RED_FAILURE[1]::SPLS1409==0 &amp;&amp; S1409_OFF==0</Equation>
         <Equation>S_WHITE_FAILURE[2]::SPLS1409==0 &amp;&amp; S1409_OFF==1</Equation>
      </StateAlarms>
   </Equipment>
   <Equipment name="S1409" type="Signal" flavor="Fleet">
      <States>
         <Equation>2::AR1409_1635==0</Equation>
         <Equation>3::RL1409_1635_D==1&amp;&amp;AR1409_1635==1</Equation>
      </States>
   </Equipment>
   <Equipment name="S1409" type="Signal" flavor="Detection" CommandTimeOut="" AlarmTimeout="">
      <States>
         <Equation>S_STOP[0]::S1409_OFF == 0</Equation>
         <Equation>S_PERMISSIVE[1]::S1409_OFF == 1</Equation>
      </States>
   </Equipment>
   <Equipment name="S1409" type="Signal" flavor="HMI" CommandTimeOut="" AlarmTimeout="">
      <States>
         <Equation>NOEVENT[0]:: 1==1</Equation>
      </States>
   </Equipment>
   <Equipment name="S1403" type="Signal" flavor="Detection" CommandTimeOut="" AlarmTimeout="">
      <States>
         <Equation>S_STOP[0]::S1403_OFF == 0</Equation>
         <Equation>S_PERMISSIVE[1]::S1403_OFF == 1</Equation>
      </States>
   </Equipment>
   <Equipment name="S1403" type="Signal" flavor="ALS" CommandTimeOut="" AlarmTimeout="">
      <States>
         <Equation>S_APPROACH_FREE[1]::ALS1403 == 1</Equation>
         <Equation>S_APPROACH_LOCKED[2]::ALS1403 == 0</Equation>
         <Equation>NOEVENT[0]::1 == 1</Equation>
      </States>
   </Equipment>
   <Equipment name="S1403" type="Signal" flavor="HMI" CommandTimeOut="" AlarmTimeout="">
      <States>
         <Equation>1::S1403_OFF == 1 &amp;&amp; ALS1403 ==1</Equation>
         <Equation>2::S1403_OFF == 0 &amp;&amp; ALS1403 ==1</Equation>
         <Equation>3::S1403_OFF == 0 &amp;&amp; ALS1403 == 0</Equation>
         <Equation>4::S1403_OFF == 1 &amp;&amp; ALS1403 == 0</Equation>
         <Equation>0::1==1</Equation>
      </States>
   </Equipment>
   <Equipment name="S1403" type="Signal" flavor="Blocking" CommandTimeOut="" AlarmTimeout="">
      <States>
         <Equation>S_NOTBLOCKING[1]::MSC1403 == 1</Equation>
         <Equation>S_BLOCKING[2]::MSC1403 == 0</Equation>
      </States>
      <Requisites>
         <Equation>PREP_SBC1403[PREP_SBC]::PREP_SBC14==0</Equation>
         <Equation>PREP_SUC1403[PREP_SUC]::PREP_SUC14==0</Equation>
         <Equation>CONF_SBC1403[CONF_SBC]::1</Equation>
         <Equation>CONF_SUC1403[CONF_SUC]::1</Equation>
      </Requisites>
      <CommandResults>
         <Equation>PREP_SBC1403[PREP_SBC_RES]::PREP_SBC14==1</Equation>
         <Equation>PREP_SUC1403[PREP_SUC_RES]::PREP_SUC14==1</Equation>
         <Equation>CONF_SBC1403[CONF_SBC_RES]::MSC1403== 0</Equation>
         <Equation>CONF_SUC1403[CONF_SUC_RES]::MSC1403== 1</Equation>
      </CommandResults>
   </Equipment>
   <Equipment name="S1403" type="Signal" flavor="Automatic" CommandTimeOut="" AlarmTimeout="">
      <States>
         <Equation>1::RL1403_1405_D==0</Equation>
         <Equation>2::S_SEL1403 == 1 &amp;&amp; RL1403_1405_D==0</Equation>
         <Equation>3::RL1403_1405_D==1</Equation>
      </States>
   </Equipment>
   <Equipment name="S1403" type="Signal" flavor="Release" CommandTimeOut="" AlarmTimeout="">
      <States>
         <Equation>1::S_REL1403 == 0 &amp;&amp; (RL1403_1405_D==0)</Equation>
         <Equation>2::S_REL1403 == 0 &amp;&amp; (RL1403_1405_D==1)</Equation>
         <Equation>3::S_REL1403 == 1 &amp;&amp; (RL1403_1405_D==1)</Equation>
      </States>
   </Equipment>
   <Equipment name="S1403" type="Signal" flavor="Lamp" CommandTimeOut="" AlarmTimeout="">
      <States>
         <Equation>1::SPLS1403 == 0</Equation>
         <Equation>2::SPLS1403 == 1</Equation>
      </States>
      <StateAlarms>
         <Equation>S_RED_FAILURE[1]::SPLS1403==0 &amp;&amp; S1403_OFF==0</Equation>
         <Equation>S_WHITE_FAILURE[2]::SPLS1403==0 &amp;&amp; S1403_OFF==1</Equation>
      </StateAlarms>
   </Equipment>
   <Equipment name="S1403" type="Signal" flavor="Detection" CommandTimeOut="" AlarmTimeout="">
      <States>
         <Equation>S_STOP[0]::S1403_OFF == 0</Equation>
         <Equation>S_PERMISSIVE[1]::S1403_OFF == 1</Equation>
      </States>
   </Equipment>
   <Equipment name="S1403" type="Signal" flavor="HMI" CommandTimeOut="" AlarmTimeout="">
      <States>
         <Equation>NOEVENT[0]:: 1==1</Equation>
      </States>
   </Equipment>
   <Equipment name="S1405" type="Signal" flavor="Detection" CommandTimeOut="" AlarmTimeout="">
      <States>
         <Equation>S_STOP[0]::S1405_OFF == 0</Equation>
         <Equation>S_PERMISSIVE[1]::S1405_OFF == 1</Equation>
      </States>
   </Equipment>
   <Equipment name="S1405" type="Signal" flavor="ALS" CommandTimeOut="" AlarmTimeout="">
      <States>
         <Equation>S_APPROACH_FREE[1]::ALS1405 == 1</Equation>
         <Equation>S_APPROACH_LOCKED[2]::ALS1405 == 0</Equation>
         <Equation>NOEVENT[0]::1 == 1</Equation>
      </States>
   </Equipment>
   <Equipment name="S1405" type="Signal" flavor="HMI" CommandTimeOut="" AlarmTimeout="">
      <States>
         <Equation>1::S1405_OFF == 1 &amp;&amp; ALS1405 ==1</Equation>
         <Equation>2::S1405_OFF == 0 &amp;&amp; ALS1405 ==1</Equation>
         <Equation>3::S1405_OFF == 0 &amp;&amp; ALS1405 == 0</Equation>
         <Equation>4::S1405_OFF == 1 &amp;&amp; ALS1405 == 0</Equation>
         <Equation>0::1==1</Equation>
      </States>
   </Equipment>
   <Equipment name="S1405" type="Signal" flavor="Blocking" CommandTimeOut="" AlarmTimeout="">
      <States>
         <Equation>S_NOTBLOCKING[1]::MSC1405 == 1</Equation>
         <Equation>S_BLOCKING[2]::MSC1405 == 0</Equation>
      </States>
      <Requisites>
         <Equation>PREP_SBC1405[PREP_SBC]::PREP_SBC14==0</Equation>
         <Equation>PREP_SUC1405[PREP_SUC]::PREP_SUC14==0</Equation>
         <Equation>CONF_SBC1405[CONF_SBC]::1</Equation>
         <Equation>CONF_SUC1405[CONF_SUC]::1</Equation>
      </Requisites>
      <CommandResults>
         <Equation>PREP_SBC1405[PREP_SBC_RES]::PREP_SBC14==1</Equation>
         <Equation>PREP_SUC1405[PREP_SUC_RES]::PREP_SUC14==1</Equation>
         <Equation>CONF_SBC1405[CONF_SBC_RES]::MSC1405== 0</Equation>
         <Equation>CONF_SUC1405[CONF_SUC_RES]::MSC1405== 1</Equation>
      </CommandResults>
   </Equipment>
   <Equipment name="S1405" type="Signal" flavor="Automatic" CommandTimeOut="" AlarmTimeout="">
      <States>
         <Equation>1::RL1405_1409_D==0 &amp;&amp; RL1405_1637_D==0</Equation>
         <Equation>2::S_SEL1405 == 1 &amp;&amp; RL1405_1409_D==0 &amp;&amp; RL1405_1637_D==0</Equation>
         <Equation>3::RL1405_1409_D==1 || RL1405_1637_D==1</Equation>
      </States>
   </Equipment>
   <Equipment name="S1405" type="Signal" flavor="Release" CommandTimeOut="" AlarmTimeout="">
      <States>
         <Equation>1::S_REL1405 == 0 &amp;&amp; (RL1405_1409_D==0 &amp;&amp; RL1405_1637_D==0)</Equation>
         <Equation>2::S_REL1405 == 0 &amp;&amp; (RL1405_1409_D==1 || RL1405_1637_D==1)</Equation>
         <Equation>3::S_REL1405 == 1 &amp;&amp; (RL1405_1409_D==1 || RL1405_1637_D==1)</Equation>
      </States>
   </Equipment>
   <Equipment name="S1405" type="Signal" flavor="Lamp" CommandTimeOut="" AlarmTimeout="">
      <States>
         <Equation>1::SPLS1405 == 0</Equation>
         <Equation>2::SPLS1405 == 1</Equation>
      </States>
      <StateAlarms>
         <Equation>S_RED_FAILURE[1]::SPLS1405==0 &amp;&amp; S1405_OFF==0</Equation>
         <Equation>S_WHITE_FAILURE[2]::SPLS1405==0 &amp;&amp; S1405_OFF==1</Equation>
      </StateAlarms>
   </Equipment>
   <Equipment name="S1405" type="Signal" flavor="Detection" CommandTimeOut="" AlarmTimeout="">
      <States>
         <Equation>S_STOP[0]::S1405_OFF == 0</Equation>
         <Equation>S_PERMISSIVE[1]::S1405_OFF == 1</Equation>
      </States>
   </Equipment>
   <Equipment name="S1405" type="Signal" flavor="HMI" CommandTimeOut="" AlarmTimeout="">
      <States>
         <Equation>NOEVENT[0]:: 1==1</Equation>
      </States>
   </Equipment>
</SignallingRules>