<?xml version="1.0" encoding="UTF-8"?>
<SignallingRules xmlns:xsi="http://www.w3.org/2001/XMLSchema-instance"
                 xmlns:sys="http://www.systerel.fr/Alstom/IDP"
                 Project="CCL"
                 Generation_Date="XXXX-XX-XX"
                 xsi:noNamespaceSchemaLocation="SigRules.xsd">
   <Versions>
         <Version Name="ICONIS_IDP#SyAD_Configuration-CCL"
               Value="830F-ATS-0895_1E &amp; 830F-ATS-0402-1G"/>
         <Version Name="ICONIS_IDP#Product_Version" Value="SW_IDP_CCL_1.6.6"/>
         <Version Name="Project#System_Database_Version" Value="1.0.0"/>
         <Version Name="Project#ATS_Parameter_Version" Value=""/>
      </Versions>
   <Equipment name="S0102" type="Signal" flavor="Lamp" CommandTimeOut="" AlarmTimeout="">
      <States>
         <Equation>1::SPLS0102 == 0</Equation>
         <Equation>2::SPLS0102 == 1</Equation>
      </States>
      <StateAlarms>
         <Equation>S_RED_FAILURE[1]::SPLS0102==0 &amp;&amp; S0102_OFF==0</Equation>
         <Equation>S_WHITE_FAILURE[2]::SPLS0102==0 &amp;&amp; S0102_OFF==1</Equation>
      </StateAlarms>
   </Equipment>
   <Equipment name="S0106" type="Signal" flavor="Detection" CommandTimeOut="" AlarmTimeout="">
      <States>
         <Equation>S_STOP[0]::S0106_OFF == 0</Equation>
         <Equation>S_PERMISSIVE[1]::S0106_OFF == 1</Equation>
      </States>
   </Equipment>
   <Equipment name="S0106" type="Signal" flavor="ALS" CommandTimeOut="" AlarmTimeout="">
      <States>
         <Equation>S_APPROACH_FREE[1]::ALS0106 == 1</Equation>
         <Equation>S_APPROACH_LOCKED[2]::ALS0106 == 0</Equation>
         <Equation>NOEVENT[0]::1 == 1</Equation>
      </States>
   </Equipment>
   <Equipment name="S0106" type="Signal" flavor="HMI" CommandTimeOut="" AlarmTimeout="">
      <States>
         <Equation>1::S0106_OFF == 1 &amp;&amp; ALS0106 ==1</Equation>
         <Equation>2::S0106_OFF == 0 &amp;&amp; ALS0106 ==1</Equation>
         <Equation>3::S0106_OFF == 0 &amp;&amp; ALS0106 == 0</Equation>
         <Equation>4::S0106_OFF == 1 &amp;&amp; ALS0106 == 0</Equation>
         <Equation>0::1==1</Equation>
      </States>
   </Equipment>
   <Equipment name="S0106" type="Signal" flavor="Blocking" CommandTimeOut="" AlarmTimeout="">
      <States>
         <Equation>S_NOTBLOCKING[1]::MSC0106 == 1</Equation>
         <Equation>S_BLOCKING[2]::MSC0106 == 0</Equation>
      </States>
      <Requisites>
         <Equation>PREP_SBC0106[PREP_SBC]::PREP_SBC01==0</Equation>
         <Equation>PREP_SUC0106[PREP_SUC]::PREP_SUC01==0</Equation>
         <Equation>CONF_SBC0106[CONF_SBC]::1</Equation>
         <Equation>CONF_SUC0106[CONF_SUC]::1</Equation>
      </Requisites>
      <CommandResults>
         <Equation>PREP_SBC0106[PREP_SBC_RES]::PREP_SBC01==1</Equation>
         <Equation>PREP_SUC0106[PREP_SUC_RES]::PREP_SUC01==1</Equation>
         <Equation>CONF_SBC0106[CONF_SBC_RES]::MSC0106== 0</Equation>
         <Equation>CONF_SUC0106[CONF_SUC_RES]::MSC0106== 1</Equation>
      </CommandResults>
   </Equipment>
   <Equipment name="S0106" type="Signal" flavor="Automatic" CommandTimeOut="" AlarmTimeout="">
      <States>
         <Equation>1::RL0106_0102_D==0</Equation>
         <Equation>2::S_SEL0106 == 1 &amp;&amp; RL0106_0102_D==0</Equation>
         <Equation>3::RL0106_0102_D==1</Equation>
      </States>
   </Equipment>
   <Equipment name="S0106" type="Signal" flavor="Release" CommandTimeOut="" AlarmTimeout="">
      <States>
         <Equation>1::S_REL0106 == 0 &amp;&amp; (RL0106_0102_D==0)</Equation>
         <Equation>2::S_REL0106 == 0 &amp;&amp; (RL0106_0102_D==1)</Equation>
         <Equation>3::S_REL0106 == 1 &amp;&amp; (RL0106_0102_D==1)</Equation>
      </States>
   </Equipment>
   <Equipment name="S0106" type="Signal" flavor="Lamp" CommandTimeOut="" AlarmTimeout="">
      <States>
         <Equation>1::SPLS0106 == 0</Equation>
         <Equation>2::SPLS0106 == 1</Equation>
      </States>
      <StateAlarms>
         <Equation>S_RED_FAILURE[1]::SPLS0106==0 &amp;&amp; S0106_OFF==0</Equation>
         <Equation>S_WHITE_FAILURE[2]::SPLS0106==0 &amp;&amp; S0106_OFF==1</Equation>
      </StateAlarms>
   </Equipment>
   <Equipment name="S0106" type="Signal" flavor="Detection" CommandTimeOut="" AlarmTimeout="">
      <States>
         <Equation>S_STOP[0]::S0106_OFF == 0</Equation>
         <Equation>S_PERMISSIVE[1]::S0106_OFF == 1</Equation>
      </States>
   </Equipment>
   <Equipment name="S0106" type="Signal" flavor="HMI" CommandTimeOut="" AlarmTimeout="">
      <States>
         <Equation>NOEVENT[0]:: 1==1</Equation>
      </States>
   </Equipment>
   <Equipment name="S0112" type="Signal" flavor="Detection" CommandTimeOut="" AlarmTimeout="">
      <States>
         <Equation>S_STOP[0]::S0112_OFF == 0</Equation>
         <Equation>S_PERMISSIVE[1]::S0112_OFF == 1</Equation>
      </States>
   </Equipment>
   <Equipment name="S0112" type="Signal" flavor="ALS" CommandTimeOut="" AlarmTimeout="">
      <States>
         <Equation>S_APPROACH_FREE[1]::ALS0112 == 1</Equation>
         <Equation>S_APPROACH_LOCKED[2]::ALS0112 == 0</Equation>
         <Equation>NOEVENT[0]::1 == 1</Equation>
      </States>
   </Equipment>
   <Equipment name="S0112" type="Signal" flavor="HMI" CommandTimeOut="" AlarmTimeout="">
      <States>
         <Equation>1::S0112_OFF == 1 &amp;&amp; ALS0112 ==1</Equation>
         <Equation>2::S0112_OFF == 0 &amp;&amp; ALS0112 ==1</Equation>
         <Equation>3::S0112_OFF == 0 &amp;&amp; ALS0112 == 0</Equation>
         <Equation>4::S0112_OFF == 1 &amp;&amp; ALS0112 == 0</Equation>
         <Equation>0::1==1</Equation>
      </States>
   </Equipment>
   <Equipment name="S0112" type="Signal" flavor="Blocking" CommandTimeOut="" AlarmTimeout="">
      <States>
         <Equation>S_NOTBLOCKING[1]::MSC0112 == 1</Equation>
         <Equation>S_BLOCKING[2]::MSC0112 == 0</Equation>
      </States>
      <Requisites>
         <Equation>PREP_SBC0112[PREP_SBC]::PREP_SBC01==0</Equation>
         <Equation>PREP_SUC0112[PREP_SUC]::PREP_SUC01==0</Equation>
         <Equation>CONF_SBC0112[CONF_SBC]::1</Equation>
         <Equation>CONF_SUC0112[CONF_SUC]::1</Equation>
      </Requisites>
      <CommandResults>
         <Equation>PREP_SBC0112[PREP_SBC_RES]::PREP_SBC01==1</Equation>
         <Equation>PREP_SUC0112[PREP_SUC_RES]::PREP_SUC01==1</Equation>
         <Equation>CONF_SBC0112[CONF_SBC_RES]::MSC0112== 0</Equation>
         <Equation>CONF_SUC0112[CONF_SUC_RES]::MSC0112== 1</Equation>
      </CommandResults>
   </Equipment>
   <Equipment name="S0112" type="Signal" flavor="Automatic" CommandTimeOut="" AlarmTimeout="">
      <States>
         <Equation>1::RL0112_0104_D==0 &amp;&amp; RL0112_0106_D==0</Equation>
         <Equation>2::S_SEL0112 == 1 &amp;&amp; RL0112_0104_D==0 &amp;&amp; RL0112_0106_D==0</Equation>
         <Equation>3::RL0112_0104_D==1 || RL0112_0106_D==1</Equation>
      </States>
   </Equipment>
   <Equipment name="S0112" type="Signal" flavor="Release" CommandTimeOut="" AlarmTimeout="">
      <States>
         <Equation>1::S_REL0112 == 0 &amp;&amp; (RL0112_0104_D==0 &amp;&amp; RL0112_0106_D==0)</Equation>
         <Equation>2::S_REL0112 == 0 &amp;&amp; (RL0112_0104_D==1 || RL0112_0106_D==1)</Equation>
         <Equation>3::S_REL0112 == 1 &amp;&amp; (RL0112_0104_D==1 || RL0112_0106_D==1)</Equation>
      </States>
   </Equipment>
   <Equipment name="S0112" type="Signal" flavor="Lamp" CommandTimeOut="" AlarmTimeout="">
      <States>
         <Equation>1::SPLS0112 == 0</Equation>
         <Equation>2::SPLS0112 == 1</Equation>
      </States>
      <StateAlarms>
         <Equation>S_RED_FAILURE[1]::SPLS0112==0 &amp;&amp; S0112_OFF==0</Equation>
         <Equation>S_WHITE_FAILURE[2]::SPLS0112==0 &amp;&amp; S0112_OFF==1</Equation>
      </StateAlarms>
   </Equipment>
   <Equipment name="S0112" type="Signal" flavor="Detection" CommandTimeOut="" AlarmTimeout="">
      <States>
         <Equation>S_STOP[0]::S0112_OFF == 0</Equation>
         <Equation>S_PERMISSIVE[1]::S0112_OFF == 1</Equation>
      </States>
   </Equipment>
   <Equipment name="S0112" type="Signal" flavor="HMI" CommandTimeOut="" AlarmTimeout="">
      <States>
         <Equation>NOEVENT[0]:: 1==1</Equation>
      </States>
   </Equipment>
   <Equipment name="S0114" type="Signal" flavor="Detection" CommandTimeOut="" AlarmTimeout="">
      <States>
         <Equation>S_STOP[0]::S0114_OFF == 0</Equation>
         <Equation>S_PERMISSIVE[1]::S0114_OFF == 1</Equation>
      </States>
   </Equipment>
   <Equipment name="S0114" type="Signal" flavor="ALS" CommandTimeOut="" AlarmTimeout="">
      <States>
         <Equation>S_APPROACH_FREE[1]::ALS0114 == 1</Equation>
         <Equation>S_APPROACH_LOCKED[2]::ALS0114 == 0</Equation>
         <Equation>NOEVENT[0]::1 == 1</Equation>
      </States>
   </Equipment>
   <Equipment name="S0114" type="Signal" flavor="HMI" CommandTimeOut="" AlarmTimeout="">
      <States>
         <Equation>1::S0114_OFF == 1 &amp;&amp; ALS0114 ==1</Equation>
         <Equation>2::S0114_OFF == 0 &amp;&amp; ALS0114 ==1</Equation>
         <Equation>3::S0114_OFF == 0 &amp;&amp; ALS0114 == 0</Equation>
         <Equation>4::S0114_OFF == 1 &amp;&amp; ALS0114 == 0</Equation>
         <Equation>0::1==1</Equation>
      </States>
   </Equipment>
   <Equipment name="S0114" type="Signal" flavor="Blocking" CommandTimeOut="" AlarmTimeout="">
      <States>
         <Equation>S_NOTBLOCKING[1]::MSC0114 == 1</Equation>
         <Equation>S_BLOCKING[2]::MSC0114 == 0</Equation>
      </States>
      <Requisites>
         <Equation>PREP_SBC0114[PREP_SBC]::PREP_SBC01==0</Equation>
         <Equation>PREP_SUC0114[PREP_SUC]::PREP_SUC01==0</Equation>
         <Equation>CONF_SBC0114[CONF_SBC]::1</Equation>
         <Equation>CONF_SUC0114[CONF_SUC]::1</Equation>
      </Requisites>
      <CommandResults>
         <Equation>PREP_SBC0114[PREP_SBC_RES]::PREP_SBC01==1</Equation>
         <Equation>PREP_SUC0114[PREP_SUC_RES]::PREP_SUC01==1</Equation>
         <Equation>CONF_SBC0114[CONF_SBC_RES]::MSC0114== 0</Equation>
         <Equation>CONF_SUC0114[CONF_SUC_RES]::MSC0114== 1</Equation>
      </CommandResults>
   </Equipment>
   <Equipment name="S0114" type="Signal" flavor="Automatic" CommandTimeOut="" AlarmTimeout="">
      <States>
         <Equation>1::RL0114_0112_D==0</Equation>
         <Equation>2::S_SEL0114 == 1 &amp;&amp; RL0114_0112_D==0</Equation>
         <Equation>3::RL0114_0112_D==1</Equation>
      </States>
   </Equipment>
   <Equipment name="S0114" type="Signal" flavor="Release" CommandTimeOut="" AlarmTimeout="">
      <States>
         <Equation>1::S_REL0114 == 0 &amp;&amp; (RL0114_0112_D==0)</Equation>
         <Equation>2::S_REL0114 == 0 &amp;&amp; (RL0114_0112_D==1)</Equation>
         <Equation>3::S_REL0114 == 1 &amp;&amp; (RL0114_0112_D==1)</Equation>
      </States>
   </Equipment>
   <Equipment name="S0114" type="Signal" flavor="Lamp" CommandTimeOut="" AlarmTimeout="">
      <States>
         <Equation>1::SPLS0114 == 0</Equation>
         <Equation>2::SPLS0114 == 1</Equation>
      </States>
      <StateAlarms>
         <Equation>S_RED_FAILURE[1]::SPLS0114==0 &amp;&amp; S0114_OFF==0</Equation>
         <Equation>S_WHITE_FAILURE[2]::SPLS0114==0 &amp;&amp; S0114_OFF==1</Equation>
      </StateAlarms>
   </Equipment>
   <Equipment name="S0114" type="Signal" flavor="Detection" CommandTimeOut="" AlarmTimeout="">
      <States>
         <Equation>S_STOP[0]::S0114_OFF == 0</Equation>
         <Equation>S_PERMISSIVE[1]::S0114_OFF == 1</Equation>
      </States>
   </Equipment>
   <Equipment name="S0114" type="Signal" flavor="HMI" CommandTimeOut="" AlarmTimeout="">
      <States>
         <Equation>NOEVENT[0]:: 1==1</Equation>
      </States>
   </Equipment>
   <Equipment name="S0100" type="Signal" flavor="Lamp" CommandTimeOut="" AlarmTimeout="">
      <States>
         <Equation>1::SPLS0100 == 0</Equation>
         <Equation>2::SPLS0100 == 1</Equation>
      </States>
      <StateAlarms>
         <Equation>S_RED_FAILURE[1]::SPLS0100==0 &amp;&amp; S0100_OFF==0</Equation>
         <Equation>S_WHITE_FAILURE[2]::SPLS0100==0 &amp;&amp; S0100_OFF==1</Equation>
      </StateAlarms>
   </Equipment>
   <Equipment name="S0104" type="Signal" flavor="Detection" CommandTimeOut="" AlarmTimeout="">
      <States>
         <Equation>S_STOP[0]::S0104_OFF == 0</Equation>
         <Equation>S_PERMISSIVE[1]::S0104_OFF == 1</Equation>
      </States>
   </Equipment>
   <Equipment name="S0104" type="Signal" flavor="ALS" CommandTimeOut="" AlarmTimeout="">
      <States>
         <Equation>S_APPROACH_FREE[1]::ALS0104 == 1</Equation>
         <Equation>S_APPROACH_LOCKED[2]::ALS0104 == 0</Equation>
         <Equation>NOEVENT[0]::1 == 1</Equation>
      </States>
   </Equipment>
   <Equipment name="S0104" type="Signal" flavor="HMI" CommandTimeOut="" AlarmTimeout="">
      <States>
         <Equation>1::S0104_OFF == 1 &amp;&amp; ALS0104 ==1</Equation>
         <Equation>2::S0104_OFF == 0 &amp;&amp; ALS0104 ==1</Equation>
         <Equation>3::S0104_OFF == 0 &amp;&amp; ALS0104 == 0</Equation>
         <Equation>4::S0104_OFF == 1 &amp;&amp; ALS0104 == 0</Equation>
         <Equation>0::1==1</Equation>
      </States>
   </Equipment>
   <Equipment name="S0104" type="Signal" flavor="Blocking" CommandTimeOut="" AlarmTimeout="">
      <States>
         <Equation>S_NOTBLOCKING[1]::MSC0104 == 1</Equation>
         <Equation>S_BLOCKING[2]::MSC0104 == 0</Equation>
      </States>
      <Requisites>
         <Equation>PREP_SBC0104[PREP_SBC]::PREP_SBC01==0</Equation>
         <Equation>PREP_SUC0104[PREP_SUC]::PREP_SUC01==0</Equation>
         <Equation>CONF_SBC0104[CONF_SBC]::1</Equation>
         <Equation>CONF_SUC0104[CONF_SUC]::1</Equation>
      </Requisites>
      <CommandResults>
         <Equation>PREP_SBC0104[PREP_SBC_RES]::PREP_SBC01==1</Equation>
         <Equation>PREP_SUC0104[PREP_SUC_RES]::PREP_SUC01==1</Equation>
         <Equation>CONF_SBC0104[CONF_SBC_RES]::MSC0104== 0</Equation>
         <Equation>CONF_SUC0104[CONF_SUC_RES]::MSC0104== 1</Equation>
      </CommandResults>
   </Equipment>
   <Equipment name="S0104" type="Signal" flavor="Automatic" CommandTimeOut="" AlarmTimeout="">
      <States>
         <Equation>1::RL0104_0100_D==0</Equation>
         <Equation>2::S_SEL0104 == 1 &amp;&amp; RL0104_0100_D==0</Equation>
         <Equation>3::RL0104_0100_D==1</Equation>
      </States>
   </Equipment>
   <Equipment name="S0104" type="Signal" flavor="Release" CommandTimeOut="" AlarmTimeout="">
      <States>
         <Equation>1::S_REL0104 == 0 &amp;&amp; (RL0104_0100_D==0)</Equation>
         <Equation>2::S_REL0104 == 0 &amp;&amp; (RL0104_0100_D==1)</Equation>
         <Equation>3::S_REL0104 == 1 &amp;&amp; (RL0104_0100_D==1)</Equation>
      </States>
   </Equipment>
   <Equipment name="S0104" type="Signal" flavor="Lamp" CommandTimeOut="" AlarmTimeout="">
      <States>
         <Equation>1::SPLS0104 == 0</Equation>
         <Equation>2::SPLS0104 == 1</Equation>
      </States>
      <StateAlarms>
         <Equation>S_RED_FAILURE[1]::SPLS0104==0 &amp;&amp; S0104_OFF==0</Equation>
         <Equation>S_WHITE_FAILURE[2]::SPLS0104==0 &amp;&amp; S0104_OFF==1</Equation>
      </StateAlarms>
   </Equipment>
   <Equipment name="S0104" type="Signal" flavor="Detection" CommandTimeOut="" AlarmTimeout="">
      <States>
         <Equation>S_STOP[0]::S0104_OFF == 0</Equation>
         <Equation>S_PERMISSIVE[1]::S0104_OFF == 1</Equation>
      </States>
   </Equipment>
   <Equipment name="S0104" type="Signal" flavor="HMI" CommandTimeOut="" AlarmTimeout="">
      <States>
         <Equation>NOEVENT[0]:: 1==1</Equation>
      </States>
   </Equipment>
   <Equipment name="S0108" type="Signal" flavor="Detection" CommandTimeOut="" AlarmTimeout="">
      <States>
         <Equation>S_STOP[0]::S0108_OFF == 0</Equation>
         <Equation>S_PERMISSIVE[1]::S0108_OFF == 1</Equation>
      </States>
   </Equipment>
   <Equipment name="S0108" type="Signal" flavor="ALS" CommandTimeOut="" AlarmTimeout="">
      <States>
         <Equation>S_APPROACH_FREE[1]::ALS0108 == 1</Equation>
         <Equation>S_APPROACH_LOCKED[2]::ALS0108 == 0</Equation>
         <Equation>NOEVENT[0]::1 == 1</Equation>
      </States>
   </Equipment>
   <Equipment name="S0108" type="Signal" flavor="HMI" CommandTimeOut="" AlarmTimeout="">
      <States>
         <Equation>1::S0108_OFF == 1 &amp;&amp; ALS0108 ==1</Equation>
         <Equation>2::S0108_OFF == 0 &amp;&amp; ALS0108 ==1</Equation>
         <Equation>3::S0108_OFF == 0 &amp;&amp; ALS0108 == 0</Equation>
         <Equation>4::S0108_OFF == 1 &amp;&amp; ALS0108 == 0</Equation>
         <Equation>0::1==1</Equation>
      </States>
   </Equipment>
   <Equipment name="S0108" type="Signal" flavor="Blocking" CommandTimeOut="" AlarmTimeout="">
      <States>
         <Equation>S_NOTBLOCKING[1]::MSC0108 == 1</Equation>
         <Equation>S_BLOCKING[2]::MSC0108 == 0</Equation>
      </States>
      <Requisites>
         <Equation>PREP_SBC0108[PREP_SBC]::PREP_SBC01==0</Equation>
         <Equation>PREP_SUC0108[PREP_SUC]::PREP_SUC01==0</Equation>
         <Equation>CONF_SBC0108[CONF_SBC]::1</Equation>
         <Equation>CONF_SUC0108[CONF_SUC]::1</Equation>
      </Requisites>
      <CommandResults>
         <Equation>PREP_SBC0108[PREP_SBC_RES]::PREP_SBC01==1</Equation>
         <Equation>PREP_SUC0108[PREP_SUC_RES]::PREP_SUC01==1</Equation>
         <Equation>CONF_SBC0108[CONF_SBC_RES]::MSC0108== 0</Equation>
         <Equation>CONF_SUC0108[CONF_SUC_RES]::MSC0108== 1</Equation>
      </CommandResults>
   </Equipment>
   <Equipment name="S0108" type="Signal" flavor="Automatic" CommandTimeOut="" AlarmTimeout="">
      <States>
         <Equation>1::RL0108_0104_D==0</Equation>
         <Equation>2::S_SEL0108 == 1 &amp;&amp; RL0108_0104_D==0</Equation>
         <Equation>3::RL0108_0104_D==1</Equation>
      </States>
   </Equipment>
   <Equipment name="S0108" type="Signal" flavor="Release" CommandTimeOut="" AlarmTimeout="">
      <States>
         <Equation>1::S_REL0108 == 0 &amp;&amp; (RL0108_0104_D==0)</Equation>
         <Equation>2::S_REL0108 == 0 &amp;&amp; (RL0108_0104_D==1)</Equation>
         <Equation>3::S_REL0108 == 1 &amp;&amp; (RL0108_0104_D==1)</Equation>
      </States>
   </Equipment>
   <Equipment name="S0108" type="Signal" flavor="Lamp" CommandTimeOut="" AlarmTimeout="">
      <States>
         <Equation>1::SPLS0108 == 0</Equation>
         <Equation>2::SPLS0108 == 1</Equation>
      </States>
      <StateAlarms>
         <Equation>S_RED_FAILURE[1]::SPLS0108==0 &amp;&amp; S0108_OFF==0</Equation>
         <Equation>S_WHITE_FAILURE[2]::SPLS0108==0 &amp;&amp; S0108_OFF==1</Equation>
      </StateAlarms>
   </Equipment>
   <Equipment name="S0108" type="Signal" flavor="Detection" CommandTimeOut="" AlarmTimeout="">
      <States>
         <Equation>S_STOP[0]::S0108_OFF == 0</Equation>
         <Equation>S_PERMISSIVE[1]::S0108_OFF == 1</Equation>
      </States>
   </Equipment>
   <Equipment name="S0108" type="Signal" flavor="HMI" CommandTimeOut="" AlarmTimeout="">
      <States>
         <Equation>NOEVENT[0]:: 1==1</Equation>
      </States>
   </Equipment>
   <Equipment name="S0110" type="Signal" flavor="Detection" CommandTimeOut="" AlarmTimeout="">
      <States>
         <Equation>S_STOP[0]::S0110_OFF == 0</Equation>
         <Equation>S_PERMISSIVE[1]::S0110_OFF == 1</Equation>
      </States>
   </Equipment>
   <Equipment name="S0110" type="Signal" flavor="ALS" CommandTimeOut="" AlarmTimeout="">
      <States>
         <Equation>S_APPROACH_FREE[1]::ALS0110 == 1</Equation>
         <Equation>S_APPROACH_LOCKED[2]::ALS0110 == 0</Equation>
         <Equation>NOEVENT[0]::1 == 1</Equation>
      </States>
   </Equipment>
   <Equipment name="S0110" type="Signal" flavor="HMI" CommandTimeOut="" AlarmTimeout="">
      <States>
         <Equation>1::S0110_OFF == 1 &amp;&amp; ALS0110 ==1</Equation>
         <Equation>2::S0110_OFF == 0 &amp;&amp; ALS0110 ==1</Equation>
         <Equation>3::S0110_OFF == 0 &amp;&amp; ALS0110 == 0</Equation>
         <Equation>4::S0110_OFF == 1 &amp;&amp; ALS0110 == 0</Equation>
         <Equation>0::1==1</Equation>
      </States>
   </Equipment>
   <Equipment name="S0110" type="Signal" flavor="Blocking" CommandTimeOut="" AlarmTimeout="">
      <States>
         <Equation>S_NOTBLOCKING[1]::MSC0110 == 1</Equation>
         <Equation>S_BLOCKING[2]::MSC0110 == 0</Equation>
      </States>
      <Requisites>
         <Equation>PREP_SBC0110[PREP_SBC]::PREP_SBC01==0</Equation>
         <Equation>PREP_SUC0110[PREP_SUC]::PREP_SUC01==0</Equation>
         <Equation>CONF_SBC0110[CONF_SBC]::1</Equation>
         <Equation>CONF_SUC0110[CONF_SUC]::1</Equation>
      </Requisites>
      <CommandResults>
         <Equation>PREP_SBC0110[PREP_SBC_RES]::PREP_SBC01==1</Equation>
         <Equation>PREP_SUC0110[PREP_SUC_RES]::PREP_SUC01==1</Equation>
         <Equation>CONF_SBC0110[CONF_SBC_RES]::MSC0110== 0</Equation>
         <Equation>CONF_SUC0110[CONF_SUC_RES]::MSC0110== 1</Equation>
      </CommandResults>
   </Equipment>
   <Equipment name="S0110" type="Signal" flavor="Automatic" CommandTimeOut="" AlarmTimeout="">
      <States>
         <Equation>1::RL0110_0106_D==0 &amp;&amp; RL0110_0108_D==0</Equation>
         <Equation>2::S_SEL0110 == 1 &amp;&amp; RL0110_0106_D==0 &amp;&amp; RL0110_0108_D==0</Equation>
         <Equation>3::RL0110_0106_D==1 || RL0110_0108_D==1</Equation>
      </States>
   </Equipment>
   <Equipment name="S0110" type="Signal" flavor="Release" CommandTimeOut="" AlarmTimeout="">
      <States>
         <Equation>1::S_REL0110 == 0 &amp;&amp; (RL0110_0106_D==0 &amp;&amp; RL0110_0108_D==0)</Equation>
         <Equation>2::S_REL0110 == 0 &amp;&amp; (RL0110_0106_D==1 || RL0110_0108_D==1)</Equation>
         <Equation>3::S_REL0110 == 1 &amp;&amp; (RL0110_0106_D==1 || RL0110_0108_D==1)</Equation>
      </States>
   </Equipment>
   <Equipment name="S0110" type="Signal" flavor="Lamp" CommandTimeOut="" AlarmTimeout="">
      <States>
         <Equation>1::SPLS0110 == 0</Equation>
         <Equation>2::SPLS0110 == 1</Equation>
      </States>
      <StateAlarms>
         <Equation>S_RED_FAILURE[1]::SPLS0110==0 &amp;&amp; S0110_OFF==0</Equation>
         <Equation>S_WHITE_FAILURE[2]::SPLS0110==0 &amp;&amp; S0110_OFF==1</Equation>
      </StateAlarms>
   </Equipment>
   <Equipment name="S0110" type="Signal" flavor="Fleet">
      <States>
         <Equation>2::AR0110_0108==0</Equation>
         <Equation>3::RL0110_0108_D==1&amp;&amp;AR0110_0108==1</Equation>
      </States>
   </Equipment>
   <Equipment name="S0110" type="Signal" flavor="Detection" CommandTimeOut="" AlarmTimeout="">
      <States>
         <Equation>S_STOP[0]::S0110_OFF == 0</Equation>
         <Equation>S_PERMISSIVE[1]::S0110_OFF == 1</Equation>
      </States>
   </Equipment>
   <Equipment name="S0110" type="Signal" flavor="HMI" CommandTimeOut="" AlarmTimeout="">
      <States>
         <Equation>NOEVENT[0]:: 1==1</Equation>
      </States>
   </Equipment>
   <Equipment name="S0101" type="Signal" flavor="Detection" CommandTimeOut="" AlarmTimeout="">
      <States>
         <Equation>S_STOP[0]::S0101_OFF == 0</Equation>
         <Equation>S_PERMISSIVE[1]::S0101_OFF == 1</Equation>
      </States>
   </Equipment>
   <Equipment name="S0101" type="Signal" flavor="ALS" CommandTimeOut="" AlarmTimeout="">
      <States>
         <Equation>S_APPROACH_FREE[1]::ALS0101 == 1</Equation>
         <Equation>S_APPROACH_LOCKED[2]::ALS0101 == 0</Equation>
         <Equation>NOEVENT[0]::1 == 1</Equation>
      </States>
   </Equipment>
   <Equipment name="S0101" type="Signal" flavor="HMI" CommandTimeOut="" AlarmTimeout="">
      <States>
         <Equation>1::S0101_OFF == 1 &amp;&amp; ALS0101 ==1</Equation>
         <Equation>2::S0101_OFF == 0 &amp;&amp; ALS0101 ==1</Equation>
         <Equation>3::S0101_OFF == 0 &amp;&amp; ALS0101 == 0</Equation>
         <Equation>4::S0101_OFF == 1 &amp;&amp; ALS0101 == 0</Equation>
         <Equation>0::1==1</Equation>
      </States>
   </Equipment>
   <Equipment name="S0101" type="Signal" flavor="Blocking" CommandTimeOut="" AlarmTimeout="">
      <States>
         <Equation>S_NOTBLOCKING[1]::MSC0101 == 1</Equation>
         <Equation>S_BLOCKING[2]::MSC0101 == 0</Equation>
      </States>
      <Requisites>
         <Equation>PREP_SBC0101[PREP_SBC]::PREP_SBC01==0</Equation>
         <Equation>PREP_SUC0101[PREP_SUC]::PREP_SUC01==0</Equation>
         <Equation>CONF_SBC0101[CONF_SBC]::1</Equation>
         <Equation>CONF_SUC0101[CONF_SUC]::1</Equation>
      </Requisites>
      <CommandResults>
         <Equation>PREP_SBC0101[PREP_SBC_RES]::PREP_SBC01==1</Equation>
         <Equation>PREP_SUC0101[PREP_SUC_RES]::PREP_SUC01==1</Equation>
         <Equation>CONF_SBC0101[CONF_SBC_RES]::MSC0101== 0</Equation>
         <Equation>CONF_SUC0101[CONF_SUC_RES]::MSC0101== 1</Equation>
      </CommandResults>
   </Equipment>
   <Equipment name="S0101" type="Signal" flavor="Automatic" CommandTimeOut="" AlarmTimeout="">
      <States>
         <Equation>1::RL0101_0105_D==0</Equation>
         <Equation>2::S_SEL0101 == 1 &amp;&amp; RL0101_0105_D==0</Equation>
         <Equation>3::RL0101_0105_D==1</Equation>
      </States>
   </Equipment>
   <Equipment name="S0101" type="Signal" flavor="Release" CommandTimeOut="" AlarmTimeout="">
      <States>
         <Equation>1::S_REL0101 == 0 &amp;&amp; (RL0101_0105_D==0)</Equation>
         <Equation>2::S_REL0101 == 0 &amp;&amp; (RL0101_0105_D==1)</Equation>
         <Equation>3::S_REL0101 == 1 &amp;&amp; (RL0101_0105_D==1)</Equation>
      </States>
   </Equipment>
   <Equipment name="S0101" type="Signal" flavor="Lamp" CommandTimeOut="" AlarmTimeout="">
      <States>
         <Equation>1::SPLS0101 == 0</Equation>
         <Equation>2::SPLS0101 == 1</Equation>
      </States>
      <StateAlarms>
         <Equation>S_RED_FAILURE[1]::SPLS0101==0 &amp;&amp; S0101_OFF==0</Equation>
         <Equation>S_WHITE_FAILURE[2]::SPLS0101==0 &amp;&amp; S0101_OFF==1</Equation>
      </StateAlarms>
   </Equipment>
   <Equipment name="S0101" type="Signal" flavor="Detection" CommandTimeOut="" AlarmTimeout="">
      <States>
         <Equation>S_STOP[0]::S0101_OFF == 0</Equation>
         <Equation>S_PERMISSIVE[1]::S0101_OFF == 1</Equation>
      </States>
   </Equipment>
   <Equipment name="S0101" type="Signal" flavor="HMI" CommandTimeOut="" AlarmTimeout="">
      <States>
         <Equation>NOEVENT[0]:: 1==1</Equation>
      </States>
   </Equipment>
   <Equipment name="S0105" type="Signal" flavor="Detection" CommandTimeOut="" AlarmTimeout="">
      <States>
         <Equation>S_STOP[0]::S0105_OFF == 0</Equation>
         <Equation>S_PERMISSIVE[1]::S0105_OFF == 1</Equation>
      </States>
   </Equipment>
   <Equipment name="S0105" type="Signal" flavor="ALS" CommandTimeOut="" AlarmTimeout="">
      <States>
         <Equation>S_APPROACH_FREE[1]::ALS0105 == 1</Equation>
         <Equation>S_APPROACH_LOCKED[2]::ALS0105 == 0</Equation>
         <Equation>NOEVENT[0]::1 == 1</Equation>
      </States>
   </Equipment>
   <Equipment name="S0105" type="Signal" flavor="HMI" CommandTimeOut="" AlarmTimeout="">
      <States>
         <Equation>1::S0105_OFF == 1 &amp;&amp; ALS0105 ==1</Equation>
         <Equation>2::S0105_OFF == 0 &amp;&amp; ALS0105 ==1</Equation>
         <Equation>3::S0105_OFF == 0 &amp;&amp; ALS0105 == 0</Equation>
         <Equation>4::S0105_OFF == 1 &amp;&amp; ALS0105 == 0</Equation>
         <Equation>0::1==1</Equation>
      </States>
   </Equipment>
   <Equipment name="S0105" type="Signal" flavor="Blocking" CommandTimeOut="" AlarmTimeout="">
      <States>
         <Equation>S_NOTBLOCKING[1]::MSC0105 == 1</Equation>
         <Equation>S_BLOCKING[2]::MSC0105 == 0</Equation>
      </States>
      <Requisites>
         <Equation>PREP_SBC0105[PREP_SBC]::PREP_SBC01==0</Equation>
         <Equation>PREP_SUC0105[PREP_SUC]::PREP_SUC01==0</Equation>
         <Equation>CONF_SBC0105[CONF_SBC]::1</Equation>
         <Equation>CONF_SUC0105[CONF_SUC]::1</Equation>
      </Requisites>
      <CommandResults>
         <Equation>PREP_SBC0105[PREP_SBC_RES]::PREP_SBC01==1</Equation>
         <Equation>PREP_SUC0105[PREP_SUC_RES]::PREP_SUC01==1</Equation>
         <Equation>CONF_SBC0105[CONF_SBC_RES]::MSC0105== 0</Equation>
         <Equation>CONF_SUC0105[CONF_SUC_RES]::MSC0105== 1</Equation>
      </CommandResults>
   </Equipment>
   <Equipment name="S0105" type="Signal" flavor="Automatic" CommandTimeOut="" AlarmTimeout="">
      <States>
         <Equation>1::RL0105_0109_D==0 &amp;&amp; RL0105_0113_D==0</Equation>
         <Equation>2::S_SEL0105 == 1 &amp;&amp; RL0105_0109_D==0 &amp;&amp; RL0105_0113_D==0</Equation>
         <Equation>3::RL0105_0109_D==1 || RL0105_0113_D==1</Equation>
      </States>
   </Equipment>
   <Equipment name="S0105" type="Signal" flavor="Release" CommandTimeOut="" AlarmTimeout="">
      <States>
         <Equation>1::S_REL0105 == 0 &amp;&amp; (RL0105_0109_D==0 &amp;&amp; RL0105_0113_D==0)</Equation>
         <Equation>2::S_REL0105 == 0 &amp;&amp; (RL0105_0109_D==1 || RL0105_0113_D==1)</Equation>
         <Equation>3::S_REL0105 == 1 &amp;&amp; (RL0105_0109_D==1 || RL0105_0113_D==1)</Equation>
      </States>
   </Equipment>
   <Equipment name="S0105" type="Signal" flavor="Lamp" CommandTimeOut="" AlarmTimeout="">
      <States>
         <Equation>1::SPLS0105 == 0</Equation>
         <Equation>2::SPLS0105 == 1</Equation>
      </States>
      <StateAlarms>
         <Equation>S_RED_FAILURE[1]::SPLS0105==0 &amp;&amp; S0105_OFF==0</Equation>
         <Equation>S_WHITE_FAILURE[2]::SPLS0105==0 &amp;&amp; S0105_OFF==1</Equation>
      </StateAlarms>
   </Equipment>
   <Equipment name="S0105" type="Signal" flavor="Detection" CommandTimeOut="" AlarmTimeout="">
      <States>
         <Equation>S_STOP[0]::S0105_OFF == 0</Equation>
         <Equation>S_PERMISSIVE[1]::S0105_OFF == 1</Equation>
      </States>
   </Equipment>
   <Equipment name="S0105" type="Signal" flavor="HMI" CommandTimeOut="" AlarmTimeout="">
      <States>
         <Equation>NOEVENT[0]:: 1==1</Equation>
      </States>
   </Equipment>
   <Equipment name="S0109" type="Signal" flavor="Detection" CommandTimeOut="" AlarmTimeout="">
      <States>
         <Equation>S_STOP[0]::S0109_OFF == 0</Equation>
         <Equation>S_PERMISSIVE[1]::S0109_OFF == 1</Equation>
      </States>
   </Equipment>
   <Equipment name="S0109" type="Signal" flavor="ALS" CommandTimeOut="" AlarmTimeout="">
      <States>
         <Equation>S_APPROACH_FREE[1]::ALS0109 == 1</Equation>
         <Equation>S_APPROACH_LOCKED[2]::ALS0109 == 0</Equation>
         <Equation>NOEVENT[0]::1 == 1</Equation>
      </States>
   </Equipment>
   <Equipment name="S0109" type="Signal" flavor="HMI" CommandTimeOut="" AlarmTimeout="">
      <States>
         <Equation>1::S0109_OFF == 1 &amp;&amp; ALS0109 ==1</Equation>
         <Equation>2::S0109_OFF == 0 &amp;&amp; ALS0109 ==1</Equation>
         <Equation>3::S0109_OFF == 0 &amp;&amp; ALS0109 == 0</Equation>
         <Equation>4::S0109_OFF == 1 &amp;&amp; ALS0109 == 0</Equation>
         <Equation>0::1==1</Equation>
      </States>
   </Equipment>
   <Equipment name="S0109" type="Signal" flavor="Blocking" CommandTimeOut="" AlarmTimeout="">
      <States>
         <Equation>S_NOTBLOCKING[1]::MSC0109 == 1</Equation>
         <Equation>S_BLOCKING[2]::MSC0109 == 0</Equation>
      </States>
      <Requisites>
         <Equation>PREP_SBC0109[PREP_SBC]::PREP_SBC01==0</Equation>
         <Equation>PREP_SUC0109[PREP_SUC]::PREP_SUC01==0</Equation>
         <Equation>CONF_SBC0109[CONF_SBC]::1</Equation>
         <Equation>CONF_SUC0109[CONF_SUC]::1</Equation>
      </Requisites>
      <CommandResults>
         <Equation>PREP_SBC0109[PREP_SBC_RES]::PREP_SBC01==1</Equation>
         <Equation>PREP_SUC0109[PREP_SUC_RES]::PREP_SUC01==1</Equation>
         <Equation>CONF_SBC0109[CONF_SBC_RES]::MSC0109== 0</Equation>
         <Equation>CONF_SUC0109[CONF_SUC_RES]::MSC0109== 1</Equation>
      </CommandResults>
   </Equipment>
   <Equipment name="S0109" type="Signal" flavor="Automatic" CommandTimeOut="" AlarmTimeout="">
      <States>
         <Equation>1::RL0109_0111_D==0</Equation>
         <Equation>2::S_SEL0109 == 1 &amp;&amp; RL0109_0111_D==0</Equation>
         <Equation>3::RL0109_0111_D==1</Equation>
      </States>
   </Equipment>
   <Equipment name="S0109" type="Signal" flavor="Release" CommandTimeOut="" AlarmTimeout="">
      <States>
         <Equation>1::S_REL0109 == 0 &amp;&amp; (RL0109_0111_D==0)</Equation>
         <Equation>2::S_REL0109 == 0 &amp;&amp; (RL0109_0111_D==1)</Equation>
         <Equation>3::S_REL0109 == 1 &amp;&amp; (RL0109_0111_D==1)</Equation>
      </States>
   </Equipment>
   <Equipment name="S0109" type="Signal" flavor="Lamp" CommandTimeOut="" AlarmTimeout="">
      <States>
         <Equation>1::SPLS0109 == 0</Equation>
         <Equation>2::SPLS0109 == 1</Equation>
      </States>
      <StateAlarms>
         <Equation>S_RED_FAILURE[1]::SPLS0109==0 &amp;&amp; S0109_OFF==0</Equation>
         <Equation>S_WHITE_FAILURE[2]::SPLS0109==0 &amp;&amp; S0109_OFF==1</Equation>
      </StateAlarms>
   </Equipment>
   <Equipment name="S0109" type="Signal" flavor="Fleet">
      <States>
         <Equation>2::AR0109_0111==0</Equation>
         <Equation>3::RL0109_0111_D==1&amp;&amp;AR0109_0111==1</Equation>
      </States>
   </Equipment>
   <Equipment name="S0109" type="Signal" flavor="Detection" CommandTimeOut="" AlarmTimeout="">
      <States>
         <Equation>S_STOP[0]::S0109_OFF == 0</Equation>
         <Equation>S_PERMISSIVE[1]::S0109_OFF == 1</Equation>
      </States>
   </Equipment>
   <Equipment name="S0109" type="Signal" flavor="HMI" CommandTimeOut="" AlarmTimeout="">
      <States>
         <Equation>NOEVENT[0]:: 1==1</Equation>
      </States>
   </Equipment>
   <Equipment name="S0111" type="Signal" flavor="Detection" CommandTimeOut="" AlarmTimeout="">
      <States>
         <Equation>S_STOP[0]::S0111_OFF == 0</Equation>
         <Equation>S_PERMISSIVE[1]::S0111_OFF == 1</Equation>
      </States>
   </Equipment>
   <Equipment name="S0111" type="Signal" flavor="ALS" CommandTimeOut="" AlarmTimeout="">
      <States>
         <Equation>S_APPROACH_FREE[1]::ALS0111 == 1</Equation>
         <Equation>S_APPROACH_LOCKED[2]::ALS0111 == 0</Equation>
         <Equation>NOEVENT[0]::1 == 1</Equation>
      </States>
   </Equipment>
   <Equipment name="S0111" type="Signal" flavor="HMI" CommandTimeOut="" AlarmTimeout="">
      <States>
         <Equation>1::S0111_OFF == 1 &amp;&amp; ALS0111 ==1</Equation>
         <Equation>2::S0111_OFF == 0 &amp;&amp; ALS0111 ==1</Equation>
         <Equation>3::S0111_OFF == 0 &amp;&amp; ALS0111 == 0</Equation>
         <Equation>4::S0111_OFF == 1 &amp;&amp; ALS0111 == 0</Equation>
         <Equation>0::1==1</Equation>
      </States>
   </Equipment>
   <Equipment name="S0111" type="Signal" flavor="Blocking" CommandTimeOut="" AlarmTimeout="">
      <States>
         <Equation>S_NOTBLOCKING[1]::MSC0111 == 1</Equation>
         <Equation>S_BLOCKING[2]::MSC0111 == 0</Equation>
      </States>
      <Requisites>
         <Equation>PREP_SBC0111[PREP_SBC]::PREP_SBC01==0</Equation>
         <Equation>PREP_SUC0111[PREP_SUC]::PREP_SUC01==0</Equation>
         <Equation>CONF_SBC0111[CONF_SBC]::1</Equation>
         <Equation>CONF_SUC0111[CONF_SUC]::1</Equation>
      </Requisites>
      <CommandResults>
         <Equation>PREP_SBC0111[PREP_SBC_RES]::PREP_SBC01==1</Equation>
         <Equation>PREP_SUC0111[PREP_SUC_RES]::PREP_SUC01==1</Equation>
         <Equation>CONF_SBC0111[CONF_SBC_RES]::MSC0111== 0</Equation>
         <Equation>CONF_SUC0111[CONF_SUC_RES]::MSC0111== 1</Equation>
      </CommandResults>
   </Equipment>
   <Equipment name="S0111" type="Signal" flavor="Automatic" CommandTimeOut="" AlarmTimeout="">
      <States>
         <Equation>1::RL0111_0201_D==0</Equation>
         <Equation>2::S_SEL0111 == 1 &amp;&amp; RL0111_0201_D==0</Equation>
         <Equation>3::RL0111_0201_D==1</Equation>
      </States>
   </Equipment>
   <Equipment name="S0111" type="Signal" flavor="Release" CommandTimeOut="" AlarmTimeout="">
      <States>
         <Equation>1::S_REL0111 == 0 &amp;&amp; (RL0111_0201_D==0)</Equation>
         <Equation>2::S_REL0111 == 0 &amp;&amp; (RL0111_0201_D==1)</Equation>
         <Equation>3::S_REL0111 == 1 &amp;&amp; (RL0111_0201_D==1)</Equation>
      </States>
   </Equipment>
   <Equipment name="S0111" type="Signal" flavor="Lamp" CommandTimeOut="" AlarmTimeout="">
      <States>
         <Equation>1::SPLS0111 == 0</Equation>
         <Equation>2::SPLS0111 == 1</Equation>
      </States>
      <StateAlarms>
         <Equation>S_RED_FAILURE[1]::SPLS0111==0 &amp;&amp; S0111_OFF==0</Equation>
         <Equation>S_WHITE_FAILURE[2]::SPLS0111==0 &amp;&amp; S0111_OFF==1</Equation>
      </StateAlarms>
   </Equipment>
   <Equipment name="S0111" type="Signal" flavor="Detection" CommandTimeOut="" AlarmTimeout="">
      <States>
         <Equation>S_STOP[0]::S0111_OFF == 0</Equation>
         <Equation>S_PERMISSIVE[1]::S0111_OFF == 1</Equation>
      </States>
   </Equipment>
   <Equipment name="S0111" type="Signal" flavor="HMI" CommandTimeOut="" AlarmTimeout="">
      <States>
         <Equation>NOEVENT[0]:: 1==1</Equation>
      </States>
   </Equipment>
   <Equipment name="S0103" type="Signal" flavor="Detection" CommandTimeOut="" AlarmTimeout="">
      <States>
         <Equation>S_STOP[0]::S0103_OFF == 0</Equation>
         <Equation>S_PERMISSIVE[1]::S0103_OFF == 1</Equation>
      </States>
   </Equipment>
   <Equipment name="S0103" type="Signal" flavor="ALS" CommandTimeOut="" AlarmTimeout="">
      <States>
         <Equation>S_APPROACH_FREE[1]::ALS0103 == 1</Equation>
         <Equation>S_APPROACH_LOCKED[2]::ALS0103 == 0</Equation>
         <Equation>NOEVENT[0]::1 == 1</Equation>
      </States>
   </Equipment>
   <Equipment name="S0103" type="Signal" flavor="HMI" CommandTimeOut="" AlarmTimeout="">
      <States>
         <Equation>1::S0103_OFF == 1 &amp;&amp; ALS0103 ==1</Equation>
         <Equation>2::S0103_OFF == 0 &amp;&amp; ALS0103 ==1</Equation>
         <Equation>3::S0103_OFF == 0 &amp;&amp; ALS0103 == 0</Equation>
         <Equation>4::S0103_OFF == 1 &amp;&amp; ALS0103 == 0</Equation>
         <Equation>0::1==1</Equation>
      </States>
   </Equipment>
   <Equipment name="S0103" type="Signal" flavor="Blocking" CommandTimeOut="" AlarmTimeout="">
      <States>
         <Equation>S_NOTBLOCKING[1]::MSC0103 == 1</Equation>
         <Equation>S_BLOCKING[2]::MSC0103 == 0</Equation>
      </States>
      <Requisites>
         <Equation>PREP_SBC0103[PREP_SBC]::PREP_SBC01==0</Equation>
         <Equation>PREP_SUC0103[PREP_SUC]::PREP_SUC01==0</Equation>
         <Equation>CONF_SBC0103[CONF_SBC]::1</Equation>
         <Equation>CONF_SUC0103[CONF_SUC]::1</Equation>
      </Requisites>
      <CommandResults>
         <Equation>PREP_SBC0103[PREP_SBC_RES]::PREP_SBC01==1</Equation>
         <Equation>PREP_SUC0103[PREP_SUC_RES]::PREP_SUC01==1</Equation>
         <Equation>CONF_SBC0103[CONF_SBC_RES]::MSC0103== 0</Equation>
         <Equation>CONF_SUC0103[CONF_SUC_RES]::MSC0103== 1</Equation>
      </CommandResults>
   </Equipment>
   <Equipment name="S0103" type="Signal" flavor="Automatic" CommandTimeOut="" AlarmTimeout="">
      <States>
         <Equation>1::RL0103_0107_D==0</Equation>
         <Equation>2::S_SEL0103 == 1 &amp;&amp; RL0103_0107_D==0</Equation>
         <Equation>3::RL0103_0107_D==1</Equation>
      </States>
   </Equipment>
   <Equipment name="S0103" type="Signal" flavor="Release" CommandTimeOut="" AlarmTimeout="">
      <States>
         <Equation>1::S_REL0103 == 0 &amp;&amp; (RL0103_0107_D==0)</Equation>
         <Equation>2::S_REL0103 == 0 &amp;&amp; (RL0103_0107_D==1)</Equation>
         <Equation>3::S_REL0103 == 1 &amp;&amp; (RL0103_0107_D==1)</Equation>
      </States>
   </Equipment>
   <Equipment name="S0103" type="Signal" flavor="Lamp" CommandTimeOut="" AlarmTimeout="">
      <States>
         <Equation>1::SPLS0103 == 0</Equation>
         <Equation>2::SPLS0103 == 1</Equation>
      </States>
      <StateAlarms>
         <Equation>S_RED_FAILURE[1]::SPLS0103==0 &amp;&amp; S0103_OFF==0</Equation>
         <Equation>S_WHITE_FAILURE[2]::SPLS0103==0 &amp;&amp; S0103_OFF==1</Equation>
      </StateAlarms>
   </Equipment>
   <Equipment name="S0103" type="Signal" flavor="Detection" CommandTimeOut="" AlarmTimeout="">
      <States>
         <Equation>S_STOP[0]::S0103_OFF == 0</Equation>
         <Equation>S_PERMISSIVE[1]::S0103_OFF == 1</Equation>
      </States>
   </Equipment>
   <Equipment name="S0103" type="Signal" flavor="HMI" CommandTimeOut="" AlarmTimeout="">
      <States>
         <Equation>NOEVENT[0]:: 1==1</Equation>
      </States>
   </Equipment>
   <Equipment name="S0107" type="Signal" flavor="Detection" CommandTimeOut="" AlarmTimeout="">
      <States>
         <Equation>S_STOP[0]::S0107_OFF == 0</Equation>
         <Equation>S_PERMISSIVE[1]::S0107_OFF == 1</Equation>
      </States>
   </Equipment>
   <Equipment name="S0107" type="Signal" flavor="ALS" CommandTimeOut="" AlarmTimeout="">
      <States>
         <Equation>S_APPROACH_FREE[1]::ALS0107 == 1</Equation>
         <Equation>S_APPROACH_LOCKED[2]::ALS0107 == 0</Equation>
         <Equation>NOEVENT[0]::1 == 1</Equation>
      </States>
   </Equipment>
   <Equipment name="S0107" type="Signal" flavor="HMI" CommandTimeOut="" AlarmTimeout="">
      <States>
         <Equation>1::S0107_OFF == 1 &amp;&amp; ALS0107 ==1</Equation>
         <Equation>2::S0107_OFF == 0 &amp;&amp; ALS0107 ==1</Equation>
         <Equation>3::S0107_OFF == 0 &amp;&amp; ALS0107 == 0</Equation>
         <Equation>4::S0107_OFF == 1 &amp;&amp; ALS0107 == 0</Equation>
         <Equation>0::1==1</Equation>
      </States>
   </Equipment>
   <Equipment name="S0107" type="Signal" flavor="Blocking" CommandTimeOut="" AlarmTimeout="">
      <States>
         <Equation>S_NOTBLOCKING[1]::MSC0107 == 1</Equation>
         <Equation>S_BLOCKING[2]::MSC0107 == 0</Equation>
      </States>
      <Requisites>
         <Equation>PREP_SBC0107[PREP_SBC]::PREP_SBC01==0</Equation>
         <Equation>PREP_SUC0107[PREP_SUC]::PREP_SUC01==0</Equation>
         <Equation>CONF_SBC0107[CONF_SBC]::1</Equation>
         <Equation>CONF_SUC0107[CONF_SUC]::1</Equation>
      </Requisites>
      <CommandResults>
         <Equation>PREP_SBC0107[PREP_SBC_RES]::PREP_SBC01==1</Equation>
         <Equation>PREP_SUC0107[PREP_SUC_RES]::PREP_SUC01==1</Equation>
         <Equation>CONF_SBC0107[CONF_SBC_RES]::MSC0107== 0</Equation>
         <Equation>CONF_SUC0107[CONF_SUC_RES]::MSC0107== 1</Equation>
      </CommandResults>
   </Equipment>
   <Equipment name="S0107" type="Signal" flavor="Automatic" CommandTimeOut="" AlarmTimeout="">
      <States>
         <Equation>1::RL0107_0109_D==0 &amp;&amp; RL0107_0113_D==0</Equation>
         <Equation>2::S_SEL0107 == 1 &amp;&amp; RL0107_0109_D==0 &amp;&amp; RL0107_0113_D==0</Equation>
         <Equation>3::RL0107_0109_D==1 || RL0107_0113_D==1</Equation>
      </States>
   </Equipment>
   <Equipment name="S0107" type="Signal" flavor="Release" CommandTimeOut="" AlarmTimeout="">
      <States>
         <Equation>1::S_REL0107 == 0 &amp;&amp; (RL0107_0109_D==0 &amp;&amp; RL0107_0113_D==0)</Equation>
         <Equation>2::S_REL0107 == 0 &amp;&amp; (RL0107_0109_D==1 || RL0107_0113_D==1)</Equation>
         <Equation>3::S_REL0107 == 1 &amp;&amp; (RL0107_0109_D==1 || RL0107_0113_D==1)</Equation>
      </States>
   </Equipment>
   <Equipment name="S0107" type="Signal" flavor="Lamp" CommandTimeOut="" AlarmTimeout="">
      <States>
         <Equation>1::SPLS0107 == 0</Equation>
         <Equation>2::SPLS0107 == 1</Equation>
      </States>
      <StateAlarms>
         <Equation>S_RED_FAILURE[1]::SPLS0107==0 &amp;&amp; S0107_OFF==0</Equation>
         <Equation>S_WHITE_FAILURE[2]::SPLS0107==0 &amp;&amp; S0107_OFF==1</Equation>
      </StateAlarms>
   </Equipment>
   <Equipment name="S0107" type="Signal" flavor="Detection" CommandTimeOut="" AlarmTimeout="">
      <States>
         <Equation>S_STOP[0]::S0107_OFF == 0</Equation>
         <Equation>S_PERMISSIVE[1]::S0107_OFF == 1</Equation>
      </States>
   </Equipment>
   <Equipment name="S0107" type="Signal" flavor="HMI" CommandTimeOut="" AlarmTimeout="">
      <States>
         <Equation>NOEVENT[0]:: 1==1</Equation>
      </States>
   </Equipment>
   <Equipment name="S0113" type="Signal" flavor="Detection" CommandTimeOut="" AlarmTimeout="">
      <States>
         <Equation>S_STOP[0]::S0113_OFF == 0</Equation>
         <Equation>S_PERMISSIVE[1]::S0113_OFF == 1</Equation>
      </States>
   </Equipment>
   <Equipment name="S0113" type="Signal" flavor="ALS" CommandTimeOut="" AlarmTimeout="">
      <States>
         <Equation>S_APPROACH_FREE[1]::ALS0113 == 1</Equation>
         <Equation>S_APPROACH_LOCKED[2]::ALS0113 == 0</Equation>
         <Equation>NOEVENT[0]::1 == 1</Equation>
      </States>
   </Equipment>
   <Equipment name="S0113" type="Signal" flavor="HMI" CommandTimeOut="" AlarmTimeout="">
      <States>
         <Equation>1::S0113_OFF == 1 &amp;&amp; ALS0113 ==1</Equation>
         <Equation>2::S0113_OFF == 0 &amp;&amp; ALS0113 ==1</Equation>
         <Equation>3::S0113_OFF == 0 &amp;&amp; ALS0113 == 0</Equation>
         <Equation>4::S0113_OFF == 1 &amp;&amp; ALS0113 == 0</Equation>
         <Equation>0::1==1</Equation>
      </States>
   </Equipment>
   <Equipment name="S0113" type="Signal" flavor="Blocking" CommandTimeOut="" AlarmTimeout="">
      <States>
         <Equation>S_NOTBLOCKING[1]::MSC0113 == 1</Equation>
         <Equation>S_BLOCKING[2]::MSC0113 == 0</Equation>
      </States>
      <Requisites>
         <Equation>PREP_SBC0113[PREP_SBC]::PREP_SBC01==0</Equation>
         <Equation>PREP_SUC0113[PREP_SUC]::PREP_SUC01==0</Equation>
         <Equation>CONF_SBC0113[CONF_SBC]::1</Equation>
         <Equation>CONF_SUC0113[CONF_SUC]::1</Equation>
      </Requisites>
      <CommandResults>
         <Equation>PREP_SBC0113[PREP_SBC_RES]::PREP_SBC01==1</Equation>
         <Equation>PREP_SUC0113[PREP_SUC_RES]::PREP_SUC01==1</Equation>
         <Equation>CONF_SBC0113[CONF_SBC_RES]::MSC0113== 0</Equation>
         <Equation>CONF_SUC0113[CONF_SUC_RES]::MSC0113== 1</Equation>
      </CommandResults>
   </Equipment>
   <Equipment name="S0113" type="Signal" flavor="Automatic" CommandTimeOut="" AlarmTimeout="">
      <States>
         <Equation>1::RL0113_0203_D==0</Equation>
         <Equation>2::S_SEL0113 == 1 &amp;&amp; RL0113_0203_D==0</Equation>
         <Equation>3::RL0113_0203_D==1</Equation>
      </States>
   </Equipment>
   <Equipment name="S0113" type="Signal" flavor="Release" CommandTimeOut="" AlarmTimeout="">
      <States>
         <Equation>1::S_REL0113 == 0 &amp;&amp; (RL0113_0203_D==0)</Equation>
         <Equation>2::S_REL0113 == 0 &amp;&amp; (RL0113_0203_D==1)</Equation>
         <Equation>3::S_REL0113 == 1 &amp;&amp; (RL0113_0203_D==1)</Equation>
      </States>
   </Equipment>
   <Equipment name="S0113" type="Signal" flavor="Lamp" CommandTimeOut="" AlarmTimeout="">
      <States>
         <Equation>1::SPLS0113 == 0</Equation>
         <Equation>2::SPLS0113 == 1</Equation>
      </States>
      <StateAlarms>
         <Equation>S_RED_FAILURE[1]::SPLS0113==0 &amp;&amp; S0113_OFF==0</Equation>
         <Equation>S_WHITE_FAILURE[2]::SPLS0113==0 &amp;&amp; S0113_OFF==1</Equation>
      </StateAlarms>
   </Equipment>
   <Equipment name="S0113" type="Signal" flavor="Detection" CommandTimeOut="" AlarmTimeout="">
      <States>
         <Equation>S_STOP[0]::S0113_OFF == 0</Equation>
         <Equation>S_PERMISSIVE[1]::S0113_OFF == 1</Equation>
      </States>
   </Equipment>
   <Equipment name="S0113" type="Signal" flavor="HMI" CommandTimeOut="" AlarmTimeout="">
      <States>
         <Equation>NOEVENT[0]:: 1==1</Equation>
      </States>
   </Equipment>
</SignallingRules>