<?xml version="1.0" encoding="UTF-8"?>
<SignallingRules xmlns:xsi="http://www.w3.org/2001/XMLSchema-instance"
                 xmlns:sys="http://www.systerel.fr/Alstom/IDP"
                 Project="CCL"
                 Generation_Date="XXXX-XX-XX"
                 xsi:noNamespaceSchemaLocation="SigRules.xsd">
   <Versions>
         <Version Name="ICONIS_IDP#SyAD_Configuration-CCL"
               Value="830F-ATS-0895_1E &amp; 830F-ATS-0402-1G"/>
         <Version Name="ICONIS_IDP#Product_Version" Value="SW_IDP_CCL_1.6.6"/>
         <Version Name="Project#System_Database_Version" Value="1.0.0"/>
         <Version Name="Project#ATS_Parameter_Version" Value=""/>
      </Versions>
   <Equipment name="S0706" type="Signal" flavor="Detection" CommandTimeOut="" AlarmTimeout="">
      <States>
         <Equation>S_STOP[0]::S0706_OFF == 0</Equation>
         <Equation>S_PERMISSIVE[1]::S0706_OFF == 1</Equation>
      </States>
   </Equipment>
   <Equipment name="S0706" type="Signal" flavor="ALS" CommandTimeOut="" AlarmTimeout="">
      <States>
         <Equation>S_APPROACH_FREE[1]::ALS0706 == 1</Equation>
         <Equation>S_APPROACH_LOCKED[2]::ALS0706 == 0</Equation>
         <Equation>NOEVENT[0]::1 == 1</Equation>
      </States>
   </Equipment>
   <Equipment name="S0706" type="Signal" flavor="HMI" CommandTimeOut="" AlarmTimeout="">
      <States>
         <Equation>1::S0706_OFF == 1 &amp;&amp; ALS0706 ==1</Equation>
         <Equation>2::S0706_OFF == 0 &amp;&amp; ALS0706 ==1</Equation>
         <Equation>3::S0706_OFF == 0 &amp;&amp; ALS0706 == 0</Equation>
         <Equation>4::S0706_OFF == 1 &amp;&amp; ALS0706 == 0</Equation>
         <Equation>0::1==1</Equation>
      </States>
   </Equipment>
   <Equipment name="S0706" type="Signal" flavor="Blocking" CommandTimeOut="" AlarmTimeout="">
      <States>
         <Equation>S_NOTBLOCKING[1]::MSC0706 == 1</Equation>
         <Equation>S_BLOCKING[2]::MSC0706 == 0</Equation>
      </States>
      <Requisites>
         <Equation>PREP_SBC0706[PREP_SBC]::PREP_SBC07==0</Equation>
         <Equation>PREP_SUC0706[PREP_SUC]::PREP_SUC07==0</Equation>
         <Equation>CONF_SBC0706[CONF_SBC]::1</Equation>
         <Equation>CONF_SUC0706[CONF_SUC]::1</Equation>
      </Requisites>
      <CommandResults>
         <Equation>PREP_SBC0706[PREP_SBC_RES]::PREP_SBC07==1</Equation>
         <Equation>PREP_SUC0706[PREP_SUC_RES]::PREP_SUC07==1</Equation>
         <Equation>CONF_SBC0706[CONF_SBC_RES]::MSC0706== 0</Equation>
         <Equation>CONF_SUC0706[CONF_SUC_RES]::MSC0706== 1</Equation>
      </CommandResults>
   </Equipment>
   <Equipment name="S0706" type="Signal" flavor="Automatic" CommandTimeOut="" AlarmTimeout="">
      <States>
         <Equation>1::RL0706_0414_D==0 &amp;&amp; RL0706_0700_D==0 &amp;&amp; RL0706_0702_D==0</Equation>
         <Equation>2::S_SEL0706 == 1 &amp;&amp; RL0706_0414_D==0 &amp;&amp; RL0706_0700_D==0 &amp;&amp; RL0706_0702_D==0</Equation>
         <Equation>3::RL0706_0414_D==1 || RL0706_0700_D==1 || RL0706_0702_D==1</Equation>
      </States>
   </Equipment>
   <Equipment name="S0706" type="Signal" flavor="Release" CommandTimeOut="" AlarmTimeout="">
      <States>
         <Equation>1::S_REL0706 == 0 &amp;&amp; (RL0706_0414_D==0 &amp;&amp; RL0706_0700_D==0 &amp;&amp; RL0706_0702_D==0)</Equation>
         <Equation>2::S_REL0706 == 0 &amp;&amp; (RL0706_0414_D==1 || RL0706_0700_D==1 || RL0706_0702_D==1)</Equation>
         <Equation>3::S_REL0706 == 1 &amp;&amp; (RL0706_0414_D==1 || RL0706_0700_D==1 || RL0706_0702_D==1)</Equation>
      </States>
   </Equipment>
   <Equipment name="S0706" type="Signal" flavor="Lamp" CommandTimeOut="" AlarmTimeout="">
      <States>
         <Equation>1::SPLS0706 == 0</Equation>
         <Equation>2::SPLS0706 == 1</Equation>
      </States>
      <StateAlarms>
         <Equation>S_RED_FAILURE[1]::SPLS0706==0 &amp;&amp; S0706_OFF==0</Equation>
         <Equation>S_WHITE_FAILURE[2]::SPLS0706==0 &amp;&amp; S0706_OFF==1</Equation>
      </StateAlarms>
   </Equipment>
   <Equipment name="S0706" type="Signal" flavor="Detection" CommandTimeOut="" AlarmTimeout="">
      <States>
         <Equation>S_STOP[0]::S0706_OFF == 0</Equation>
         <Equation>S_PERMISSIVE[1]::S0706_OFF == 1</Equation>
      </States>
   </Equipment>
   <Equipment name="S0706" type="Signal" flavor="HMI" CommandTimeOut="" AlarmTimeout="">
      <States>
         <Equation>NOEVENT[0]:: 1==1</Equation>
      </States>
   </Equipment>
   <Equipment name="S0710" type="Signal" flavor="Lamp" CommandTimeOut="" AlarmTimeout="">
      <States>
         <Equation>1::SPLS0710 == 0</Equation>
         <Equation>2::SPLS0710 == 1</Equation>
      </States>
      <StateAlarms>
         <Equation>S_RED_FAILURE[1]::SPLS0710==0 &amp;&amp; S0710_OFF==0</Equation>
         <Equation>S_WHITE_FAILURE[2]::SPLS0710==0 &amp;&amp; S0710_OFF==1</Equation>
      </StateAlarms>
   </Equipment>
   <Equipment name="S0710" type="Signal" flavor="Detection" CommandTimeOut="" AlarmTimeout="">
      <States>
         <Equation>S_STOP[0]::S0710_OFF == 0</Equation>
         <Equation>S_PERMISSIVE[1]::S0710_OFF == 1</Equation>
      </States>
   </Equipment>
   <Equipment name="S0710" type="Signal" flavor="HMI" CommandTimeOut="" AlarmTimeout="">
      <States>
         <Equation>NOEVENT[0]:: 1==1</Equation>
      </States>
   </Equipment>
   <Equipment name="S0712" type="Signal" flavor="Detection" CommandTimeOut="" AlarmTimeout="">
      <States>
         <Equation>S_STOP[0]::S0712_OFF == 0</Equation>
         <Equation>S_PERMISSIVE[1]::S0712_OFF == 1</Equation>
      </States>
   </Equipment>
   <Equipment name="S0712" type="Signal" flavor="ALS" CommandTimeOut="" AlarmTimeout="">
      <States>
         <Equation>S_APPROACH_FREE[1]::ALS0712 == 1</Equation>
         <Equation>S_APPROACH_LOCKED[2]::ALS0712 == 0</Equation>
         <Equation>NOEVENT[0]::1 == 1</Equation>
      </States>
   </Equipment>
   <Equipment name="S0712" type="Signal" flavor="HMI" CommandTimeOut="" AlarmTimeout="">
      <States>
         <Equation>1::S0712_OFF == 1 &amp;&amp; ALS0712 ==1</Equation>
         <Equation>2::S0712_OFF == 0 &amp;&amp; ALS0712 ==1</Equation>
         <Equation>3::S0712_OFF == 0 &amp;&amp; ALS0712 == 0</Equation>
         <Equation>4::S0712_OFF == 1 &amp;&amp; ALS0712 == 0</Equation>
         <Equation>0::1==1</Equation>
      </States>
   </Equipment>
   <Equipment name="S0712" type="Signal" flavor="Blocking" CommandTimeOut="" AlarmTimeout="">
      <States>
         <Equation>S_NOTBLOCKING[1]::MSC0712 == 1</Equation>
         <Equation>S_BLOCKING[2]::MSC0712 == 0</Equation>
      </States>
      <Requisites>
         <Equation>PREP_SBC0712[PREP_SBC]::PREP_SBC07==0</Equation>
         <Equation>PREP_SUC0712[PREP_SUC]::PREP_SUC07==0</Equation>
         <Equation>CONF_SBC0712[CONF_SBC]::1</Equation>
         <Equation>CONF_SUC0712[CONF_SUC]::1</Equation>
      </Requisites>
      <CommandResults>
         <Equation>PREP_SBC0712[PREP_SBC_RES]::PREP_SBC07==1</Equation>
         <Equation>PREP_SUC0712[PREP_SUC_RES]::PREP_SUC07==1</Equation>
         <Equation>CONF_SBC0712[CONF_SBC_RES]::MSC0712== 0</Equation>
         <Equation>CONF_SUC0712[CONF_SUC_RES]::MSC0712== 1</Equation>
      </CommandResults>
   </Equipment>
   <Equipment name="S0712" type="Signal" flavor="Automatic" CommandTimeOut="" AlarmTimeout="">
      <States>
         <Equation>1::RL0712_0706_D==0</Equation>
         <Equation>2::S_SEL0712 == 1 &amp;&amp; RL0712_0706_D==0</Equation>
         <Equation>3::RL0712_0706_D==1</Equation>
      </States>
   </Equipment>
   <Equipment name="S0712" type="Signal" flavor="Release" CommandTimeOut="" AlarmTimeout="">
      <States>
         <Equation>1::S_REL0712 == 0 &amp;&amp; (RL0712_0706_D==0)</Equation>
         <Equation>2::S_REL0712 == 0 &amp;&amp; (RL0712_0706_D==1)</Equation>
         <Equation>3::S_REL0712 == 1 &amp;&amp; (RL0712_0706_D==1)</Equation>
      </States>
   </Equipment>
   <Equipment name="S0712" type="Signal" flavor="Lamp" CommandTimeOut="" AlarmTimeout="">
      <States>
         <Equation>1::SPLS0712 == 0</Equation>
         <Equation>2::SPLS0712 == 1</Equation>
      </States>
      <StateAlarms>
         <Equation>S_RED_FAILURE[1]::SPLS0712==0 &amp;&amp; S0712_OFF==0</Equation>
         <Equation>S_WHITE_FAILURE[2]::SPLS0712==0 &amp;&amp; S0712_OFF==1</Equation>
      </StateAlarms>
   </Equipment>
   <Equipment name="S0712" type="Signal" flavor="Detection" CommandTimeOut="" AlarmTimeout="">
      <States>
         <Equation>S_STOP[0]::S0712_OFF == 0</Equation>
         <Equation>S_PERMISSIVE[1]::S0712_OFF == 1</Equation>
      </States>
   </Equipment>
   <Equipment name="S0712" type="Signal" flavor="HMI" CommandTimeOut="" AlarmTimeout="">
      <States>
         <Equation>NOEVENT[0]:: 1==1</Equation>
      </States>
   </Equipment>
   <Equipment name="S0714" type="Signal" flavor="Detection" CommandTimeOut="" AlarmTimeout="">
      <States>
         <Equation>S_STOP[0]::S0714_OFF == 0</Equation>
         <Equation>S_PERMISSIVE[1]::S0714_OFF == 1</Equation>
      </States>
   </Equipment>
   <Equipment name="S0714" type="Signal" flavor="ALS" CommandTimeOut="" AlarmTimeout="">
      <States>
         <Equation>S_APPROACH_FREE[1]::ALS0714 == 1</Equation>
         <Equation>S_APPROACH_LOCKED[2]::ALS0714 == 0</Equation>
         <Equation>NOEVENT[0]::1 == 1</Equation>
      </States>
   </Equipment>
   <Equipment name="S0714" type="Signal" flavor="HMI" CommandTimeOut="" AlarmTimeout="">
      <States>
         <Equation>1::S0714_OFF == 1 &amp;&amp; ALS0714 ==1</Equation>
         <Equation>2::S0714_OFF == 0 &amp;&amp; ALS0714 ==1</Equation>
         <Equation>3::S0714_OFF == 0 &amp;&amp; ALS0714 == 0</Equation>
         <Equation>4::S0714_OFF == 1 &amp;&amp; ALS0714 == 0</Equation>
         <Equation>0::1==1</Equation>
      </States>
   </Equipment>
   <Equipment name="S0714" type="Signal" flavor="Blocking" CommandTimeOut="" AlarmTimeout="">
      <States>
         <Equation>S_NOTBLOCKING[1]::MSC0714 == 1</Equation>
         <Equation>S_BLOCKING[2]::MSC0714 == 0</Equation>
      </States>
      <Requisites>
         <Equation>PREP_SBC0714[PREP_SBC]::PREP_SBC07==0</Equation>
         <Equation>PREP_SUC0714[PREP_SUC]::PREP_SUC07==0</Equation>
         <Equation>CONF_SBC0714[CONF_SBC]::1</Equation>
         <Equation>CONF_SUC0714[CONF_SUC]::1</Equation>
      </Requisites>
      <CommandResults>
         <Equation>PREP_SBC0714[PREP_SBC_RES]::PREP_SBC07==1</Equation>
         <Equation>PREP_SUC0714[PREP_SUC_RES]::PREP_SUC07==1</Equation>
         <Equation>CONF_SBC0714[CONF_SBC_RES]::MSC0714== 0</Equation>
         <Equation>CONF_SUC0714[CONF_SUC_RES]::MSC0714== 1</Equation>
      </CommandResults>
   </Equipment>
   <Equipment name="S0714" type="Signal" flavor="Automatic" CommandTimeOut="" AlarmTimeout="">
      <States>
         <Equation>1::RL0714_0712_D==0</Equation>
         <Equation>2::S_SEL0714 == 1 &amp;&amp; RL0714_0712_D==0</Equation>
         <Equation>3::RL0714_0712_D==1</Equation>
      </States>
   </Equipment>
   <Equipment name="S0714" type="Signal" flavor="Release" CommandTimeOut="" AlarmTimeout="">
      <States>
         <Equation>1::S_REL0714 == 0 &amp;&amp; (RL0714_0712_D==0)</Equation>
         <Equation>2::S_REL0714 == 0 &amp;&amp; (RL0714_0712_D==1)</Equation>
         <Equation>3::S_REL0714 == 1 &amp;&amp; (RL0714_0712_D==1)</Equation>
      </States>
   </Equipment>
   <Equipment name="S0714" type="Signal" flavor="Lamp" CommandTimeOut="" AlarmTimeout="">
      <States>
         <Equation>1::SPLS0714 == 0</Equation>
         <Equation>2::SPLS0714 == 1</Equation>
      </States>
      <StateAlarms>
         <Equation>S_RED_FAILURE[1]::SPLS0714==0 &amp;&amp; S0714_OFF==0</Equation>
         <Equation>S_WHITE_FAILURE[2]::SPLS0714==0 &amp;&amp; S0714_OFF==1</Equation>
      </StateAlarms>
   </Equipment>
   <Equipment name="S0714" type="Signal" flavor="Detection" CommandTimeOut="" AlarmTimeout="">
      <States>
         <Equation>S_STOP[0]::S0714_OFF == 0</Equation>
         <Equation>S_PERMISSIVE[1]::S0714_OFF == 1</Equation>
      </States>
   </Equipment>
   <Equipment name="S0714" type="Signal" flavor="HMI" CommandTimeOut="" AlarmTimeout="">
      <States>
         <Equation>NOEVENT[0]:: 1==1</Equation>
      </States>
   </Equipment>
   <Equipment name="S0720" type="Signal" flavor="Lamp" CommandTimeOut="" AlarmTimeout="">
      <States>
         <Equation>1::SPLS0720 == 0</Equation>
         <Equation>2::SPLS0720 == 1</Equation>
      </States>
      <StateAlarms>
         <Equation>S_RED_FAILURE[1]::SPLS0720==0 &amp;&amp; S0720_OFF==0</Equation>
         <Equation>S_WHITE_FAILURE[2]::SPLS0720==0 &amp;&amp; S0720_OFF==1</Equation>
      </StateAlarms>
   </Equipment>
   <Equipment name="S0720" type="Signal" flavor="Detection" CommandTimeOut="" AlarmTimeout="">
      <States>
         <Equation>S_STOP[0]::S0720_OFF == 0</Equation>
         <Equation>S_PERMISSIVE[1]::S0720_OFF == 1</Equation>
      </States>
   </Equipment>
   <Equipment name="S0720" type="Signal" flavor="HMI" CommandTimeOut="" AlarmTimeout="">
      <States>
         <Equation>NOEVENT[0]:: 1==1</Equation>
      </States>
   </Equipment>
   <Equipment name="S0724" type="Signal" flavor="Lamp" CommandTimeOut="" AlarmTimeout="">
      <States>
         <Equation>1::SPLS0724 == 0</Equation>
         <Equation>2::SPLS0724 == 1</Equation>
      </States>
      <StateAlarms>
         <Equation>S_RED_FAILURE[1]::SPLS0724==0 &amp;&amp; S0724_OFF==0</Equation>
         <Equation>S_WHITE_FAILURE[2]::SPLS0724==0 &amp;&amp; S0724_OFF==1</Equation>
      </StateAlarms>
   </Equipment>
   <Equipment name="S0724" type="Signal" flavor="Detection" CommandTimeOut="" AlarmTimeout="">
      <States>
         <Equation>S_STOP[0]::S0724_OFF == 0</Equation>
         <Equation>S_PERMISSIVE[1]::S0724_OFF == 1</Equation>
      </States>
   </Equipment>
   <Equipment name="S0724" type="Signal" flavor="HMI" CommandTimeOut="" AlarmTimeout="">
      <States>
         <Equation>NOEVENT[0]:: 1==1</Equation>
      </States>
   </Equipment>
   <Equipment name="S0704" type="Signal" flavor="Detection" CommandTimeOut="" AlarmTimeout="">
      <States>
         <Equation>S_STOP[0]::S0704_OFF == 0</Equation>
         <Equation>S_PERMISSIVE[1]::S0704_OFF == 1</Equation>
      </States>
   </Equipment>
   <Equipment name="S0704" type="Signal" flavor="ALS" CommandTimeOut="" AlarmTimeout="">
      <States>
         <Equation>S_APPROACH_FREE[1]::ALS0704 == 1</Equation>
         <Equation>S_APPROACH_LOCKED[2]::ALS0704 == 0</Equation>
         <Equation>NOEVENT[0]::1 == 1</Equation>
      </States>
   </Equipment>
   <Equipment name="S0704" type="Signal" flavor="HMI" CommandTimeOut="" AlarmTimeout="">
      <States>
         <Equation>1::S0704_OFF == 1 &amp;&amp; ALS0704 ==1</Equation>
         <Equation>2::S0704_OFF == 0 &amp;&amp; ALS0704 ==1</Equation>
         <Equation>3::S0704_OFF == 0 &amp;&amp; ALS0704 == 0</Equation>
         <Equation>4::S0704_OFF == 1 &amp;&amp; ALS0704 == 0</Equation>
         <Equation>0::1==1</Equation>
      </States>
   </Equipment>
   <Equipment name="S0704" type="Signal" flavor="Blocking" CommandTimeOut="" AlarmTimeout="">
      <States>
         <Equation>S_NOTBLOCKING[1]::MSC0704 == 1</Equation>
         <Equation>S_BLOCKING[2]::MSC0704 == 0</Equation>
      </States>
      <Requisites>
         <Equation>PREP_SBC0704[PREP_SBC]::PREP_SBC07==0</Equation>
         <Equation>PREP_SUC0704[PREP_SUC]::PREP_SUC07==0</Equation>
         <Equation>CONF_SBC0704[CONF_SBC]::1</Equation>
         <Equation>CONF_SUC0704[CONF_SUC]::1</Equation>
      </Requisites>
      <CommandResults>
         <Equation>PREP_SBC0704[PREP_SBC_RES]::PREP_SBC07==1</Equation>
         <Equation>PREP_SUC0704[PREP_SUC_RES]::PREP_SUC07==1</Equation>
         <Equation>CONF_SBC0704[CONF_SBC_RES]::MSC0704== 0</Equation>
         <Equation>CONF_SUC0704[CONF_SUC_RES]::MSC0704== 1</Equation>
      </CommandResults>
   </Equipment>
   <Equipment name="S0704" type="Signal" flavor="Automatic" CommandTimeOut="" AlarmTimeout="">
      <States>
         <Equation>1::RL0704_0412_D==0 &amp;&amp; RL0704_0700_D==0 &amp;&amp; RL0704_0702_D==0</Equation>
         <Equation>2::S_SEL0704 == 1 &amp;&amp; RL0704_0412_D==0 &amp;&amp; RL0704_0700_D==0 &amp;&amp; RL0704_0702_D==0</Equation>
         <Equation>3::RL0704_0412_D==1 || RL0704_0700_D==1 || RL0704_0702_D==1</Equation>
      </States>
   </Equipment>
   <Equipment name="S0704" type="Signal" flavor="Release" CommandTimeOut="" AlarmTimeout="">
      <States>
         <Equation>1::S_REL0704 == 0 &amp;&amp; (RL0704_0412_D==0 &amp;&amp; RL0704_0700_D==0 &amp;&amp; RL0704_0702_D==0)</Equation>
         <Equation>2::S_REL0704 == 0 &amp;&amp; (RL0704_0412_D==1 || RL0704_0700_D==1 || RL0704_0702_D==1)</Equation>
         <Equation>3::S_REL0704 == 1 &amp;&amp; (RL0704_0412_D==1 || RL0704_0700_D==1 || RL0704_0702_D==1)</Equation>
      </States>
   </Equipment>
   <Equipment name="S0704" type="Signal" flavor="Lamp" CommandTimeOut="" AlarmTimeout="">
      <States>
         <Equation>1::SPLS0704 == 0</Equation>
         <Equation>2::SPLS0704 == 1</Equation>
      </States>
      <StateAlarms>
         <Equation>S_RED_FAILURE[1]::SPLS0704==0 &amp;&amp; S0704_OFF==0</Equation>
         <Equation>S_WHITE_FAILURE[2]::SPLS0704==0 &amp;&amp; S0704_OFF==1</Equation>
      </StateAlarms>
   </Equipment>
   <Equipment name="S0704" type="Signal" flavor="Fleet">
      <States>
         <Equation>2::AR0704_0412==0</Equation>
         <Equation>3::RL0704_0412_D==1&amp;&amp;AR0704_0412==1</Equation>
      </States>
   </Equipment>
   <Equipment name="S0704" type="Signal" flavor="Detection" CommandTimeOut="" AlarmTimeout="">
      <States>
         <Equation>S_STOP[0]::S0704_OFF == 0</Equation>
         <Equation>S_PERMISSIVE[1]::S0704_OFF == 1</Equation>
      </States>
   </Equipment>
   <Equipment name="S0704" type="Signal" flavor="HMI" CommandTimeOut="" AlarmTimeout="">
      <States>
         <Equation>NOEVENT[0]:: 1==1</Equation>
      </States>
   </Equipment>
   <Equipment name="S0708" type="Signal" flavor="Lamp" CommandTimeOut="" AlarmTimeout="">
      <States>
         <Equation>1::SPLS0708 == 0</Equation>
         <Equation>2::SPLS0708 == 1</Equation>
      </States>
      <StateAlarms>
         <Equation>S_RED_FAILURE[1]::SPLS0708==0 &amp;&amp; S0708_OFF==0</Equation>
         <Equation>S_WHITE_FAILURE[2]::SPLS0708==0 &amp;&amp; S0708_OFF==1</Equation>
      </StateAlarms>
   </Equipment>
   <Equipment name="S0708" type="Signal" flavor="Detection" CommandTimeOut="" AlarmTimeout="">
      <States>
         <Equation>S_STOP[0]::S0708_OFF == 0</Equation>
         <Equation>S_PERMISSIVE[1]::S0708_OFF == 1</Equation>
      </States>
   </Equipment>
   <Equipment name="S0708" type="Signal" flavor="HMI" CommandTimeOut="" AlarmTimeout="">
      <States>
         <Equation>NOEVENT[0]:: 1==1</Equation>
      </States>
   </Equipment>
   <Equipment name="S0716" type="Signal" flavor="Detection" CommandTimeOut="" AlarmTimeout="">
      <States>
         <Equation>S_STOP[0]::S0716_OFF == 0</Equation>
         <Equation>S_PERMISSIVE[1]::S0716_OFF == 1</Equation>
      </States>
   </Equipment>
   <Equipment name="S0716" type="Signal" flavor="ALS" CommandTimeOut="" AlarmTimeout="">
      <States>
         <Equation>S_APPROACH_FREE[1]::ALS0716 == 1</Equation>
         <Equation>S_APPROACH_LOCKED[2]::ALS0716 == 0</Equation>
         <Equation>NOEVENT[0]::1 == 1</Equation>
      </States>
   </Equipment>
   <Equipment name="S0716" type="Signal" flavor="HMI" CommandTimeOut="" AlarmTimeout="">
      <States>
         <Equation>1::S0716_OFF == 1 &amp;&amp; ALS0716 ==1</Equation>
         <Equation>2::S0716_OFF == 0 &amp;&amp; ALS0716 ==1</Equation>
         <Equation>3::S0716_OFF == 0 &amp;&amp; ALS0716 == 0</Equation>
         <Equation>4::S0716_OFF == 1 &amp;&amp; ALS0716 == 0</Equation>
         <Equation>0::1==1</Equation>
      </States>
   </Equipment>
   <Equipment name="S0716" type="Signal" flavor="Blocking" CommandTimeOut="" AlarmTimeout="">
      <States>
         <Equation>S_NOTBLOCKING[1]::MSC0716 == 1</Equation>
         <Equation>S_BLOCKING[2]::MSC0716 == 0</Equation>
      </States>
      <Requisites>
         <Equation>PREP_SBC0716[PREP_SBC]::PREP_SBC07==0</Equation>
         <Equation>PREP_SUC0716[PREP_SUC]::PREP_SUC07==0</Equation>
         <Equation>CONF_SBC0716[CONF_SBC]::1</Equation>
         <Equation>CONF_SUC0716[CONF_SUC]::1</Equation>
      </Requisites>
      <CommandResults>
         <Equation>PREP_SBC0716[PREP_SBC_RES]::PREP_SBC07==1</Equation>
         <Equation>PREP_SUC0716[PREP_SUC_RES]::PREP_SUC07==1</Equation>
         <Equation>CONF_SBC0716[CONF_SBC_RES]::MSC0716== 0</Equation>
         <Equation>CONF_SUC0716[CONF_SUC_RES]::MSC0716== 1</Equation>
      </CommandResults>
   </Equipment>
   <Equipment name="S0716" type="Signal" flavor="Automatic" CommandTimeOut="" AlarmTimeout="">
      <States>
         <Equation>1::RL0716_0704_D==0 &amp;&amp; RL0716_0712_D==0</Equation>
         <Equation>2::S_SEL0716 == 1 &amp;&amp; RL0716_0704_D==0 &amp;&amp; RL0716_0712_D==0</Equation>
         <Equation>3::RL0716_0704_D==1 || RL0716_0712_D==1</Equation>
      </States>
   </Equipment>
   <Equipment name="S0716" type="Signal" flavor="Release" CommandTimeOut="" AlarmTimeout="">
      <States>
         <Equation>1::S_REL0716 == 0 &amp;&amp; (RL0716_0704_D==0 &amp;&amp; RL0716_0712_D==0)</Equation>
         <Equation>2::S_REL0716 == 0 &amp;&amp; (RL0716_0704_D==1 || RL0716_0712_D==1)</Equation>
         <Equation>3::S_REL0716 == 1 &amp;&amp; (RL0716_0704_D==1 || RL0716_0712_D==1)</Equation>
      </States>
   </Equipment>
   <Equipment name="S0716" type="Signal" flavor="Lamp" CommandTimeOut="" AlarmTimeout="">
      <States>
         <Equation>1::SPLS0716 == 0</Equation>
         <Equation>2::SPLS0716 == 1</Equation>
      </States>
      <StateAlarms>
         <Equation>S_RED_FAILURE[1]::SPLS0716==0 &amp;&amp; S0716_OFF==0</Equation>
         <Equation>S_WHITE_FAILURE[2]::SPLS0716==0 &amp;&amp; S0716_OFF==1</Equation>
      </StateAlarms>
   </Equipment>
   <Equipment name="S0716" type="Signal" flavor="Fleet">
      <States>
         <Equation>2::AR0716_0704==0</Equation>
         <Equation>3::RL0716_0704_D==1&amp;&amp;AR0716_0704==1</Equation>
      </States>
   </Equipment>
   <Equipment name="S0716" type="Signal" flavor="Detection" CommandTimeOut="" AlarmTimeout="">
      <States>
         <Equation>S_STOP[0]::S0716_OFF == 0</Equation>
         <Equation>S_PERMISSIVE[1]::S0716_OFF == 1</Equation>
      </States>
   </Equipment>
   <Equipment name="S0716" type="Signal" flavor="HMI" CommandTimeOut="" AlarmTimeout="">
      <States>
         <Equation>NOEVENT[0]:: 1==1</Equation>
      </States>
   </Equipment>
   <Equipment name="S0718" type="Signal" flavor="Detection" CommandTimeOut="" AlarmTimeout="">
      <States>
         <Equation>S_STOP[0]::S0718_OFF == 0</Equation>
         <Equation>S_PERMISSIVE[1]::S0718_OFF == 1</Equation>
      </States>
   </Equipment>
   <Equipment name="S0718" type="Signal" flavor="ALS" CommandTimeOut="" AlarmTimeout="">
      <States>
         <Equation>S_APPROACH_FREE[1]::ALS0718 == 1</Equation>
         <Equation>S_APPROACH_LOCKED[2]::ALS0718 == 0</Equation>
         <Equation>NOEVENT[0]::1 == 1</Equation>
      </States>
   </Equipment>
   <Equipment name="S0718" type="Signal" flavor="HMI" CommandTimeOut="" AlarmTimeout="">
      <States>
         <Equation>1::S0718_OFF == 1 &amp;&amp; ALS0718 ==1</Equation>
         <Equation>2::S0718_OFF == 0 &amp;&amp; ALS0718 ==1</Equation>
         <Equation>3::S0718_OFF == 0 &amp;&amp; ALS0718 == 0</Equation>
         <Equation>4::S0718_OFF == 1 &amp;&amp; ALS0718 == 0</Equation>
         <Equation>0::1==1</Equation>
      </States>
   </Equipment>
   <Equipment name="S0718" type="Signal" flavor="Blocking" CommandTimeOut="" AlarmTimeout="">
      <States>
         <Equation>S_NOTBLOCKING[1]::MSC0718 == 1</Equation>
         <Equation>S_BLOCKING[2]::MSC0718 == 0</Equation>
      </States>
      <Requisites>
         <Equation>PREP_SBC0718[PREP_SBC]::PREP_SBC07==0</Equation>
         <Equation>PREP_SUC0718[PREP_SUC]::PREP_SUC07==0</Equation>
         <Equation>CONF_SBC0718[CONF_SBC]::1</Equation>
         <Equation>CONF_SUC0718[CONF_SUC]::1</Equation>
      </Requisites>
      <CommandResults>
         <Equation>PREP_SBC0718[PREP_SBC_RES]::PREP_SBC07==1</Equation>
         <Equation>PREP_SUC0718[PREP_SUC_RES]::PREP_SUC07==1</Equation>
         <Equation>CONF_SBC0718[CONF_SBC_RES]::MSC0718== 0</Equation>
         <Equation>CONF_SUC0718[CONF_SUC_RES]::MSC0718== 1</Equation>
      </CommandResults>
   </Equipment>
   <Equipment name="S0718" type="Signal" flavor="Automatic" CommandTimeOut="" AlarmTimeout="">
      <States>
         <Equation>1::RL0718_0716_D==0</Equation>
         <Equation>2::S_SEL0718 == 1 &amp;&amp; RL0718_0716_D==0</Equation>
         <Equation>3::RL0718_0716_D==1</Equation>
      </States>
   </Equipment>
   <Equipment name="S0718" type="Signal" flavor="Release" CommandTimeOut="" AlarmTimeout="">
      <States>
         <Equation>1::S_REL0718 == 0 &amp;&amp; (RL0718_0716_D==0)</Equation>
         <Equation>2::S_REL0718 == 0 &amp;&amp; (RL0718_0716_D==1)</Equation>
         <Equation>3::S_REL0718 == 1 &amp;&amp; (RL0718_0716_D==1)</Equation>
      </States>
   </Equipment>
   <Equipment name="S0718" type="Signal" flavor="Lamp" CommandTimeOut="" AlarmTimeout="">
      <States>
         <Equation>1::SPLS0718 == 0</Equation>
         <Equation>2::SPLS0718 == 1</Equation>
      </States>
      <StateAlarms>
         <Equation>S_RED_FAILURE[1]::SPLS0718==0 &amp;&amp; S0718_OFF==0</Equation>
         <Equation>S_WHITE_FAILURE[2]::SPLS0718==0 &amp;&amp; S0718_OFF==1</Equation>
      </StateAlarms>
   </Equipment>
   <Equipment name="S0718" type="Signal" flavor="Fleet">
      <States>
         <Equation>2::AR0718_0716==0</Equation>
         <Equation>3::RL0718_0716_D==1&amp;&amp;AR0718_0716==1</Equation>
      </States>
   </Equipment>
   <Equipment name="S0718" type="Signal" flavor="Detection" CommandTimeOut="" AlarmTimeout="">
      <States>
         <Equation>S_STOP[0]::S0718_OFF == 0</Equation>
         <Equation>S_PERMISSIVE[1]::S0718_OFF == 1</Equation>
      </States>
   </Equipment>
   <Equipment name="S0718" type="Signal" flavor="HMI" CommandTimeOut="" AlarmTimeout="">
      <States>
         <Equation>NOEVENT[0]:: 1==1</Equation>
      </States>
   </Equipment>
   <Equipment name="S0722" type="Signal" flavor="Lamp" CommandTimeOut="" AlarmTimeout="">
      <States>
         <Equation>1::SPLS0722 == 0</Equation>
         <Equation>2::SPLS0722 == 1</Equation>
      </States>
      <StateAlarms>
         <Equation>S_RED_FAILURE[1]::SPLS0722==0 &amp;&amp; S0722_OFF==0</Equation>
         <Equation>S_WHITE_FAILURE[2]::SPLS0722==0 &amp;&amp; S0722_OFF==1</Equation>
      </StateAlarms>
   </Equipment>
   <Equipment name="S0722" type="Signal" flavor="Detection" CommandTimeOut="" AlarmTimeout="">
      <States>
         <Equation>S_STOP[0]::S0722_OFF == 0</Equation>
         <Equation>S_PERMISSIVE[1]::S0722_OFF == 1</Equation>
      </States>
   </Equipment>
   <Equipment name="S0722" type="Signal" flavor="HMI" CommandTimeOut="" AlarmTimeout="">
      <States>
         <Equation>NOEVENT[0]:: 1==1</Equation>
      </States>
   </Equipment>
   <Equipment name="S0702" type="Signal" flavor="Detection" CommandTimeOut="" AlarmTimeout="">
      <States>
         <Equation>S_STOP[0]::S0702_OFF == 0</Equation>
         <Equation>S_PERMISSIVE[1]::S0702_OFF == 1</Equation>
      </States>
   </Equipment>
   <Equipment name="S0702" type="Signal" flavor="ALS" CommandTimeOut="" AlarmTimeout="">
      <States>
         <Equation>S_APPROACH_FREE[1]::ALS0702 == 1</Equation>
         <Equation>S_APPROACH_LOCKED[2]::ALS0702 == 0</Equation>
         <Equation>NOEVENT[0]::1 == 1</Equation>
      </States>
   </Equipment>
   <Equipment name="S0702" type="Signal" flavor="HMI" CommandTimeOut="" AlarmTimeout="">
      <States>
         <Equation>1::S0702_OFF == 1 &amp;&amp; ALS0702 ==1</Equation>
         <Equation>2::S0702_OFF == 0 &amp;&amp; ALS0702 ==1</Equation>
         <Equation>3::S0702_OFF == 0 &amp;&amp; ALS0702 == 0</Equation>
         <Equation>4::S0702_OFF == 1 &amp;&amp; ALS0702 == 0</Equation>
         <Equation>0::1==1</Equation>
      </States>
   </Equipment>
   <Equipment name="S0702" type="Signal" flavor="Blocking" CommandTimeOut="" AlarmTimeout="">
      <States>
         <Equation>S_NOTBLOCKING[1]::MSC0702 == 1</Equation>
         <Equation>S_BLOCKING[2]::MSC0702 == 0</Equation>
      </States>
      <Requisites>
         <Equation>PREP_SBC0702[PREP_SBC]::PREP_SBC07==0</Equation>
         <Equation>PREP_SUC0702[PREP_SUC]::PREP_SUC07==0</Equation>
         <Equation>CONF_SBC0702[CONF_SBC]::1</Equation>
         <Equation>CONF_SUC0702[CONF_SUC]::1</Equation>
      </Requisites>
      <CommandResults>
         <Equation>PREP_SBC0702[PREP_SBC_RES]::PREP_SBC07==1</Equation>
         <Equation>PREP_SUC0702[PREP_SUC_RES]::PREP_SUC07==1</Equation>
         <Equation>CONF_SBC0702[CONF_SBC_RES]::MSC0702== 0</Equation>
         <Equation>CONF_SUC0702[CONF_SUC_RES]::MSC0702== 1</Equation>
      </CommandResults>
   </Equipment>
   <Equipment name="S0702" type="Signal" flavor="Automatic" CommandTimeOut="" AlarmTimeout="">
      <States>
         <Equation>1::RL0702_0503_D==0</Equation>
         <Equation>2::S_SEL0702 == 1 &amp;&amp; RL0702_0503_D==0</Equation>
         <Equation>3::RL0702_0503_D==1</Equation>
      </States>
   </Equipment>
   <Equipment name="S0702" type="Signal" flavor="Release" CommandTimeOut="" AlarmTimeout="">
      <States>
         <Equation>1::S_REL0702 == 0 &amp;&amp; (RL0702_0503_D==0)</Equation>
         <Equation>2::S_REL0702 == 0 &amp;&amp; (RL0702_0503_D==1)</Equation>
         <Equation>3::S_REL0702 == 1 &amp;&amp; (RL0702_0503_D==1)</Equation>
      </States>
   </Equipment>
   <Equipment name="S0702" type="Signal" flavor="Lamp" CommandTimeOut="" AlarmTimeout="">
      <States>
         <Equation>1::SPLS0702 == 0</Equation>
         <Equation>2::SPLS0702 == 1</Equation>
      </States>
      <StateAlarms>
         <Equation>S_RED_FAILURE[1]::SPLS0702==0 &amp;&amp; S0702_OFF==0</Equation>
         <Equation>S_WHITE_FAILURE[2]::SPLS0702==0 &amp;&amp; S0702_OFF==1</Equation>
      </StateAlarms>
   </Equipment>
   <Equipment name="S0702" type="Signal" flavor="Detection" CommandTimeOut="" AlarmTimeout="">
      <States>
         <Equation>S_STOP[0]::S0702_OFF == 0</Equation>
         <Equation>S_PERMISSIVE[1]::S0702_OFF == 1</Equation>
      </States>
   </Equipment>
   <Equipment name="S0702" type="Signal" flavor="HMI" CommandTimeOut="" AlarmTimeout="">
      <States>
         <Equation>NOEVENT[0]:: 1==1</Equation>
      </States>
   </Equipment>
   <Equipment name="S0700" type="Signal" flavor="Detection" CommandTimeOut="" AlarmTimeout="">
      <States>
         <Equation>S_STOP[0]::S0700_OFF == 0</Equation>
         <Equation>S_PERMISSIVE[1]::S0700_OFF == 1</Equation>
      </States>
   </Equipment>
   <Equipment name="S0700" type="Signal" flavor="ALS" CommandTimeOut="" AlarmTimeout="">
      <States>
         <Equation>S_APPROACH_FREE[1]::ALS0700 == 1</Equation>
         <Equation>S_APPROACH_LOCKED[2]::ALS0700 == 0</Equation>
         <Equation>NOEVENT[0]::1 == 1</Equation>
      </States>
   </Equipment>
   <Equipment name="S0700" type="Signal" flavor="HMI" CommandTimeOut="" AlarmTimeout="">
      <States>
         <Equation>1::S0700_OFF == 1 &amp;&amp; ALS0700 ==1</Equation>
         <Equation>2::S0700_OFF == 0 &amp;&amp; ALS0700 ==1</Equation>
         <Equation>3::S0700_OFF == 0 &amp;&amp; ALS0700 == 0</Equation>
         <Equation>4::S0700_OFF == 1 &amp;&amp; ALS0700 == 0</Equation>
         <Equation>0::1==1</Equation>
      </States>
   </Equipment>
   <Equipment name="S0700" type="Signal" flavor="Blocking" CommandTimeOut="" AlarmTimeout="">
      <States>
         <Equation>S_NOTBLOCKING[1]::MSC0700 == 1</Equation>
         <Equation>S_BLOCKING[2]::MSC0700 == 0</Equation>
      </States>
      <Requisites>
         <Equation>PREP_SBC0700[PREP_SBC]::PREP_SBC07==0</Equation>
         <Equation>PREP_SUC0700[PREP_SUC]::PREP_SUC07==0</Equation>
         <Equation>CONF_SBC0700[CONF_SBC]::1</Equation>
         <Equation>CONF_SUC0700[CONF_SUC]::1</Equation>
      </Requisites>
      <CommandResults>
         <Equation>PREP_SBC0700[PREP_SBC_RES]::PREP_SBC07==1</Equation>
         <Equation>PREP_SUC0700[PREP_SUC_RES]::PREP_SUC07==1</Equation>
         <Equation>CONF_SBC0700[CONF_SBC_RES]::MSC0700== 0</Equation>
         <Equation>CONF_SUC0700[CONF_SUC_RES]::MSC0700== 1</Equation>
      </CommandResults>
   </Equipment>
   <Equipment name="S0700" type="Signal" flavor="Automatic" CommandTimeOut="" AlarmTimeout="">
      <States>
         <Equation>1::RL0700_0502_D==0</Equation>
         <Equation>2::S_SEL0700 == 1 &amp;&amp; RL0700_0502_D==0</Equation>
         <Equation>3::RL0700_0502_D==1</Equation>
      </States>
   </Equipment>
   <Equipment name="S0700" type="Signal" flavor="Release" CommandTimeOut="" AlarmTimeout="">
      <States>
         <Equation>1::S_REL0700 == 0 &amp;&amp; (RL0700_0502_D==0)</Equation>
         <Equation>2::S_REL0700 == 0 &amp;&amp; (RL0700_0502_D==1)</Equation>
         <Equation>3::S_REL0700 == 1 &amp;&amp; (RL0700_0502_D==1)</Equation>
      </States>
   </Equipment>
   <Equipment name="S0700" type="Signal" flavor="Lamp" CommandTimeOut="" AlarmTimeout="">
      <States>
         <Equation>1::SPLS0700 == 0</Equation>
         <Equation>2::SPLS0700 == 1</Equation>
      </States>
      <StateAlarms>
         <Equation>S_RED_FAILURE[1]::SPLS0700==0 &amp;&amp; S0700_OFF==0</Equation>
         <Equation>S_WHITE_FAILURE[2]::SPLS0700==0 &amp;&amp; S0700_OFF==1</Equation>
      </StateAlarms>
   </Equipment>
   <Equipment name="S0700" type="Signal" flavor="Detection" CommandTimeOut="" AlarmTimeout="">
      <States>
         <Equation>S_STOP[0]::S0700_OFF == 0</Equation>
         <Equation>S_PERMISSIVE[1]::S0700_OFF == 1</Equation>
      </States>
   </Equipment>
   <Equipment name="S0700" type="Signal" flavor="HMI" CommandTimeOut="" AlarmTimeout="">
      <States>
         <Equation>NOEVENT[0]:: 1==1</Equation>
      </States>
   </Equipment>
   <Equipment name="S0705" type="Signal" flavor="Detection" CommandTimeOut="" AlarmTimeout="">
      <States>
         <Equation>S_STOP[0]::S0705_OFF == 0</Equation>
         <Equation>S_PERMISSIVE[1]::S0705_OFF == 1</Equation>
      </States>
   </Equipment>
   <Equipment name="S0705" type="Signal" flavor="ALS" CommandTimeOut="" AlarmTimeout="">
      <States>
         <Equation>S_APPROACH_FREE[1]::ALS0705 == 1</Equation>
         <Equation>S_APPROACH_LOCKED[2]::ALS0705 == 0</Equation>
         <Equation>NOEVENT[0]::1 == 1</Equation>
      </States>
   </Equipment>
   <Equipment name="S0705" type="Signal" flavor="HMI" CommandTimeOut="" AlarmTimeout="">
      <States>
         <Equation>1::S0705_OFF == 1 &amp;&amp; ALS0705 ==1</Equation>
         <Equation>2::S0705_OFF == 0 &amp;&amp; ALS0705 ==1</Equation>
         <Equation>3::S0705_OFF == 0 &amp;&amp; ALS0705 == 0</Equation>
         <Equation>4::S0705_OFF == 1 &amp;&amp; ALS0705 == 0</Equation>
         <Equation>0::1==1</Equation>
      </States>
   </Equipment>
   <Equipment name="S0705" type="Signal" flavor="Blocking" CommandTimeOut="" AlarmTimeout="">
      <States>
         <Equation>S_NOTBLOCKING[1]::MSC0705 == 1</Equation>
         <Equation>S_BLOCKING[2]::MSC0705 == 0</Equation>
      </States>
      <Requisites>
         <Equation>PREP_SBC0705[PREP_SBC]::PREP_SBC07==0</Equation>
         <Equation>PREP_SUC0705[PREP_SUC]::PREP_SUC07==0</Equation>
         <Equation>CONF_SBC0705[CONF_SBC]::1</Equation>
         <Equation>CONF_SUC0705[CONF_SUC]::1</Equation>
      </Requisites>
      <CommandResults>
         <Equation>PREP_SBC0705[PREP_SBC_RES]::PREP_SBC07==1</Equation>
         <Equation>PREP_SUC0705[PREP_SUC_RES]::PREP_SUC07==1</Equation>
         <Equation>CONF_SBC0705[CONF_SBC_RES]::MSC0705== 0</Equation>
         <Equation>CONF_SUC0705[CONF_SUC_RES]::MSC0705== 1</Equation>
      </CommandResults>
   </Equipment>
   <Equipment name="S0705" type="Signal" flavor="Automatic" CommandTimeOut="" AlarmTimeout="">
      <States>
         <Equation>1::RL0705_0713_D==0</Equation>
         <Equation>2::S_SEL0705 == 1 &amp;&amp; RL0705_0713_D==0</Equation>
         <Equation>3::RL0705_0713_D==1</Equation>
      </States>
   </Equipment>
   <Equipment name="S0705" type="Signal" flavor="Release" CommandTimeOut="" AlarmTimeout="">
      <States>
         <Equation>1::S_REL0705 == 0 &amp;&amp; (RL0705_0713_D==0)</Equation>
         <Equation>2::S_REL0705 == 0 &amp;&amp; (RL0705_0713_D==1)</Equation>
         <Equation>3::S_REL0705 == 1 &amp;&amp; (RL0705_0713_D==1)</Equation>
      </States>
   </Equipment>
   <Equipment name="S0705" type="Signal" flavor="Lamp" CommandTimeOut="" AlarmTimeout="">
      <States>
         <Equation>1::SPLS0705 == 0</Equation>
         <Equation>2::SPLS0705 == 1</Equation>
      </States>
      <StateAlarms>
         <Equation>S_RED_FAILURE[1]::SPLS0705==0 &amp;&amp; S0705_OFF==0</Equation>
         <Equation>S_WHITE_FAILURE[2]::SPLS0705==0 &amp;&amp; S0705_OFF==1</Equation>
      </StateAlarms>
   </Equipment>
   <Equipment name="S0705" type="Signal" flavor="Fleet">
      <States>
         <Equation>2::AR0705_0713==0</Equation>
         <Equation>3::RL0705_0713_D==1&amp;&amp;AR0705_0713==1</Equation>
      </States>
   </Equipment>
   <Equipment name="S0705" type="Signal" flavor="Detection" CommandTimeOut="" AlarmTimeout="">
      <States>
         <Equation>S_STOP[0]::S0705_OFF == 0</Equation>
         <Equation>S_PERMISSIVE[1]::S0705_OFF == 1</Equation>
      </States>
   </Equipment>
   <Equipment name="S0705" type="Signal" flavor="HMI" CommandTimeOut="" AlarmTimeout="">
      <States>
         <Equation>NOEVENT[0]:: 1==1</Equation>
      </States>
   </Equipment>
   <Equipment name="S0709" type="Signal" flavor="Lamp" CommandTimeOut="" AlarmTimeout="">
      <States>
         <Equation>1::SPLS0709 == 0</Equation>
         <Equation>2::SPLS0709 == 1</Equation>
      </States>
      <StateAlarms>
         <Equation>S_RED_FAILURE[1]::SPLS0709==0 &amp;&amp; S0709_OFF==0</Equation>
         <Equation>S_WHITE_FAILURE[2]::SPLS0709==0 &amp;&amp; S0709_OFF==1</Equation>
      </StateAlarms>
   </Equipment>
   <Equipment name="S0709" type="Signal" flavor="Detection" CommandTimeOut="" AlarmTimeout="">
      <States>
         <Equation>S_STOP[0]::S0709_OFF == 0</Equation>
         <Equation>S_PERMISSIVE[1]::S0709_OFF == 1</Equation>
      </States>
   </Equipment>
   <Equipment name="S0709" type="Signal" flavor="HMI" CommandTimeOut="" AlarmTimeout="">
      <States>
         <Equation>NOEVENT[0]:: 1==1</Equation>
      </States>
   </Equipment>
   <Equipment name="S0713" type="Signal" flavor="Detection" CommandTimeOut="" AlarmTimeout="">
      <States>
         <Equation>S_STOP[0]::S0713_OFF == 0</Equation>
         <Equation>S_PERMISSIVE[1]::S0713_OFF == 1</Equation>
      </States>
   </Equipment>
   <Equipment name="S0713" type="Signal" flavor="ALS" CommandTimeOut="" AlarmTimeout="">
      <States>
         <Equation>S_APPROACH_FREE[1]::ALS0713 == 1</Equation>
         <Equation>S_APPROACH_LOCKED[2]::ALS0713 == 0</Equation>
         <Equation>NOEVENT[0]::1 == 1</Equation>
      </States>
   </Equipment>
   <Equipment name="S0713" type="Signal" flavor="HMI" CommandTimeOut="" AlarmTimeout="">
      <States>
         <Equation>1::S0713_OFF == 1 &amp;&amp; ALS0713 ==1</Equation>
         <Equation>2::S0713_OFF == 0 &amp;&amp; ALS0713 ==1</Equation>
         <Equation>3::S0713_OFF == 0 &amp;&amp; ALS0713 == 0</Equation>
         <Equation>4::S0713_OFF == 1 &amp;&amp; ALS0713 == 0</Equation>
         <Equation>0::1==1</Equation>
      </States>
   </Equipment>
   <Equipment name="S0713" type="Signal" flavor="Blocking" CommandTimeOut="" AlarmTimeout="">
      <States>
         <Equation>S_NOTBLOCKING[1]::MSC0713 == 1</Equation>
         <Equation>S_BLOCKING[2]::MSC0713 == 0</Equation>
      </States>
      <Requisites>
         <Equation>PREP_SBC0713[PREP_SBC]::PREP_SBC07==0</Equation>
         <Equation>PREP_SUC0713[PREP_SUC]::PREP_SUC07==0</Equation>
         <Equation>CONF_SBC0713[CONF_SBC]::1</Equation>
         <Equation>CONF_SUC0713[CONF_SUC]::1</Equation>
      </Requisites>
      <CommandResults>
         <Equation>PREP_SBC0713[PREP_SBC_RES]::PREP_SBC07==1</Equation>
         <Equation>PREP_SUC0713[PREP_SUC_RES]::PREP_SUC07==1</Equation>
         <Equation>CONF_SBC0713[CONF_SBC_RES]::MSC0713== 0</Equation>
         <Equation>CONF_SUC0713[CONF_SUC_RES]::MSC0713== 1</Equation>
      </CommandResults>
   </Equipment>
   <Equipment name="S0713" type="Signal" flavor="Automatic" CommandTimeOut="" AlarmTimeout="">
      <States>
         <Equation>1::RL0713_0717_D==0</Equation>
         <Equation>2::S_SEL0713 == 1 &amp;&amp; RL0713_0717_D==0</Equation>
         <Equation>3::RL0713_0717_D==1</Equation>
      </States>
   </Equipment>
   <Equipment name="S0713" type="Signal" flavor="Release" CommandTimeOut="" AlarmTimeout="">
      <States>
         <Equation>1::S_REL0713 == 0 &amp;&amp; (RL0713_0717_D==0)</Equation>
         <Equation>2::S_REL0713 == 0 &amp;&amp; (RL0713_0717_D==1)</Equation>
         <Equation>3::S_REL0713 == 1 &amp;&amp; (RL0713_0717_D==1)</Equation>
      </States>
   </Equipment>
   <Equipment name="S0713" type="Signal" flavor="Lamp" CommandTimeOut="" AlarmTimeout="">
      <States>
         <Equation>1::SPLS0713 == 0</Equation>
         <Equation>2::SPLS0713 == 1</Equation>
      </States>
      <StateAlarms>
         <Equation>S_RED_FAILURE[1]::SPLS0713==0 &amp;&amp; S0713_OFF==0</Equation>
         <Equation>S_WHITE_FAILURE[2]::SPLS0713==0 &amp;&amp; S0713_OFF==1</Equation>
      </StateAlarms>
   </Equipment>
   <Equipment name="S0713" type="Signal" flavor="Fleet">
      <States>
         <Equation>2::AR0713_0717==0</Equation>
         <Equation>3::RL0713_0717_D==1&amp;&amp;AR0713_0717==1</Equation>
      </States>
   </Equipment>
   <Equipment name="S0713" type="Signal" flavor="Detection" CommandTimeOut="" AlarmTimeout="">
      <States>
         <Equation>S_STOP[0]::S0713_OFF == 0</Equation>
         <Equation>S_PERMISSIVE[1]::S0713_OFF == 1</Equation>
      </States>
   </Equipment>
   <Equipment name="S0713" type="Signal" flavor="HMI" CommandTimeOut="" AlarmTimeout="">
      <States>
         <Equation>NOEVENT[0]:: 1==1</Equation>
      </States>
   </Equipment>
   <Equipment name="S0717" type="Signal" flavor="Detection" CommandTimeOut="" AlarmTimeout="">
      <States>
         <Equation>S_STOP[0]::S0717_OFF == 0</Equation>
         <Equation>S_PERMISSIVE[1]::S0717_OFF == 1</Equation>
      </States>
   </Equipment>
   <Equipment name="S0717" type="Signal" flavor="ALS" CommandTimeOut="" AlarmTimeout="">
      <States>
         <Equation>S_APPROACH_FREE[1]::ALS0717 == 1</Equation>
         <Equation>S_APPROACH_LOCKED[2]::ALS0717 == 0</Equation>
         <Equation>NOEVENT[0]::1 == 1</Equation>
      </States>
   </Equipment>
   <Equipment name="S0717" type="Signal" flavor="HMI" CommandTimeOut="" AlarmTimeout="">
      <States>
         <Equation>1::S0717_OFF == 1 &amp;&amp; ALS0717 ==1</Equation>
         <Equation>2::S0717_OFF == 0 &amp;&amp; ALS0717 ==1</Equation>
         <Equation>3::S0717_OFF == 0 &amp;&amp; ALS0717 == 0</Equation>
         <Equation>4::S0717_OFF == 1 &amp;&amp; ALS0717 == 0</Equation>
         <Equation>0::1==1</Equation>
      </States>
   </Equipment>
   <Equipment name="S0717" type="Signal" flavor="Blocking" CommandTimeOut="" AlarmTimeout="">
      <States>
         <Equation>S_NOTBLOCKING[1]::MSC0717 == 1</Equation>
         <Equation>S_BLOCKING[2]::MSC0717 == 0</Equation>
      </States>
      <Requisites>
         <Equation>PREP_SBC0717[PREP_SBC]::PREP_SBC07==0</Equation>
         <Equation>PREP_SUC0717[PREP_SUC]::PREP_SUC07==0</Equation>
         <Equation>CONF_SBC0717[CONF_SBC]::1</Equation>
         <Equation>CONF_SUC0717[CONF_SUC]::1</Equation>
      </Requisites>
      <CommandResults>
         <Equation>PREP_SBC0717[PREP_SBC_RES]::PREP_SBC07==1</Equation>
         <Equation>PREP_SUC0717[PREP_SUC_RES]::PREP_SUC07==1</Equation>
         <Equation>CONF_SBC0717[CONF_SBC_RES]::MSC0717== 0</Equation>
         <Equation>CONF_SUC0717[CONF_SUC_RES]::MSC0717== 1</Equation>
      </CommandResults>
   </Equipment>
   <Equipment name="S0717" type="Signal" flavor="Automatic" CommandTimeOut="" AlarmTimeout="">
      <States>
         <Equation>1::RL0717_0721_D==0 &amp;&amp; RL0717_0809_D==0</Equation>
         <Equation>2::S_SEL0717 == 1 &amp;&amp; RL0717_0721_D==0 &amp;&amp; RL0717_0809_D==0</Equation>
         <Equation>3::RL0717_0721_D==1 || RL0717_0809_D==1</Equation>
      </States>
   </Equipment>
   <Equipment name="S0717" type="Signal" flavor="Release" CommandTimeOut="" AlarmTimeout="">
      <States>
         <Equation>1::S_REL0717 == 0 &amp;&amp; (RL0717_0721_D==0 &amp;&amp; RL0717_0809_D==0)</Equation>
         <Equation>2::S_REL0717 == 0 &amp;&amp; (RL0717_0721_D==1 || RL0717_0809_D==1)</Equation>
         <Equation>3::S_REL0717 == 1 &amp;&amp; (RL0717_0721_D==1 || RL0717_0809_D==1)</Equation>
      </States>
   </Equipment>
   <Equipment name="S0717" type="Signal" flavor="Lamp" CommandTimeOut="" AlarmTimeout="">
      <States>
         <Equation>1::SPLS0717 == 0</Equation>
         <Equation>2::SPLS0717 == 1</Equation>
      </States>
      <StateAlarms>
         <Equation>S_RED_FAILURE[1]::SPLS0717==0 &amp;&amp; S0717_OFF==0</Equation>
         <Equation>S_WHITE_FAILURE[2]::SPLS0717==0 &amp;&amp; S0717_OFF==1</Equation>
      </StateAlarms>
   </Equipment>
   <Equipment name="S0717" type="Signal" flavor="Fleet">
      <States>
         <Equation>2::AR0717_0809==0</Equation>
         <Equation>3::RL0717_0809_D==1&amp;&amp;AR0717_0809==1</Equation>
      </States>
   </Equipment>
   <Equipment name="S0717" type="Signal" flavor="Detection" CommandTimeOut="" AlarmTimeout="">
      <States>
         <Equation>S_STOP[0]::S0717_OFF == 0</Equation>
         <Equation>S_PERMISSIVE[1]::S0717_OFF == 1</Equation>
      </States>
   </Equipment>
   <Equipment name="S0717" type="Signal" flavor="HMI" CommandTimeOut="" AlarmTimeout="">
      <States>
         <Equation>NOEVENT[0]:: 1==1</Equation>
      </States>
   </Equipment>
   <Equipment name="S0723" type="Signal" flavor="Lamp" CommandTimeOut="" AlarmTimeout="">
      <States>
         <Equation>1::SPLS0723 == 0</Equation>
         <Equation>2::SPLS0723 == 1</Equation>
      </States>
      <StateAlarms>
         <Equation>S_RED_FAILURE[1]::SPLS0723==0 &amp;&amp; S0723_OFF==0</Equation>
         <Equation>S_WHITE_FAILURE[2]::SPLS0723==0 &amp;&amp; S0723_OFF==1</Equation>
      </StateAlarms>
   </Equipment>
   <Equipment name="S0723" type="Signal" flavor="Detection" CommandTimeOut="" AlarmTimeout="">
      <States>
         <Equation>S_STOP[0]::S0723_OFF == 0</Equation>
         <Equation>S_PERMISSIVE[1]::S0723_OFF == 1</Equation>
      </States>
   </Equipment>
   <Equipment name="S0723" type="Signal" flavor="HMI" CommandTimeOut="" AlarmTimeout="">
      <States>
         <Equation>NOEVENT[0]:: 1==1</Equation>
      </States>
   </Equipment>
   <Equipment name="S0727" type="Signal" flavor="Lamp" CommandTimeOut="" AlarmTimeout="">
      <States>
         <Equation>1::SPLS0727 == 0</Equation>
         <Equation>2::SPLS0727 == 1</Equation>
      </States>
      <StateAlarms>
         <Equation>S_RED_FAILURE[1]::SPLS0727==0 &amp;&amp; S0727_OFF==0</Equation>
         <Equation>S_WHITE_FAILURE[2]::SPLS0727==0 &amp;&amp; S0727_OFF==1</Equation>
      </StateAlarms>
   </Equipment>
   <Equipment name="S0727" type="Signal" flavor="Detection" CommandTimeOut="" AlarmTimeout="">
      <States>
         <Equation>S_STOP[0]::S0727_OFF == 0</Equation>
         <Equation>S_PERMISSIVE[1]::S0727_OFF == 1</Equation>
      </States>
   </Equipment>
   <Equipment name="S0727" type="Signal" flavor="HMI" CommandTimeOut="" AlarmTimeout="">
      <States>
         <Equation>NOEVENT[0]:: 1==1</Equation>
      </States>
   </Equipment>
   <Equipment name="S0707" type="Signal" flavor="Detection" CommandTimeOut="" AlarmTimeout="">
      <States>
         <Equation>S_STOP[0]::S0707_OFF == 0</Equation>
         <Equation>S_PERMISSIVE[1]::S0707_OFF == 1</Equation>
      </States>
   </Equipment>
   <Equipment name="S0707" type="Signal" flavor="ALS" CommandTimeOut="" AlarmTimeout="">
      <States>
         <Equation>S_APPROACH_FREE[1]::ALS0707 == 1</Equation>
         <Equation>S_APPROACH_LOCKED[2]::ALS0707 == 0</Equation>
         <Equation>NOEVENT[0]::1 == 1</Equation>
      </States>
   </Equipment>
   <Equipment name="S0707" type="Signal" flavor="HMI" CommandTimeOut="" AlarmTimeout="">
      <States>
         <Equation>1::S0707_OFF == 1 &amp;&amp; ALS0707 ==1</Equation>
         <Equation>2::S0707_OFF == 0 &amp;&amp; ALS0707 ==1</Equation>
         <Equation>3::S0707_OFF == 0 &amp;&amp; ALS0707 == 0</Equation>
         <Equation>4::S0707_OFF == 1 &amp;&amp; ALS0707 == 0</Equation>
         <Equation>0::1==1</Equation>
      </States>
   </Equipment>
   <Equipment name="S0707" type="Signal" flavor="Blocking" CommandTimeOut="" AlarmTimeout="">
      <States>
         <Equation>S_NOTBLOCKING[1]::MSC0707 == 1</Equation>
         <Equation>S_BLOCKING[2]::MSC0707 == 0</Equation>
      </States>
      <Requisites>
         <Equation>PREP_SBC0707[PREP_SBC]::PREP_SBC07==0</Equation>
         <Equation>PREP_SUC0707[PREP_SUC]::PREP_SUC07==0</Equation>
         <Equation>CONF_SBC0707[CONF_SBC]::1</Equation>
         <Equation>CONF_SUC0707[CONF_SUC]::1</Equation>
      </Requisites>
      <CommandResults>
         <Equation>PREP_SBC0707[PREP_SBC_RES]::PREP_SBC07==1</Equation>
         <Equation>PREP_SUC0707[PREP_SUC_RES]::PREP_SUC07==1</Equation>
         <Equation>CONF_SBC0707[CONF_SBC_RES]::MSC0707== 0</Equation>
         <Equation>CONF_SUC0707[CONF_SUC_RES]::MSC0707== 1</Equation>
      </CommandResults>
   </Equipment>
   <Equipment name="S0707" type="Signal" flavor="Automatic" CommandTimeOut="" AlarmTimeout="">
      <States>
         <Equation>1::RL0707_0715_D==0</Equation>
         <Equation>2::S_SEL0707 == 1 &amp;&amp; RL0707_0715_D==0</Equation>
         <Equation>3::RL0707_0715_D==1</Equation>
      </States>
   </Equipment>
   <Equipment name="S0707" type="Signal" flavor="Release" CommandTimeOut="" AlarmTimeout="">
      <States>
         <Equation>1::S_REL0707 == 0 &amp;&amp; (RL0707_0715_D==0)</Equation>
         <Equation>2::S_REL0707 == 0 &amp;&amp; (RL0707_0715_D==1)</Equation>
         <Equation>3::S_REL0707 == 1 &amp;&amp; (RL0707_0715_D==1)</Equation>
      </States>
   </Equipment>
   <Equipment name="S0707" type="Signal" flavor="Lamp" CommandTimeOut="" AlarmTimeout="">
      <States>
         <Equation>1::SPLS0707 == 0</Equation>
         <Equation>2::SPLS0707 == 1</Equation>
      </States>
      <StateAlarms>
         <Equation>S_RED_FAILURE[1]::SPLS0707==0 &amp;&amp; S0707_OFF==0</Equation>
         <Equation>S_WHITE_FAILURE[2]::SPLS0707==0 &amp;&amp; S0707_OFF==1</Equation>
      </StateAlarms>
   </Equipment>
   <Equipment name="S0707" type="Signal" flavor="Detection" CommandTimeOut="" AlarmTimeout="">
      <States>
         <Equation>S_STOP[0]::S0707_OFF == 0</Equation>
         <Equation>S_PERMISSIVE[1]::S0707_OFF == 1</Equation>
      </States>
   </Equipment>
   <Equipment name="S0707" type="Signal" flavor="HMI" CommandTimeOut="" AlarmTimeout="">
      <States>
         <Equation>NOEVENT[0]:: 1==1</Equation>
      </States>
   </Equipment>
   <Equipment name="S0711" type="Signal" flavor="Lamp" CommandTimeOut="" AlarmTimeout="">
      <States>
         <Equation>1::SPLS0711 == 0</Equation>
         <Equation>2::SPLS0711 == 1</Equation>
      </States>
      <StateAlarms>
         <Equation>S_RED_FAILURE[1]::SPLS0711==0 &amp;&amp; S0711_OFF==0</Equation>
         <Equation>S_WHITE_FAILURE[2]::SPLS0711==0 &amp;&amp; S0711_OFF==1</Equation>
      </StateAlarms>
   </Equipment>
   <Equipment name="S0711" type="Signal" flavor="Detection" CommandTimeOut="" AlarmTimeout="">
      <States>
         <Equation>S_STOP[0]::S0711_OFF == 0</Equation>
         <Equation>S_PERMISSIVE[1]::S0711_OFF == 1</Equation>
      </States>
   </Equipment>
   <Equipment name="S0711" type="Signal" flavor="HMI" CommandTimeOut="" AlarmTimeout="">
      <States>
         <Equation>NOEVENT[0]:: 1==1</Equation>
      </States>
   </Equipment>
   <Equipment name="S0715" type="Signal" flavor="Detection" CommandTimeOut="" AlarmTimeout="">
      <States>
         <Equation>S_STOP[0]::S0715_OFF == 0</Equation>
         <Equation>S_PERMISSIVE[1]::S0715_OFF == 1</Equation>
      </States>
   </Equipment>
   <Equipment name="S0715" type="Signal" flavor="ALS" CommandTimeOut="" AlarmTimeout="">
      <States>
         <Equation>S_APPROACH_FREE[1]::ALS0715 == 1</Equation>
         <Equation>S_APPROACH_LOCKED[2]::ALS0715 == 0</Equation>
         <Equation>NOEVENT[0]::1 == 1</Equation>
      </States>
   </Equipment>
   <Equipment name="S0715" type="Signal" flavor="HMI" CommandTimeOut="" AlarmTimeout="">
      <States>
         <Equation>1::S0715_OFF == 1 &amp;&amp; ALS0715 ==1</Equation>
         <Equation>2::S0715_OFF == 0 &amp;&amp; ALS0715 ==1</Equation>
         <Equation>3::S0715_OFF == 0 &amp;&amp; ALS0715 == 0</Equation>
         <Equation>4::S0715_OFF == 1 &amp;&amp; ALS0715 == 0</Equation>
         <Equation>0::1==1</Equation>
      </States>
   </Equipment>
   <Equipment name="S0715" type="Signal" flavor="Blocking" CommandTimeOut="" AlarmTimeout="">
      <States>
         <Equation>S_NOTBLOCKING[1]::MSC0715 == 1</Equation>
         <Equation>S_BLOCKING[2]::MSC0715 == 0</Equation>
      </States>
      <Requisites>
         <Equation>PREP_SBC0715[PREP_SBC]::PREP_SBC07==0</Equation>
         <Equation>PREP_SUC0715[PREP_SUC]::PREP_SUC07==0</Equation>
         <Equation>CONF_SBC0715[CONF_SBC]::1</Equation>
         <Equation>CONF_SUC0715[CONF_SUC]::1</Equation>
      </Requisites>
      <CommandResults>
         <Equation>PREP_SBC0715[PREP_SBC_RES]::PREP_SBC07==1</Equation>
         <Equation>PREP_SUC0715[PREP_SUC_RES]::PREP_SUC07==1</Equation>
         <Equation>CONF_SBC0715[CONF_SBC_RES]::MSC0715== 0</Equation>
         <Equation>CONF_SUC0715[CONF_SUC_RES]::MSC0715== 1</Equation>
      </CommandResults>
   </Equipment>
   <Equipment name="S0715" type="Signal" flavor="Automatic" CommandTimeOut="" AlarmTimeout="">
      <States>
         <Equation>1::RL0715_0719_D==0</Equation>
         <Equation>2::S_SEL0715 == 1 &amp;&amp; RL0715_0719_D==0</Equation>
         <Equation>3::RL0715_0719_D==1</Equation>
      </States>
   </Equipment>
   <Equipment name="S0715" type="Signal" flavor="Release" CommandTimeOut="" AlarmTimeout="">
      <States>
         <Equation>1::S_REL0715 == 0 &amp;&amp; (RL0715_0719_D==0)</Equation>
         <Equation>2::S_REL0715 == 0 &amp;&amp; (RL0715_0719_D==1)</Equation>
         <Equation>3::S_REL0715 == 1 &amp;&amp; (RL0715_0719_D==1)</Equation>
      </States>
   </Equipment>
   <Equipment name="S0715" type="Signal" flavor="Lamp" CommandTimeOut="" AlarmTimeout="">
      <States>
         <Equation>1::SPLS0715 == 0</Equation>
         <Equation>2::SPLS0715 == 1</Equation>
      </States>
      <StateAlarms>
         <Equation>S_RED_FAILURE[1]::SPLS0715==0 &amp;&amp; S0715_OFF==0</Equation>
         <Equation>S_WHITE_FAILURE[2]::SPLS0715==0 &amp;&amp; S0715_OFF==1</Equation>
      </StateAlarms>
   </Equipment>
   <Equipment name="S0715" type="Signal" flavor="Detection" CommandTimeOut="" AlarmTimeout="">
      <States>
         <Equation>S_STOP[0]::S0715_OFF == 0</Equation>
         <Equation>S_PERMISSIVE[1]::S0715_OFF == 1</Equation>
      </States>
   </Equipment>
   <Equipment name="S0715" type="Signal" flavor="HMI" CommandTimeOut="" AlarmTimeout="">
      <States>
         <Equation>NOEVENT[0]:: 1==1</Equation>
      </States>
   </Equipment>
   <Equipment name="S0719" type="Signal" flavor="Detection" CommandTimeOut="" AlarmTimeout="">
      <States>
         <Equation>S_STOP[0]::S0719_OFF == 0</Equation>
         <Equation>S_PERMISSIVE[1]::S0719_OFF == 1</Equation>
      </States>
   </Equipment>
   <Equipment name="S0719" type="Signal" flavor="ALS" CommandTimeOut="" AlarmTimeout="">
      <States>
         <Equation>S_APPROACH_FREE[1]::ALS0719 == 1</Equation>
         <Equation>S_APPROACH_LOCKED[2]::ALS0719 == 0</Equation>
         <Equation>NOEVENT[0]::1 == 1</Equation>
      </States>
   </Equipment>
   <Equipment name="S0719" type="Signal" flavor="HMI" CommandTimeOut="" AlarmTimeout="">
      <States>
         <Equation>1::S0719_OFF == 1 &amp;&amp; ALS0719 ==1</Equation>
         <Equation>2::S0719_OFF == 0 &amp;&amp; ALS0719 ==1</Equation>
         <Equation>3::S0719_OFF == 0 &amp;&amp; ALS0719 == 0</Equation>
         <Equation>4::S0719_OFF == 1 &amp;&amp; ALS0719 == 0</Equation>
         <Equation>0::1==1</Equation>
      </States>
   </Equipment>
   <Equipment name="S0719" type="Signal" flavor="Blocking" CommandTimeOut="" AlarmTimeout="">
      <States>
         <Equation>S_NOTBLOCKING[1]::MSC0719 == 1</Equation>
         <Equation>S_BLOCKING[2]::MSC0719 == 0</Equation>
      </States>
      <Requisites>
         <Equation>PREP_SBC0719[PREP_SBC]::PREP_SBC07==0</Equation>
         <Equation>PREP_SUC0719[PREP_SUC]::PREP_SUC07==0</Equation>
         <Equation>CONF_SBC0719[CONF_SBC]::1</Equation>
         <Equation>CONF_SUC0719[CONF_SUC]::1</Equation>
      </Requisites>
      <CommandResults>
         <Equation>PREP_SBC0719[PREP_SBC_RES]::PREP_SBC07==1</Equation>
         <Equation>PREP_SUC0719[PREP_SUC_RES]::PREP_SUC07==1</Equation>
         <Equation>CONF_SBC0719[CONF_SBC_RES]::MSC0719== 0</Equation>
         <Equation>CONF_SUC0719[CONF_SUC_RES]::MSC0719== 1</Equation>
      </CommandResults>
   </Equipment>
   <Equipment name="S0719" type="Signal" flavor="Automatic" CommandTimeOut="" AlarmTimeout="">
      <States>
         <Equation>1::RL0719_0721_D==0</Equation>
         <Equation>2::S_SEL0719 == 1 &amp;&amp; RL0719_0721_D==0</Equation>
         <Equation>3::RL0719_0721_D==1</Equation>
      </States>
   </Equipment>
   <Equipment name="S0719" type="Signal" flavor="Release" CommandTimeOut="" AlarmTimeout="">
      <States>
         <Equation>1::S_REL0719 == 0 &amp;&amp; (RL0719_0721_D==0)</Equation>
         <Equation>2::S_REL0719 == 0 &amp;&amp; (RL0719_0721_D==1)</Equation>
         <Equation>3::S_REL0719 == 1 &amp;&amp; (RL0719_0721_D==1)</Equation>
      </States>
   </Equipment>
   <Equipment name="S0719" type="Signal" flavor="Lamp" CommandTimeOut="" AlarmTimeout="">
      <States>
         <Equation>1::SPLS0719 == 0</Equation>
         <Equation>2::SPLS0719 == 1</Equation>
      </States>
      <StateAlarms>
         <Equation>S_RED_FAILURE[1]::SPLS0719==0 &amp;&amp; S0719_OFF==0</Equation>
         <Equation>S_WHITE_FAILURE[2]::SPLS0719==0 &amp;&amp; S0719_OFF==1</Equation>
      </StateAlarms>
   </Equipment>
   <Equipment name="S0719" type="Signal" flavor="Detection" CommandTimeOut="" AlarmTimeout="">
      <States>
         <Equation>S_STOP[0]::S0719_OFF == 0</Equation>
         <Equation>S_PERMISSIVE[1]::S0719_OFF == 1</Equation>
      </States>
   </Equipment>
   <Equipment name="S0719" type="Signal" flavor="HMI" CommandTimeOut="" AlarmTimeout="">
      <States>
         <Equation>NOEVENT[0]:: 1==1</Equation>
      </States>
   </Equipment>
   <Equipment name="S0721" type="Signal" flavor="Detection" CommandTimeOut="" AlarmTimeout="">
      <States>
         <Equation>S_STOP[0]::S0721_OFF == 0</Equation>
         <Equation>S_PERMISSIVE[1]::S0721_OFF == 1</Equation>
      </States>
   </Equipment>
   <Equipment name="S0721" type="Signal" flavor="ALS" CommandTimeOut="" AlarmTimeout="">
      <States>
         <Equation>S_APPROACH_FREE[1]::ALS0721 == 1</Equation>
         <Equation>S_APPROACH_LOCKED[2]::ALS0721 == 0</Equation>
         <Equation>NOEVENT[0]::1 == 1</Equation>
      </States>
   </Equipment>
   <Equipment name="S0721" type="Signal" flavor="HMI" CommandTimeOut="" AlarmTimeout="">
      <States>
         <Equation>1::S0721_OFF == 1 &amp;&amp; ALS0721 ==1</Equation>
         <Equation>2::S0721_OFF == 0 &amp;&amp; ALS0721 ==1</Equation>
         <Equation>3::S0721_OFF == 0 &amp;&amp; ALS0721 == 0</Equation>
         <Equation>4::S0721_OFF == 1 &amp;&amp; ALS0721 == 0</Equation>
         <Equation>0::1==1</Equation>
      </States>
   </Equipment>
   <Equipment name="S0721" type="Signal" flavor="Blocking" CommandTimeOut="" AlarmTimeout="">
      <States>
         <Equation>S_NOTBLOCKING[1]::MSC0721 == 1</Equation>
         <Equation>S_BLOCKING[2]::MSC0721 == 0</Equation>
      </States>
      <Requisites>
         <Equation>PREP_SBC0721[PREP_SBC]::PREP_SBC07==0</Equation>
         <Equation>PREP_SUC0721[PREP_SUC]::PREP_SUC07==0</Equation>
         <Equation>CONF_SBC0721[CONF_SBC]::1</Equation>
         <Equation>CONF_SUC0721[CONF_SUC]::1</Equation>
      </Requisites>
      <CommandResults>
         <Equation>PREP_SBC0721[PREP_SBC_RES]::PREP_SBC07==1</Equation>
         <Equation>PREP_SUC0721[PREP_SUC_RES]::PREP_SUC07==1</Equation>
         <Equation>CONF_SBC0721[CONF_SBC_RES]::MSC0721== 0</Equation>
         <Equation>CONF_SUC0721[CONF_SUC_RES]::MSC0721== 1</Equation>
      </CommandResults>
   </Equipment>
   <Equipment name="S0721" type="Signal" flavor="Automatic" CommandTimeOut="" AlarmTimeout="">
      <States>
         <Equation>1::RL0721_0811_D==0</Equation>
         <Equation>2::S_SEL0721 == 1 &amp;&amp; RL0721_0811_D==0</Equation>
         <Equation>3::RL0721_0811_D==1</Equation>
      </States>
   </Equipment>
   <Equipment name="S0721" type="Signal" flavor="Release" CommandTimeOut="" AlarmTimeout="">
      <States>
         <Equation>1::S_REL0721 == 0 &amp;&amp; (RL0721_0811_D==0)</Equation>
         <Equation>2::S_REL0721 == 0 &amp;&amp; (RL0721_0811_D==1)</Equation>
         <Equation>3::S_REL0721 == 1 &amp;&amp; (RL0721_0811_D==1)</Equation>
      </States>
   </Equipment>
   <Equipment name="S0721" type="Signal" flavor="Lamp" CommandTimeOut="" AlarmTimeout="">
      <States>
         <Equation>1::SPLS0721 == 0</Equation>
         <Equation>2::SPLS0721 == 1</Equation>
      </States>
      <StateAlarms>
         <Equation>S_RED_FAILURE[1]::SPLS0721==0 &amp;&amp; S0721_OFF==0</Equation>
         <Equation>S_WHITE_FAILURE[2]::SPLS0721==0 &amp;&amp; S0721_OFF==1</Equation>
      </StateAlarms>
   </Equipment>
   <Equipment name="S0721" type="Signal" flavor="Detection" CommandTimeOut="" AlarmTimeout="">
      <States>
         <Equation>S_STOP[0]::S0721_OFF == 0</Equation>
         <Equation>S_PERMISSIVE[1]::S0721_OFF == 1</Equation>
      </States>
   </Equipment>
   <Equipment name="S0721" type="Signal" flavor="HMI" CommandTimeOut="" AlarmTimeout="">
      <States>
         <Equation>NOEVENT[0]:: 1==1</Equation>
      </States>
   </Equipment>
   <Equipment name="S0725" type="Signal" flavor="Lamp" CommandTimeOut="" AlarmTimeout="">
      <States>
         <Equation>1::SPLS0725 == 0</Equation>
         <Equation>2::SPLS0725 == 1</Equation>
      </States>
      <StateAlarms>
         <Equation>S_RED_FAILURE[1]::SPLS0725==0 &amp;&amp; S0725_OFF==0</Equation>
         <Equation>S_WHITE_FAILURE[2]::SPLS0725==0 &amp;&amp; S0725_OFF==1</Equation>
      </StateAlarms>
   </Equipment>
   <Equipment name="S0725" type="Signal" flavor="Detection" CommandTimeOut="" AlarmTimeout="">
      <States>
         <Equation>S_STOP[0]::S0725_OFF == 0</Equation>
         <Equation>S_PERMISSIVE[1]::S0725_OFF == 1</Equation>
      </States>
   </Equipment>
   <Equipment name="S0725" type="Signal" flavor="HMI" CommandTimeOut="" AlarmTimeout="">
      <States>
         <Equation>NOEVENT[0]:: 1==1</Equation>
      </States>
   </Equipment>
   <Equipment name="S0729" type="Signal" flavor="Lamp" CommandTimeOut="" AlarmTimeout="">
      <States>
         <Equation>1::SPLS0729 == 0</Equation>
         <Equation>2::SPLS0729 == 1</Equation>
      </States>
      <StateAlarms>
         <Equation>S_RED_FAILURE[1]::SPLS0729==0 &amp;&amp; S0729_OFF==0</Equation>
         <Equation>S_WHITE_FAILURE[2]::SPLS0729==0 &amp;&amp; S0729_OFF==1</Equation>
      </StateAlarms>
   </Equipment>
   <Equipment name="S0729" type="Signal" flavor="Detection" CommandTimeOut="" AlarmTimeout="">
      <States>
         <Equation>S_STOP[0]::S0729_OFF == 0</Equation>
         <Equation>S_PERMISSIVE[1]::S0729_OFF == 1</Equation>
      </States>
   </Equipment>
   <Equipment name="S0729" type="Signal" flavor="HMI" CommandTimeOut="" AlarmTimeout="">
      <States>
         <Equation>NOEVENT[0]:: 1==1</Equation>
      </States>
   </Equipment>
   <Equipment name="S0701" type="Signal" flavor="Detection" CommandTimeOut="" AlarmTimeout="">
      <States>
         <Equation>S_STOP[0]::S0701_OFF == 0</Equation>
         <Equation>S_PERMISSIVE[1]::S0701_OFF == 1</Equation>
      </States>
   </Equipment>
   <Equipment name="S0701" type="Signal" flavor="ALS" CommandTimeOut="" AlarmTimeout="">
      <States>
         <Equation>S_APPROACH_FREE[1]::ALS0701 == 1</Equation>
         <Equation>S_APPROACH_LOCKED[2]::ALS0701 == 0</Equation>
         <Equation>NOEVENT[0]::1 == 1</Equation>
      </States>
   </Equipment>
   <Equipment name="S0701" type="Signal" flavor="HMI" CommandTimeOut="" AlarmTimeout="">
      <States>
         <Equation>1::S0701_OFF == 1 &amp;&amp; ALS0701 ==1</Equation>
         <Equation>2::S0701_OFF == 0 &amp;&amp; ALS0701 ==1</Equation>
         <Equation>3::S0701_OFF == 0 &amp;&amp; ALS0701 == 0</Equation>
         <Equation>4::S0701_OFF == 1 &amp;&amp; ALS0701 == 0</Equation>
         <Equation>0::1==1</Equation>
      </States>
   </Equipment>
   <Equipment name="S0701" type="Signal" flavor="Blocking" CommandTimeOut="" AlarmTimeout="">
      <States>
         <Equation>S_NOTBLOCKING[1]::MSC0701 == 1</Equation>
         <Equation>S_BLOCKING[2]::MSC0701 == 0</Equation>
      </States>
      <Requisites>
         <Equation>PREP_SBC0701[PREP_SBC]::PREP_SBC07==0</Equation>
         <Equation>PREP_SUC0701[PREP_SUC]::PREP_SUC07==0</Equation>
         <Equation>CONF_SBC0701[CONF_SBC]::1</Equation>
         <Equation>CONF_SUC0701[CONF_SUC]::1</Equation>
      </Requisites>
      <CommandResults>
         <Equation>PREP_SBC0701[PREP_SBC_RES]::PREP_SBC07==1</Equation>
         <Equation>PREP_SUC0701[PREP_SUC_RES]::PREP_SUC07==1</Equation>
         <Equation>CONF_SBC0701[CONF_SBC_RES]::MSC0701== 0</Equation>
         <Equation>CONF_SUC0701[CONF_SUC_RES]::MSC0701== 1</Equation>
      </CommandResults>
   </Equipment>
   <Equipment name="S0701" type="Signal" flavor="Automatic" CommandTimeOut="" AlarmTimeout="">
      <States>
         <Equation>1::RL0701_0713_D==0 &amp;&amp; RL0701_0715_D==0</Equation>
         <Equation>2::S_SEL0701 == 1 &amp;&amp; RL0701_0713_D==0 &amp;&amp; RL0701_0715_D==0</Equation>
         <Equation>3::RL0701_0713_D==1 || RL0701_0715_D==1</Equation>
      </States>
   </Equipment>
   <Equipment name="S0701" type="Signal" flavor="Release" CommandTimeOut="" AlarmTimeout="">
      <States>
         <Equation>1::S_REL0701 == 0 &amp;&amp; (RL0701_0713_D==0 &amp;&amp; RL0701_0715_D==0)</Equation>
         <Equation>2::S_REL0701 == 0 &amp;&amp; (RL0701_0713_D==1 || RL0701_0715_D==1)</Equation>
         <Equation>3::S_REL0701 == 1 &amp;&amp; (RL0701_0713_D==1 || RL0701_0715_D==1)</Equation>
      </States>
   </Equipment>
   <Equipment name="S0701" type="Signal" flavor="Lamp" CommandTimeOut="" AlarmTimeout="">
      <States>
         <Equation>1::SPLS0701 == 0</Equation>
         <Equation>2::SPLS0701 == 1</Equation>
      </States>
      <StateAlarms>
         <Equation>S_RED_FAILURE[1]::SPLS0701==0 &amp;&amp; S0701_OFF==0</Equation>
         <Equation>S_WHITE_FAILURE[2]::SPLS0701==0 &amp;&amp; S0701_OFF==1</Equation>
      </StateAlarms>
   </Equipment>
   <Equipment name="S0701" type="Signal" flavor="Detection" CommandTimeOut="" AlarmTimeout="">
      <States>
         <Equation>S_STOP[0]::S0701_OFF == 0</Equation>
         <Equation>S_PERMISSIVE[1]::S0701_OFF == 1</Equation>
      </States>
   </Equipment>
   <Equipment name="S0701" type="Signal" flavor="HMI" CommandTimeOut="" AlarmTimeout="">
      <States>
         <Equation>NOEVENT[0]:: 1==1</Equation>
      </States>
   </Equipment>
   <Equipment name="S0703" type="Signal" flavor="Detection" CommandTimeOut="" AlarmTimeout="">
      <States>
         <Equation>S_STOP[0]::S0703_OFF == 0</Equation>
         <Equation>S_PERMISSIVE[1]::S0703_OFF == 1</Equation>
      </States>
   </Equipment>
   <Equipment name="S0703" type="Signal" flavor="ALS" CommandTimeOut="" AlarmTimeout="">
      <States>
         <Equation>S_APPROACH_FREE[1]::ALS0703 == 1</Equation>
         <Equation>S_APPROACH_LOCKED[2]::ALS0703 == 0</Equation>
         <Equation>NOEVENT[0]::1 == 1</Equation>
      </States>
   </Equipment>
   <Equipment name="S0703" type="Signal" flavor="HMI" CommandTimeOut="" AlarmTimeout="">
      <States>
         <Equation>1::S0703_OFF == 1 &amp;&amp; ALS0703 ==1</Equation>
         <Equation>2::S0703_OFF == 0 &amp;&amp; ALS0703 ==1</Equation>
         <Equation>3::S0703_OFF == 0 &amp;&amp; ALS0703 == 0</Equation>
         <Equation>4::S0703_OFF == 1 &amp;&amp; ALS0703 == 0</Equation>
         <Equation>0::1==1</Equation>
      </States>
   </Equipment>
   <Equipment name="S0703" type="Signal" flavor="Blocking" CommandTimeOut="" AlarmTimeout="">
      <States>
         <Equation>S_NOTBLOCKING[1]::MSC0703 == 1</Equation>
         <Equation>S_BLOCKING[2]::MSC0703 == 0</Equation>
      </States>
      <Requisites>
         <Equation>PREP_SBC0703[PREP_SBC]::PREP_SBC07==0</Equation>
         <Equation>PREP_SUC0703[PREP_SUC]::PREP_SUC07==0</Equation>
         <Equation>CONF_SBC0703[CONF_SBC]::1</Equation>
         <Equation>CONF_SUC0703[CONF_SUC]::1</Equation>
      </Requisites>
      <CommandResults>
         <Equation>PREP_SBC0703[PREP_SBC_RES]::PREP_SBC07==1</Equation>
         <Equation>PREP_SUC0703[PREP_SUC_RES]::PREP_SUC07==1</Equation>
         <Equation>CONF_SBC0703[CONF_SBC_RES]::MSC0703== 0</Equation>
         <Equation>CONF_SUC0703[CONF_SUC_RES]::MSC0703== 1</Equation>
      </CommandResults>
   </Equipment>
   <Equipment name="S0703" type="Signal" flavor="Automatic" CommandTimeOut="" AlarmTimeout="">
      <States>
         <Equation>1::RL0703_0713_D==0 &amp;&amp; RL0703_0715_D==0</Equation>
         <Equation>2::S_SEL0703 == 1 &amp;&amp; RL0703_0713_D==0 &amp;&amp; RL0703_0715_D==0</Equation>
         <Equation>3::RL0703_0713_D==1 || RL0703_0715_D==1</Equation>
      </States>
   </Equipment>
   <Equipment name="S0703" type="Signal" flavor="Release" CommandTimeOut="" AlarmTimeout="">
      <States>
         <Equation>1::S_REL0703 == 0 &amp;&amp; (RL0703_0713_D==0 &amp;&amp; RL0703_0715_D==0)</Equation>
         <Equation>2::S_REL0703 == 0 &amp;&amp; (RL0703_0713_D==1 || RL0703_0715_D==1)</Equation>
         <Equation>3::S_REL0703 == 1 &amp;&amp; (RL0703_0713_D==1 || RL0703_0715_D==1)</Equation>
      </States>
   </Equipment>
   <Equipment name="S0703" type="Signal" flavor="Lamp" CommandTimeOut="" AlarmTimeout="">
      <States>
         <Equation>1::SPLS0703 == 0</Equation>
         <Equation>2::SPLS0703 == 1</Equation>
      </States>
      <StateAlarms>
         <Equation>S_RED_FAILURE[1]::SPLS0703==0 &amp;&amp; S0703_OFF==0</Equation>
         <Equation>S_WHITE_FAILURE[2]::SPLS0703==0 &amp;&amp; S0703_OFF==1</Equation>
      </StateAlarms>
   </Equipment>
   <Equipment name="S0703" type="Signal" flavor="Detection" CommandTimeOut="" AlarmTimeout="">
      <States>
         <Equation>S_STOP[0]::S0703_OFF == 0</Equation>
         <Equation>S_PERMISSIVE[1]::S0703_OFF == 1</Equation>
      </States>
   </Equipment>
   <Equipment name="S0703" type="Signal" flavor="HMI" CommandTimeOut="" AlarmTimeout="">
      <States>
         <Equation>NOEVENT[0]:: 1==1</Equation>
      </States>
   </Equipment>
</SignallingRules>